{
"type": "FeatureCollection",
"name": "iasi_17_zone_mva_mvi",
"crs": { "type": "name", "properties": { "name": "urn:ogc:def:crs:OGC:1.3:CRS84" } },
"features": [
{ "type": "Feature", "properties": { "zone_id": "IAS-Z01", "zone_name": "Bularga – Zona Industrială", "Id": 2771, "Shape_Area": 10225838.7993, "denumire": "BULARGA-ZONA INDUSTRIALA", "acces_mult": "MEDIE" }, "geometry": { "type": "Polygon", "coordinates": [ [ [ 27.642151821605694, 47.150360033518041 ], [ 27.643171164709148, 47.150537693029612 ], [ 27.64362488440803, 47.150912188712802 ], [ 27.645648300053338, 47.151653618284115 ], [ 27.64496190816223, 47.152651188974566 ], [ 27.645670072705727, 47.15317529339756 ], [ 27.651083519001485, 47.152751478717363 ], [ 27.651242671583855, 47.15360851488154 ], [ 27.653256681285718, 47.154445349869 ], [ 27.654164269798375, 47.154116661566796 ], [ 27.653866366651322, 47.152453253527774 ], [ 27.65544723051115, 47.152390587877328 ], [ 27.655710878118676, 47.15236526864922 ], [ 27.65570764937171, 47.152341873322413 ], [ 27.655707357620152, 47.152339758050843 ], [ 27.655698100070445, 47.152272670489353 ], [ 27.655665216219106, 47.152034380763226 ], [ 27.655587044774443, 47.151467921155735 ], [ 27.655579387771375, 47.1513955710533 ], [ 27.655635816847095, 47.151235392920945 ], [ 27.656266613580183, 47.151217232305257 ], [ 27.656264696252588, 47.151180806822765 ], [ 27.656257272768812, 47.151039815640239 ], [ 27.656654782380535, 47.151016783270947 ], [ 27.656915039658919, 47.15100170353648 ], [ 27.657328455532824, 47.150977747095659 ], [ 27.657981118414767, 47.15093992441787 ], [ 27.658596785339711, 47.150913797294628 ], [ 27.659048021100805, 47.150887492592716 ], [ 27.659444618027241, 47.150864371700287 ], [ 27.659650142081706, 47.150755625666307 ], [ 27.660033542886737, 47.150901009534223 ], [ 27.660157083470164, 47.15092014045738 ], [ 27.66041627985074, 47.150914175279588 ], [ 27.660904436444817, 47.15090293920219 ], [ 27.661143682193458, 47.150897431641994 ], [ 27.661313023589368, 47.150864613638497 ], [ 27.661574726024263, 47.150787087026693 ], [ 27.661720880722431, 47.150739853955393 ], [ 27.661758196253519, 47.151251888032007 ], [ 27.661767241697, 47.151375991847402 ], [ 27.66179122803975, 47.151705111925601 ], [ 27.662113824966355, 47.151675245694456 ], [ 27.662956306905539, 47.151597243975907 ], [ 27.663944823019634, 47.151505714377691 ], [ 27.66492466364404, 47.151414979220682 ], [ 27.665335174927947, 47.151370837491662 ], [ 27.665654430330221, 47.151342960570396 ], [ 27.665653312636845, 47.151253398828246 ], [ 27.66561826566279, 47.151049056174557 ], [ 27.665588145815427, 47.150873435595834 ], [ 27.665616795649413, 47.150872490555116 ], [ 27.665645445527172, 47.150871546406286 ], [ 27.666163442426743, 47.150854471384235 ], [ 27.666295010474823, 47.150789835352327 ], [ 27.666817774136849, 47.150533011146983 ], [ 27.667492760327612, 47.150345883769404 ], [ 27.667985331708461, 47.150467190976606 ], [ 27.668224108223427, 47.150763865790836 ], [ 27.668440190704089, 47.151090443279855 ], [ 27.668785502610959, 47.151063571487555 ], [ 27.669144459910108, 47.151026738366923 ], [ 27.670058141382658, 47.15094603261624 ], [ 27.670971821273444, 47.150865319640104 ], [ 27.6715509985717, 47.150809639645061 ], [ 27.672144225845734, 47.150755783620959 ], [ 27.67292209950266, 47.150685159764151 ], [ 27.673530327365846, 47.150629934620774 ], [ 27.673900307209614, 47.150589603729443 ], [ 27.674071865961984, 47.150575578607501 ], [ 27.674167035752415, 47.150557596149163 ], [ 27.674292376997055, 47.150533912090516 ], [ 27.674435742083983, 47.150500660609225 ], [ 27.67460039507014, 47.150462470835954 ], [ 27.674685870527362, 47.150438977134193 ], [ 27.674771345908564, 47.150415483369841 ], [ 27.675021024091706, 47.150346855979215 ], [ 27.675382835809664, 47.150247406211754 ], [ 27.675975993959533, 47.1500794072792 ], [ 27.676574513966624, 47.149912533762731 ], [ 27.677021500837398, 47.149791635130761 ], [ 27.677370068531658, 47.149692488449119 ], [ 27.677645150513072, 47.149614243475483 ], [ 27.678548593789714, 47.149367794427071 ], [ 27.679215119902892, 47.149178734838152 ], [ 27.679897171850449, 47.148998717240374 ], [ 27.680199049695688, 47.148910862817985 ], [ 27.680529340722028, 47.14881473725108 ], [ 27.680669352995118, 47.148766382265393 ], [ 27.681070861650852, 47.148661893744695 ], [ 27.681484849358949, 47.148544291482182 ], [ 27.682140400180902, 47.148372239156132 ], [ 27.682443424150289, 47.14828129426666 ], [ 27.68263026584485, 47.148239413846618 ], [ 27.682835510427484, 47.148217913739664 ], [ 27.683040754793289, 47.148196412370865 ], [ 27.683225687360157, 47.148185191178648 ], [ 27.6833786995678, 47.148181167582798 ], [ 27.683642782988372, 47.148181119145427 ], [ 27.683792316261886, 47.148187504056949 ], [ 27.684095786186923, 47.148214368954861 ], [ 27.684691477118491, 47.148246964038563 ], [ 27.685270043732292, 47.14827861930916 ], [ 27.685659027255959, 47.148303021953986 ], [ 27.685750734347419, 47.148267301936272 ], [ 27.685856291952287, 47.148265247886911 ], [ 27.686420447433662, 47.148311065715824 ], [ 27.686774565216851, 47.148323652759018 ], [ 27.686790193484136, 47.148231150184365 ], [ 27.686817948488251, 47.14813984517987 ], [ 27.686876993936554, 47.148009330770819 ], [ 27.68701575594304, 47.14772018949791 ], [ 27.687162969885033, 47.147457103770741 ], [ 27.68732942622627, 47.147199537765523 ], [ 27.687606084885243, 47.146931479109078 ], [ 27.687848608592709, 47.146696491580457 ], [ 27.687956096304497, 47.146552440224156 ], [ 27.688582662708452, 47.145712724818949 ], [ 27.688963452740893, 47.145173923984736 ], [ 27.689366736497217, 47.144573594070991 ], [ 27.689552029337218, 47.144286249788777 ], [ 27.689665283764707, 47.14413011516001 ], [ 27.689665304723654, 47.144130085875098 ], [ 27.689778536180174, 47.143973979550772 ], [ 27.690093231634684, 47.143514012401532 ], [ 27.690271072670924, 47.143279001041982 ], [ 27.69063687779483, 47.142795593080123 ], [ 27.690976436195111, 47.142279853493491 ], [ 27.691446507564368, 47.141565865858269 ], [ 27.69183768321993, 47.140890587512452 ], [ 27.691933238966502, 47.140690820637829 ], [ 27.69193399291219, 47.140688570387454 ], [ 27.691952569745204, 47.140633129478985 ], [ 27.690692583311609, 47.140164044370486 ], [ 27.689432618626753, 47.139694945222949 ], [ 27.689362728499674, 47.139577060940553 ], [ 27.689116764723295, 47.139651955027688 ], [ 27.687705641811842, 47.140019611523883 ], [ 27.68616282540933, 47.140421554457838 ], [ 27.685857001648134, 47.14049451197041 ], [ 27.685765693003692, 47.140507773815244 ], [ 27.685514483951369, 47.140519688091196 ], [ 27.684610040400724, 47.140521092104713 ], [ 27.683147659098644, 47.140481046531079 ], [ 27.682525183865206, 47.140501699410002 ], [ 27.682288638145867, 47.140509546093945 ], [ 27.681890783587498, 47.140467193665494 ], [ 27.68175704363237, 47.140335955978784 ], [ 27.681268176902936, 47.139856232277126 ], [ 27.680556210919146, 47.140058833431773 ], [ 27.680225457311657, 47.139842603680101 ], [ 27.679685183185192, 47.139609519591616 ], [ 27.678705806097994, 47.139169241184462 ], [ 27.678060944315202, 47.138879334972856 ], [ 27.677377080770263, 47.139124113903272 ], [ 27.67706595635709, 47.138987766585721 ], [ 27.675521665606794, 47.138353394910332 ], [ 27.673673950532255, 47.137565010166732 ], [ 27.673402082839445, 47.137339978324427 ], [ 27.673378628944906, 47.137227892271454 ], [ 27.673533732294661, 47.137149671137053 ], [ 27.673794847128676, 47.136925158852492 ], [ 27.674193194328144, 47.13662283734525 ], [ 27.674309149836109, 47.136547419731706 ], [ 27.674492949165401, 47.136446821043499 ], [ 27.674738179815698, 47.136342668477418 ], [ 27.674781890845114, 47.136243929896516 ], [ 27.674715426918993, 47.135986285852972 ], [ 27.674658613868633, 47.135766044691216 ], [ 27.674619991105217, 47.135642658670179 ], [ 27.674601326264106, 47.13558302769178 ], [ 27.673942548437598, 47.135673381501796 ], [ 27.673103441873923, 47.135927795396618 ], [ 27.672699786568398, 47.136072720616731 ], [ 27.672353837459539, 47.136208048912067 ], [ 27.671682672122238, 47.136502214710511 ], [ 27.670887607164335, 47.136854354921574 ], [ 27.670627216606583, 47.136970759810936 ], [ 27.670045547651096, 47.137228921074772 ], [ 27.669097921141454, 47.137606868280308 ], [ 27.668677770788761, 47.137766153621619 ], [ 27.667481143634113, 47.138221932764843 ], [ 27.667021610604436, 47.138396957685273 ], [ 27.666284496022161, 47.138677699658352 ], [ 27.665819325663435, 47.138854863718329 ], [ 27.665058451129383, 47.139154346370759 ], [ 27.664297568008525, 47.139453823172715 ], [ 27.662077274730091, 47.140314054008137 ], [ 27.661120275451641, 47.140695398533069 ], [ 27.660780300425323, 47.140830868637345 ], [ 27.66071874563314, 47.140855396224246 ], [ 27.660015728301008, 47.14083129425115 ], [ 27.659643868408278, 47.140818543686002 ], [ 27.657983480936537, 47.140761597940035 ], [ 27.657359986496875, 47.140729670259901 ], [ 27.656174703814575, 47.140687765486845 ], [ 27.655234120419948, 47.140637457475727 ], [ 27.65431472764892, 47.140613794602196 ], [ 27.65253184045633, 47.140512146078628 ], [ 27.65176823846123, 47.140468601038734 ], [ 27.65103408628055, 47.140437137973926 ], [ 27.649678330247241, 47.140399226921893 ], [ 27.647873420414697, 47.140348731185995 ], [ 27.647026157316848, 47.14034554424326 ], [ 27.647046297803339, 47.140222666056907 ], [ 27.647128577465597, 47.139444792468957 ], [ 27.647137969463035, 47.139352599729548 ], [ 27.64633701006672, 47.139301808772345 ], [ 27.645169598034489, 47.139326723280163 ], [ 27.64511417282684, 47.13929210437739 ], [ 27.645078910772583, 47.139168844018968 ], [ 27.645009968424841, 47.138898388256081 ], [ 27.645021357870075, 47.138773617498245 ], [ 27.64506848394635, 47.138550806626881 ], [ 27.645115608334972, 47.138327995753428 ], [ 27.645207113103083, 47.137752090631643 ], [ 27.645219875776544, 47.137526538430478 ], [ 27.645225208334072, 47.137432296054676 ], [ 27.644996142009113, 47.137426260830019 ], [ 27.644531540551739, 47.137512436734404 ], [ 27.644273165298529, 47.137560360440226 ], [ 27.644005738382639, 47.137569331208795 ], [ 27.643831173654508, 47.137536602008083 ], [ 27.643757776083255, 47.137498928042838 ], [ 27.643666497799856, 47.137491984468362 ], [ 27.643427970603028, 47.137501043384958 ], [ 27.642920890536335, 47.137542843438005 ], [ 27.642592673441559, 47.137569897861162 ], [ 27.642085149336697, 47.137611730478461 ], [ 27.641942523454436, 47.137635040680436 ], [ 27.641882252477838, 47.137663652217867 ], [ 27.641833350982072, 47.13770102270071 ], [ 27.641822166840072, 47.137804601024769 ], [ 27.641810982659411, 47.137908179344613 ], [ 27.64160515569105, 47.137941382017587 ], [ 27.641207420415096, 47.138005541486471 ], [ 27.641124717776641, 47.138018882677557 ], [ 27.641020735512235, 47.138035655449826 ], [ 27.640801198579258, 47.138097079622405 ], [ 27.64059211025036, 47.138194547040975 ], [ 27.640473791852465, 47.138249702043026 ], [ 27.640319181506538, 47.138082824431201 ], [ 27.640020765314276, 47.138118210451218 ], [ 27.638686806136793, 47.138228785802049 ], [ 27.633627117745302, 47.138100676816372 ], [ 27.633489947607451, 47.137679757198903 ], [ 27.630615030722495, 47.137700685273188 ], [ 27.630571451671607, 47.137701001958362 ], [ 27.626564437356155, 47.13773005037929 ], [ 27.626555158785411, 47.137730117481944 ], [ 27.626303002979281, 47.137731940792243 ], [ 27.626296280157263, 47.137742302592471 ], [ 27.619800234032127, 47.139056833466064 ], [ 27.618690663758276, 47.138828253104705 ], [ 27.618498594523832, 47.138814897593825 ], [ 27.617663860483734, 47.138786729801929 ], [ 27.617256673878515, 47.138739804217636 ], [ 27.616067943399237, 47.138498094746787 ], [ 27.614804026671791, 47.138230606226649 ], [ 27.610635488085862, 47.137574041567994 ], [ 27.606682560012466, 47.136843722049363 ], [ 27.604050773956516, 47.138794469535512 ], [ 27.600950141791426, 47.138384416528631 ], [ 27.594547603018363, 47.138693899897518 ], [ 27.589096793897422, 47.140559579040449 ], [ 27.587353479139271, 47.141876475187779 ], [ 27.587978069772625, 47.14533969274251 ], [ 27.592437145277433, 47.144847544973601 ], [ 27.592862819091451, 47.1446764420702 ], [ 27.593434264575539, 47.144041498666809 ], [ 27.593753613178876, 47.143723765396054 ], [ 27.595393449195928, 47.144601069350998 ], [ 27.5919629046926, 47.147375875220305 ], [ 27.600539708815159, 47.153771853027138 ], [ 27.601734923399366, 47.154035706234176 ], [ 27.602599925763005, 47.154153236444145 ], [ 27.603841162741414, 47.153968116199664 ], [ 27.611706187050086, 47.152644594233081 ], [ 27.622580234025168, 47.150838315920822 ], [ 27.628086457854511, 47.1499281918612 ], [ 27.631086779607287, 47.149698048619328 ], [ 27.632550974470043, 47.150036461542143 ], [ 27.63300486175536, 47.150094941061404 ], [ 27.633279666558671, 47.150085997607519 ], [ 27.63475044181537, 47.149833735639376 ], [ 27.635830577081069, 47.149655924759507 ], [ 27.636525382630893, 47.149641219751572 ], [ 27.637898496807185, 47.149813816584619 ], [ 27.639853716787837, 47.150077100556139 ], [ 27.642151821605694, 47.150360033518041 ] ] ] } },
{ "type": "Feature", "properties": { "zone_id": "IAS-Z02", "zone_name": "Aviației", "Id": 2771, "Shape_Area": 5697546.1343400003, "denumire": "AVIATIEI", "acces_mult": "MEDIE" }, "geometry": { "type": "Polygon", "coordinates": [ [ [ 27.653866366651322, 47.152453253527774 ], [ 27.654164269798372, 47.154116661566761 ], [ 27.653256681285718, 47.154445349869 ], [ 27.651242671583855, 47.15360851488154 ], [ 27.651083519001485, 47.152751478717363 ], [ 27.645670072705727, 47.15317529339756 ], [ 27.64496190816223, 47.152651188974566 ], [ 27.645648300053338, 47.151653618284115 ], [ 27.64362488440803, 47.150912188712802 ], [ 27.643171164709148, 47.150537693029612 ], [ 27.642151821605694, 47.150360033518041 ], [ 27.639853716787837, 47.150077100556139 ], [ 27.637898496807207, 47.149813816584832 ], [ 27.636525382630893, 47.149641219751572 ], [ 27.635830577081069, 47.149655924759507 ], [ 27.63475044181537, 47.149833735639376 ], [ 27.633279666558671, 47.150085997607519 ], [ 27.63300486175536, 47.150094941061404 ], [ 27.632550974470039, 47.150036461542165 ], [ 27.631086779607287, 47.149698048619328 ], [ 27.628086457854511, 47.1499281918612 ], [ 27.62831657530263, 47.150317180935751 ], [ 27.628317970974763, 47.150322196780884 ], [ 27.628257352854742, 47.15033004661624 ], [ 27.628263489408539, 47.150352100585032 ], [ 27.627913626227041, 47.152240492095729 ], [ 27.627374757675373, 47.152512732978551 ], [ 27.627440019019858, 47.152808079307619 ], [ 27.627882643682899, 47.153361138708796 ], [ 27.627825675683329, 47.153673703009481 ], [ 27.627848026698377, 47.153776365751845 ], [ 27.627899418416167, 47.154020302743724 ], [ 27.627998661526124, 47.154343710694612 ], [ 27.627753732703283, 47.154596672006598 ], [ 27.626401759703647, 47.155513407982006 ], [ 27.625172296543081, 47.155731263388354 ], [ 27.623005004633814, 47.157940760057009 ], [ 27.622564066938512, 47.158463722235659 ], [ 27.622387722478603, 47.158805781475401 ], [ 27.62209999130625, 47.159139718995611 ], [ 27.621803257153104, 47.159510793645943 ], [ 27.621244738219517, 47.159985966926556 ], [ 27.620570950501172, 47.160577245161107 ], [ 27.619959802989527, 47.16128599301301 ], [ 27.61912148391222, 47.162255886176808 ], [ 27.618289846853024, 47.163216796617441 ], [ 27.617926940240647, 47.163477191492717 ], [ 27.617753618019542, 47.163545765097759 ], [ 27.6178421946924, 47.163624836021775 ], [ 27.617834365655462, 47.163633213509975 ], [ 27.615581937109869, 47.165192388731867 ], [ 27.615495846770681, 47.165251979499054 ], [ 27.618387411150138, 47.166418321069315 ], [ 27.617807674907727, 47.167426001811712 ], [ 27.616977439013869, 47.168485905745371 ], [ 27.615502230957166, 47.169440540821988 ], [ 27.615322718048926, 47.169875935544233 ], [ 27.614144625557042, 47.170720232376851 ], [ 27.612999468432882, 47.171889020654454 ], [ 27.611626049081664, 47.173779569505129 ], [ 27.610420293231556, 47.175038159055035 ], [ 27.609279123280015, 47.176360830317542 ], [ 27.608564391744093, 47.177981982424477 ], [ 27.607221061217917, 47.180044107450769 ], [ 27.607016372108703, 47.180369515887669 ], [ 27.606996808034207, 47.180405677436809 ], [ 27.606719339223144, 47.180976978036789 ], [ 27.605529404239288, 47.181669679560414 ], [ 27.604654412643615, 47.182329016770012 ], [ 27.604611048819148, 47.182388750994946 ], [ 27.604528157256617, 47.18251225674566 ], [ 27.604481239317607, 47.182569886631278 ], [ 27.604465570428214, 47.182606134120398 ], [ 27.604571249779895, 47.18264200796569 ], [ 27.604408958073225, 47.182880095153777 ], [ 27.60429659939081, 47.183009843527671 ], [ 27.604205893943348, 47.183067304260909 ], [ 27.603997414311202, 47.183172446266468 ], [ 27.603895722373675, 47.183259179810975 ], [ 27.603892763855484, 47.183262529621103 ], [ 27.60380727110142, 47.183359329384565 ], [ 27.603787756928757, 47.183400120753795 ], [ 27.603766086777057, 47.183445418789198 ], [ 27.603745985653433, 47.183514996349047 ], [ 27.603724978524486, 47.183658143097212 ], [ 27.603725551979775, 47.183730517670313 ], [ 27.603752268661353, 47.183774201961768 ], [ 27.603785401726448, 47.183828377534802 ], [ 27.603843534801353, 47.18388457794115 ], [ 27.603650613053812, 47.184388466485778 ], [ 27.60346710836339, 47.184684509269189 ], [ 27.603337855721172, 47.184830425427627 ], [ 27.60329951370888, 47.184866514861447 ], [ 27.603255290454307, 47.184902736722677 ], [ 27.603153580301051, 47.184970502083651 ], [ 27.60307850738889, 47.185018810311625 ], [ 27.602988208482422, 47.185107111289973 ], [ 27.603007358036756, 47.18538915413825 ], [ 27.602972092948352, 47.186342575625915 ], [ 27.60243456709766, 47.187035549523323 ], [ 27.601531342265076, 47.188039359211444 ], [ 27.600977238262299, 47.189046117367553 ], [ 27.600307755276152, 47.190006296368836 ], [ 27.599314760127939, 47.190795954480606 ], [ 27.598678958846453, 47.191612590889619 ], [ 27.598661956431521, 47.192078971414581 ], [ 27.598082775726628, 47.192435237195184 ], [ 27.597820784968395, 47.192745069411117 ], [ 27.598132507616466, 47.193354561426126 ], [ 27.598002952767878, 47.193823223459802 ], [ 27.597859554326558, 47.193834867517445 ], [ 27.598263095053905, 47.193886397144659 ], [ 27.602833363166294, 47.194469891583267 ], [ 27.604090115230253, 47.194630309481944 ], [ 27.6046664766512, 47.194706032224751 ], [ 27.605102535124065, 47.194719370716456 ], [ 27.605489802547069, 47.194776340562782 ], [ 27.605877069402201, 47.19483330823379 ], [ 27.607023793322671, 47.195001985919433 ], [ 27.607501459754843, 47.195108548210541 ], [ 27.608069240954944, 47.195207852563129 ], [ 27.608645845228494, 47.195279757121625 ], [ 27.609705988014429, 47.195411952577828 ], [ 27.60999588067871, 47.195448099231704 ], [ 27.61005909689251, 47.195455981827429 ], [ 27.610012684034213, 47.195425586526419 ], [ 27.6100195101228, 47.195415840636755 ], [ 27.610076916309605, 47.19533387878559 ], [ 27.610205029741056, 47.195150966939082 ], [ 27.610205101382622, 47.19515086543533 ], [ 27.610565514316672, 47.194631391458081 ], [ 27.610707255325572, 47.194427091615758 ], [ 27.610878730179213, 47.194177667031461 ], [ 27.612284856353611, 47.192132230120762 ], [ 27.612871886857818, 47.191241379759738 ], [ 27.616424547168716, 47.186317692418342 ], [ 27.617261159444482, 47.185170296066516 ], [ 27.618921717684159, 47.182892712458333 ], [ 27.619177680038511, 47.182539104108521 ], [ 27.620352693867176, 47.180915776289048 ], [ 27.621775830581132, 47.178949511811354 ], [ 27.621966875296046, 47.178687844024033 ], [ 27.622610594153819, 47.177781373158361 ], [ 27.622726736334464, 47.177627057932 ], [ 27.623199804189355, 47.176967274753999 ], [ 27.623708424133589, 47.176251597645141 ], [ 27.62420330924617, 47.175567493677377 ], [ 27.625456736808438, 47.173819229553871 ], [ 27.625802023868626, 47.173337607397883 ], [ 27.626563095834364, 47.172272957316032 ], [ 27.626870707415044, 47.171843438003449 ], [ 27.627013114020759, 47.171644647766499 ], [ 27.627462675222795, 47.171774239709158 ], [ 27.627509922074765, 47.171790055203459 ], [ 27.627888711990856, 47.171916846111593 ], [ 27.627966829407598, 47.171943698873356 ], [ 27.628412406498967, 47.1720968622204 ], [ 27.62868316698469, 47.172190586684557 ], [ 27.628806095331203, 47.172233117594445 ], [ 27.628865001706021, 47.172253943516914 ], [ 27.629028455880512, 47.172075044857344 ], [ 27.629157172750876, 47.171934160820683 ], [ 27.629439747701451, 47.171624870519942 ], [ 27.629556149698605, 47.171489615018601 ], [ 27.629652957948025, 47.171374062057424 ], [ 27.629751555352268, 47.171256372922102 ], [ 27.629845314435691, 47.171131440935305 ], [ 27.629849690006715, 47.171101244483275 ], [ 27.629854716603024, 47.171066551754798 ], [ 27.629840738201771, 47.171019535321655 ], [ 27.62982825316767, 47.170989344417947 ], [ 27.629842258405851, 47.170992926125521 ], [ 27.62984720518336, 47.170994191216614 ], [ 27.630034641051907, 47.171042130512795 ], [ 27.630209508059696, 47.171182466707073 ], [ 27.630377034455059, 47.171295685779739 ], [ 27.630562489187398, 47.17142102232755 ], [ 27.630710168784724, 47.171534114742961 ], [ 27.630944271183019, 47.171713387565866 ], [ 27.631124711062569, 47.171836316740411 ], [ 27.63131085303063, 47.171942616327591 ], [ 27.631530305758247, 47.172067937125277 ], [ 27.631706492659493, 47.172168550365406 ], [ 27.631944570697772, 47.172289566109335 ], [ 27.632106666844425, 47.172380105737616 ], [ 27.632187375438352, 47.172419771462287 ], [ 27.632339264962198, 47.172473927372955 ], [ 27.632504550314898, 47.172504869503364 ], [ 27.63257628592606, 47.172525486042943 ], [ 27.63262488822895, 47.172539453522369 ], [ 27.632828560209987, 47.172597986574182 ], [ 27.632992557710246, 47.172659394432479 ], [ 27.633144472443483, 47.172733865617552 ], [ 27.633396483717988, 47.17256224872672 ], [ 27.63360862909165, 47.172367167507744 ], [ 27.633775641485062, 47.172213588496035 ], [ 27.633972662363167, 47.172013499409772 ], [ 27.634059353696944, 47.171905526858708 ], [ 27.634145900979469, 47.171752925480391 ], [ 27.634255666509883, 47.171544320165552 ], [ 27.634329781247033, 47.17128300671046 ], [ 27.634341964296695, 47.171221036888483 ], [ 27.634357426348739, 47.171142390206455 ], [ 27.634085331199589, 47.170904486924421 ], [ 27.634258795178205, 47.170793446561724 ], [ 27.634815603552184, 47.170434297807212 ], [ 27.635693082135241, 47.169872848219846 ], [ 27.635971530113231, 47.169690894742629 ], [ 27.636372223831593, 47.16944051296754 ], [ 27.637473314310089, 47.169003979585412 ], [ 27.637851720560121, 47.168849008379652 ], [ 27.638100804984443, 47.168751400787102 ], [ 27.638297887336691, 47.168668890799417 ], [ 27.638491515620981, 47.168594229891227 ], [ 27.63874811573826, 47.168491790588341 ], [ 27.63900471355138, 47.168389350752214 ], [ 27.639299702300857, 47.168270146277514 ], [ 27.639477825829658, 47.168204199450393 ], [ 27.639643619441298, 47.168135843159412 ], [ 27.639737332066161, 47.168098645395666 ], [ 27.639965715298196, 47.168008136756413 ], [ 27.64012433518187, 47.167944307157924 ], [ 27.640322660689861, 47.167865065150416 ], [ 27.640559266291614, 47.167768555099101 ], [ 27.640725227725962, 47.167704556977341 ], [ 27.640927089676726, 47.167623013984134 ], [ 27.641205894018903, 47.16751128158068 ], [ 27.641443735876013, 47.16741386402618 ], [ 27.641655387504141, 47.167332096060264 ], [ 27.641937112066405, 47.167220425605137 ], [ 27.642021060854528, 47.167186287328668 ], [ 27.642334927434831, 47.167062445472624 ], [ 27.642505219776574, 47.166995153808408 ], [ 27.642536905232781, 47.16698075205742 ], [ 27.64257209131403, 47.166967369058845 ], [ 27.642669190971173, 47.166930436095612 ], [ 27.642860057849656, 47.16686244503267 ], [ 27.642876911394389, 47.166856441712142 ], [ 27.643259332604412, 47.166818843914548 ], [ 27.643601563291931, 47.166812115123435 ], [ 27.643791490777694, 47.166826899445617 ], [ 27.644010902511496, 47.166871295224276 ], [ 27.64410865105086, 47.166929373567456 ], [ 27.644216917704572, 47.167042190503352 ], [ 27.644233173837083, 47.167128610213709 ], [ 27.644249431386775, 47.167215030787311 ], [ 27.644234221005668, 47.167378632645907 ], [ 27.644181208351917, 47.167948824014751 ], [ 27.644189603239354, 47.168295538748723 ], [ 27.644210487809513, 47.168604467291217 ], [ 27.644221146408913, 47.168712613408033 ], [ 27.644267482647916, 47.168970193922213 ], [ 27.644337131960732, 47.169254085117792 ], [ 27.644387518281977, 47.169459461698651 ], [ 27.644388340201246, 47.169506063849234 ], [ 27.644390612493996, 47.169635013868259 ], [ 27.644394323228099, 47.169845531807944 ], [ 27.644359942382891, 47.170040598629562 ], [ 27.644720985579095, 47.170203250602214 ], [ 27.64518837228972, 47.170413808733556 ], [ 27.645339711158723, 47.170481986075735 ], [ 27.645798835007401, 47.171104467717136 ], [ 27.645804820396958, 47.171113227125723 ], [ 27.645864592508197, 47.171200712378997 ], [ 27.645902306661537, 47.171223832452249 ], [ 27.646003392245746, 47.17128580140924 ], [ 27.646190834314119, 47.171449985680781 ], [ 27.646382986359939, 47.171652005983645 ], [ 27.646703089949884, 47.171941105595302 ], [ 27.646975386318505, 47.172224375025536 ], [ 27.647404499255149, 47.172636364119221 ], [ 27.647788776789135, 47.173028940861997 ], [ 27.648367181082346, 47.173649171209348 ], [ 27.648850278767576, 47.174306231761648 ], [ 27.649057558287438, 47.1745881466558 ], [ 27.649134213007255, 47.174768899219181 ], [ 27.649192020303499, 47.175013828601955 ], [ 27.649222787467384, 47.175181884756014 ], [ 27.649223709637564, 47.175373094220994 ], [ 27.649194552657438, 47.175500787981406 ], [ 27.64910571349769, 47.175889865031586 ], [ 27.649037355897725, 47.176123925524578 ], [ 27.648963145909111, 47.176378020319525 ], [ 27.648805161902466, 47.176758173877467 ], [ 27.648647175716196, 47.177138327191727 ], [ 27.648615294249417, 47.177239002562168 ], [ 27.648573948157917, 47.17736956606327 ], [ 27.648485415929656, 47.177720177347602 ], [ 27.648350818376212, 47.178102928675528 ], [ 27.648203217662822, 47.17855169599698 ], [ 27.648126617803708, 47.178837473284965 ], [ 27.648088291113925, 47.1791123491466 ], [ 27.648073361143357, 47.179376916294437 ], [ 27.648066232261865, 47.179503230360268 ], [ 27.648069420777297, 47.17985052556962 ], [ 27.648082796113584, 47.180288242789764 ], [ 27.648087489852077, 47.180441843521294 ], [ 27.648748116063203, 47.180477834515919 ], [ 27.648775455241267, 47.180479323904876 ], [ 27.64877723585316, 47.180479085139162 ], [ 27.648936693837303, 47.18045770706199 ], [ 27.6497777401378, 47.180502909692621 ], [ 27.651912954179387, 47.180603084710562 ], [ 27.652158814239012, 47.180649736893471 ], [ 27.652260079914992, 47.18065690356007 ], [ 27.652402960505356, 47.180289215460782 ], [ 27.652459652130627, 47.180075978905805 ], [ 27.652490653618901, 47.179959376545177 ], [ 27.652497429859181, 47.179933889050027 ], [ 27.65250023661093, 47.179910447185563 ], [ 27.652578683850123, 47.179255364965996 ], [ 27.652640821015179, 47.179036624625034 ], [ 27.652687533155493, 47.178872182345174 ], [ 27.652686767952051, 47.178856141263019 ], [ 27.652683581478229, 47.178789430411811 ], [ 27.652672790530524, 47.178563484697456 ], [ 27.652671872533045, 47.17855718489011 ], [ 27.65266341538614, 47.178499098963492 ], [ 27.652593128858733, 47.178016364110448 ], [ 27.652549642402303, 47.177779812607376 ], [ 27.652511827715664, 47.177389789583174 ], [ 27.652508629891582, 47.177373795298891 ], [ 27.65248191254048, 47.177240174307805 ], [ 27.65235638150634, 47.176612360835115 ], [ 27.652291803253906, 47.176095465930018 ], [ 27.65228320911865, 47.176026668012994 ], [ 27.652299604645084, 47.175474047947361 ], [ 27.652321006820124, 47.175280110728799 ], [ 27.652362488293559, 47.174904218110733 ], [ 27.652400926621727, 47.174612063143584 ], [ 27.652411224559625, 47.174533798650387 ], [ 27.652511037066045, 47.17424338348691 ], [ 27.65260296225598, 47.17405469353222 ], [ 27.652684476757823, 47.173887369218889 ], [ 27.653243163410067, 47.173145688111418 ], [ 27.653320240164295, 47.17308117309625 ], [ 27.653802205249018, 47.172435143031926 ], [ 27.654299286138354, 47.171920065085175 ], [ 27.654668592695678, 47.17157545898408 ], [ 27.654891481867953, 47.171415601816115 ], [ 27.655320342996419, 47.170704870042613 ], [ 27.655438082990838, 47.170535098834463 ], [ 27.655508668052736, 47.170188017307517 ], [ 27.655520748597986, 47.170128611085019 ], [ 27.655603401408797, 47.169722181991958 ], [ 27.655611939701927, 47.169087828766514 ], [ 27.655592721679636, 47.168857393837044 ], [ 27.655587783254777, 47.168798175108158 ], [ 27.655560489827575, 47.16855008243369 ], [ 27.655574677992107, 47.168317446614417 ], [ 27.655563392899282, 47.168138535838182 ], [ 27.655515543491806, 47.168071938143605 ], [ 27.655348544220132, 47.167839506952809 ], [ 27.655246942243966, 47.167698094072747 ], [ 27.655103662519601, 47.167516483140822 ], [ 27.655047540919462, 47.167464882172858 ], [ 27.654990863695556, 47.167412769296391 ], [ 27.654921866231579, 47.167316324088439 ], [ 27.654872059717366, 47.167222216144125 ], [ 27.654836851494505, 47.167155690544824 ], [ 27.654700726746331, 47.16693262921855 ], [ 27.654591943011674, 47.166784338953669 ], [ 27.654458955338299, 47.166645528613209 ], [ 27.654351623627541, 47.166565922928264 ], [ 27.654172932345841, 47.166473056657949 ], [ 27.653922226327886, 47.166342763311228 ], [ 27.653694034577168, 47.16622416969328 ], [ 27.653546970292943, 47.166155018698802 ], [ 27.65344983328437, 47.166079940471768 ], [ 27.653439169060327, 47.166067454347719 ], [ 27.65340071794602, 47.166022439255357 ], [ 27.653366643909983, 47.165923597882461 ], [ 27.653348838332299, 47.165837728643893 ], [ 27.653328875630365, 47.165741461071384 ], [ 27.653294496307776, 47.165493248711414 ], [ 27.653261331163481, 47.165253805880404 ], [ 27.653230179913976, 47.165166851643889 ], [ 27.653186089115501, 47.165095179484169 ], [ 27.653075300516473, 47.164988489388705 ], [ 27.652964512315155, 47.164881798279644 ], [ 27.652875874651929, 47.164765878758743 ], [ 27.652700567725361, 47.164591439463599 ], [ 27.652479757127445, 47.164410549550134 ], [ 27.652341875555102, 47.16428656695151 ], [ 27.652183366911395, 47.164174640005811 ], [ 27.651836315919311, 47.163969285205539 ], [ 27.651744023885033, 47.163881364451086 ], [ 27.651626014774681, 47.163809154493151 ], [ 27.651512918245739, 47.163765523257659 ], [ 27.65137128596044, 47.163735297932554 ], [ 27.651078544672099, 47.163695786075365 ], [ 27.65095774300795, 47.163685340219459 ], [ 27.650751131304165, 47.163642141825299 ], [ 27.650544518606708, 47.163598943088068 ], [ 27.650389939212996, 47.163566622370809 ], [ 27.650270736223533, 47.163517550549251 ], [ 27.650160973073991, 47.163446743810404 ], [ 27.650099666564817, 47.163387577793628 ], [ 27.650013640546042, 47.163281021812004 ], [ 27.649977238194634, 47.163226233420183 ], [ 27.649936874048539, 47.163165482201507 ], [ 27.649906249145801, 47.163127659455725 ], [ 27.64981356870889, 47.163064082086272 ], [ 27.649714117818103, 47.162995858855091 ], [ 27.649606415725401, 47.162903593044604 ], [ 27.649507653066994, 47.162818984687782 ], [ 27.649446150588727, 47.162755838064612 ], [ 27.649375329120343, 47.162660632762396 ], [ 27.649335242382335, 47.16254319298541 ], [ 27.649247504401835, 47.162286146712923 ], [ 27.649237280270178, 47.162197118130671 ], [ 27.649245415737045, 47.162125202473241 ], [ 27.64922473566725, 47.162063126122867 ], [ 27.649210199638496, 47.162019493709522 ], [ 27.649184604979926, 47.16194266182287 ], [ 27.649133421856362, 47.161855947751718 ], [ 27.649116275541576, 47.161826900426384 ], [ 27.648943407941953, 47.16178602129532 ], [ 27.6486124493312, 47.161678566347341 ], [ 27.648355801392285, 47.161595237991811 ], [ 27.647713271841006, 47.161386617362567 ], [ 27.646926571687768, 47.161131179701364 ], [ 27.646327550252227, 47.160936675420167 ], [ 27.645909103939481, 47.160800801555133 ], [ 27.645926651811465, 47.160777847545582 ], [ 27.646076415659561, 47.160581946487028 ], [ 27.646204302701129, 47.160481388212801 ], [ 27.646400168719566, 47.160391826365633 ], [ 27.646650832590513, 47.160340009524901 ], [ 27.647119223994654, 47.160339426310045 ], [ 27.647716185376829, 47.160338680023628 ], [ 27.648179234882861, 47.160338099669943 ], [ 27.648354146282038, 47.160369308643538 ], [ 27.648534808673141, 47.160374067113196 ], [ 27.648680479318148, 47.160356253900034 ], [ 27.648810968248256, 47.160308632689535 ], [ 27.648948454707636, 47.160237140410914 ], [ 27.64908244244749, 47.160094597295476 ], [ 27.649274706333909, 47.159795728640596 ], [ 27.649425986323163, 47.159636849756382 ], [ 27.649495242585363, 47.159570900718094 ], [ 27.64961431922816, 47.159457507182069 ], [ 27.649734950519761, 47.159322441560654 ], [ 27.649766849171719, 47.159195872764776 ], [ 27.649765920985171, 47.159187985709927 ], [ 27.649753471482008, 47.159082123241888 ], [ 27.649737395127204, 47.1589454098009 ], [ 27.649773698683237, 47.158829014190879 ], [ 27.649865633376148, 47.158682982115167 ], [ 27.649897797785858, 47.158586858012448 ], [ 27.649897039318766, 47.158488264223237 ], [ 27.649896174066672, 47.158375907988805 ], [ 27.649949026999018, 47.158300626489222 ], [ 27.650048344105819, 47.158227685067523 ], [ 27.650206281007218, 47.158165616768514 ], [ 27.650373134645452, 47.158115566279392 ], [ 27.650533673818078, 47.158032186686562 ], [ 27.650675686877914, 47.157918854575236 ], [ 27.650844423350581, 47.157762453034799 ], [ 27.651000680966586, 47.157617616762337 ], [ 27.651144338980174, 47.157521478529794 ], [ 27.651335923394591, 47.157479443604643 ], [ 27.651584341498705, 47.157493255736526 ], [ 27.651764642100748, 47.157503279967372 ], [ 27.651797449405606, 47.157505103824313 ], [ 27.651867529636565, 47.157475834146091 ], [ 27.651917584845531, 47.157454927639954 ], [ 27.652027138083938, 47.157301847324128 ], [ 27.652308998303816, 47.156980107292917 ], [ 27.652627114029809, 47.15661697686928 ], [ 27.652846222397184, 47.156513316004435 ], [ 27.653012514216226, 47.156393343049267 ], [ 27.653147387756718, 47.156256244957184 ], [ 27.653179547963354, 47.156168071406086 ], [ 27.653179736280958, 47.156077210213553 ], [ 27.653215821828564, 47.155975811573313 ], [ 27.653286978730325, 47.155904611402448 ], [ 27.653514139882052, 47.155758433834585 ], [ 27.653756976129223, 47.155624494594889 ], [ 27.654048220145615, 47.155483662463304 ], [ 27.65406433041753, 47.155475872885987 ], [ 27.654293417500245, 47.155315467024543 ], [ 27.654397970408851, 47.155178693681314 ], [ 27.654465800258659, 47.155031546203183 ], [ 27.654750774323066, 47.154413318835182 ], [ 27.654973646978831, 47.153929806115443 ], [ 27.655051643323748, 47.153598075805576 ], [ 27.655111351245697, 47.153433692229413 ], [ 27.655169302618056, 47.153274139143733 ], [ 27.655234830546352, 47.15309372859079 ], [ 27.655308606173172, 47.152959135225572 ], [ 27.655515455059383, 47.152931976001867 ], [ 27.65551132214809, 47.152872921147157 ], [ 27.655502841513403, 47.152751715299161 ], [ 27.655428683731603, 47.152392369185712 ], [ 27.65544723051115, 47.152390587877328 ], [ 27.653866366651322, 47.152453253527774 ] ], [ [ 27.647047808437502, 47.158730676171515 ], [ 27.645530479200882, 47.157828313261227 ], [ 27.645520750860783, 47.157820544745228 ], [ 27.645530479200882, 47.157828313261227 ], [ 27.647047808437499, 47.158730676171487 ], [ 27.647250574693864, 47.158712845506393 ], [ 27.647047808437502, 47.158730676171515 ] ], [ [ 27.641907884713518, 47.156221068953251 ], [ 27.641863541758681, 47.156209945196508 ], [ 27.641907884713518, 47.156221068953208 ], [ 27.644414199023842, 47.157053904850642 ], [ 27.641907884713518, 47.156221068953251 ] ], [ [ 27.62672272299643, 47.163653211230809 ], [ 27.626989974221129, 47.16422190378637 ], [ 27.62672272299643, 47.163653211230809 ], [ 27.626575744279712, 47.163306487641634 ], [ 27.62672272299643, 47.163653211230809 ] ] ] } },
{ "type": "Feature", "properties": { "zone_id": "IAS-Z03", "zone_name": "Moara de Vânt", "Id": 2771, "Shape_Area": 3208061.9397300002, "denumire": "MOARA DE VANT", "acces_mult": "MEDIE" }, "geometry": { "type": "Polygon", "coordinates": [ [ [ 27.614781526256348, 47.165071223684315 ], [ 27.614699245824362, 47.165074070994066 ], [ 27.614264679952836, 47.164901685603624 ], [ 27.614117121045393, 47.164982427772735 ], [ 27.613509395937459, 47.164684373362668 ], [ 27.613389405521509, 47.164614054119426 ], [ 27.613077297482945, 47.164525094695399 ], [ 27.612722171882801, 47.164426525684448 ], [ 27.612301696620815, 47.164308460683827 ], [ 27.612177242880485, 47.164281014716117 ], [ 27.612053759911838, 47.164272243579184 ], [ 27.611216808898554, 47.164235186380189 ], [ 27.61085332764393, 47.164219060732435 ], [ 27.610203456724744, 47.164190544118917 ], [ 27.609930883146966, 47.164196004691462 ], [ 27.609375830010652, 47.164207895752419 ], [ 27.608747210989304, 47.1642448341048 ], [ 27.608748340895453, 47.164322931768083 ], [ 27.608410752494898, 47.164358884812174 ], [ 27.60825164595774, 47.164339716866287 ], [ 27.607818054276034, 47.164379646464724 ], [ 27.607734391627741, 47.164362134745801 ], [ 27.607363493761849, 47.164399200604059 ], [ 27.607029206886256, 47.164419953557584 ], [ 27.606651300794454, 47.164455074996276 ], [ 27.606374227545189, 47.164496031812483 ], [ 27.606207509491451, 47.164529573399541 ], [ 27.605621573777881, 47.164650650312652 ], [ 27.605292097570274, 47.164720725420423 ], [ 27.605076087864116, 47.164748866914373 ], [ 27.605266295702371, 47.16270466648443 ], [ 27.605251554745671, 47.162661454357838 ], [ 27.605204644193815, 47.162627445656909 ], [ 27.604637128233723, 47.162599557422908 ], [ 27.60386377450136, 47.162626910383388 ], [ 27.603359204401649, 47.162606215951008 ], [ 27.602422671345511, 47.162498815903639 ], [ 27.602252512219199, 47.162478232800304 ], [ 27.601501015598767, 47.16240306914014 ], [ 27.601251420169902, 47.162363523364249 ], [ 27.600371578016286, 47.162378011731491 ], [ 27.600137269981751, 47.162369389341251 ], [ 27.599303880409483, 47.162323961478094 ], [ 27.599099201274949, 47.162299603997013 ], [ 27.599031826227094, 47.162292041643028 ], [ 27.598780065931482, 47.162198915924478 ], [ 27.598332382361001, 47.162057028435953 ], [ 27.597969757082161, 47.161926207673417 ], [ 27.594391847530627, 47.166882252007063 ], [ 27.594388291197944, 47.166958943626724 ], [ 27.592452464647096, 47.170230460325079 ], [ 27.592179877033004, 47.170755118684703 ], [ 27.591803813565679, 47.171192810441127 ], [ 27.59072856724989, 47.172239609175904 ], [ 27.589386435388867, 47.173494821997359 ], [ 27.588504476907801, 47.174377853056583 ], [ 27.58837146102908, 47.174513786147195 ], [ 27.588271524065441, 47.174625221489144 ], [ 27.588181210441341, 47.174773288066767 ], [ 27.588162409515437, 47.174821898070668 ], [ 27.588138453266495, 47.174912847284808 ], [ 27.588161977468449, 47.174902650259995 ], [ 27.588183997864213, 47.174894921621728 ], [ 27.58825305915407, 47.174888666753787 ], [ 27.588475858737244, 47.174854513290562 ], [ 27.588569761707934, 47.174836141002871 ], [ 27.588644600217659, 47.174819477528942 ], [ 27.588815893670692, 47.174769214016791 ], [ 27.588845026047668, 47.174757847492749 ], [ 27.588990704427975, 47.174721853216859 ], [ 27.589081817387161, 47.17470221509803 ], [ 27.589144045294066, 47.174694517261351 ], [ 27.589212117854196, 47.174685423268883 ], [ 27.589548022816221, 47.174665610161334 ], [ 27.589706690940112, 47.17466271623303 ], [ 27.589825323763286, 47.17466502832 ], [ 27.590035648296933, 47.174673873156664 ], [ 27.590170419601893, 47.174679627444341 ], [ 27.590227149378801, 47.174678629508726 ], [ 27.59035122608686, 47.17468159967629 ], [ 27.590561642277262, 47.174636518496946 ], [ 27.590562146681687, 47.174636410428924 ], [ 27.590570630235792, 47.174634592837641 ], [ 27.590677235977484, 47.174595637061074 ], [ 27.590677316260447, 47.1745956077242 ], [ 27.590895607482473, 47.174521683785606 ], [ 27.590950113845391, 47.174503060752038 ], [ 27.591048248880831, 47.174469531137532 ], [ 27.591076466594831, 47.174458239762728 ], [ 27.591078019349549, 47.174457618424626 ], [ 27.591103073696843, 47.174551861408034 ], [ 27.591157442043354, 47.174718188923521 ], [ 27.591155025005108, 47.174821172588743 ], [ 27.591146005751455, 47.174883867647594 ], [ 27.591201095770703, 47.174897887557222 ], [ 27.591199835696049, 47.174921290318771 ], [ 27.591342148152243, 47.174933783954089 ], [ 27.595041003554815, 47.175875025976595 ], [ 27.594486146387812, 47.176516060995226 ], [ 27.592592145902671, 47.178722699832697 ], [ 27.591569615563238, 47.179356425100636 ], [ 27.590996462733813, 47.179848339897084 ], [ 27.590569303871121, 47.179907440759294 ], [ 27.589794747273402, 47.180719182757706 ], [ 27.586302632584676, 47.179400976904745 ], [ 27.585833456053471, 47.180164920180623 ], [ 27.585556374638205, 47.180056612160939 ], [ 27.58497872588077, 47.179701408514994 ], [ 27.583924770155971, 47.179410759800696 ], [ 27.583814923169086, 47.179516324757898 ], [ 27.5836973742691, 47.179628581499301 ], [ 27.583586127385548, 47.179734978564362 ], [ 27.5835749299697, 47.179745687798764 ], [ 27.58343904381622, 47.179869434226184 ], [ 27.583222632455914, 47.180059492294099 ], [ 27.583049830858492, 47.180208558515417 ], [ 27.58286654179944, 47.180365416723333 ], [ 27.582719841834351, 47.180491165912741 ], [ 27.582577236113455, 47.180614409053028 ], [ 27.582433549801241, 47.180737725862095 ], [ 27.582427928279881, 47.180742550440712 ], [ 27.582405181872957, 47.180762072160157 ], [ 27.582222640559838, 47.180923346275165 ], [ 27.582127274232366, 47.181003579535698 ], [ 27.581988305920785, 47.181125887661786 ], [ 27.581778161932039, 47.181319642743318 ], [ 27.58161335113838, 47.181470913087892 ], [ 27.581392723259771, 47.181675911080504 ], [ 27.581179346443598, 47.181876330425531 ], [ 27.580999798620667, 47.182042493183133 ], [ 27.5809961361288, 47.182042898958727 ], [ 27.580903258514791, 47.182130721297831 ], [ 27.580767821763313, 47.182252803474867 ], [ 27.580603831278161, 47.18240337765944 ], [ 27.580594575471025, 47.182414288106166 ], [ 27.58049279939706, 47.182508388617087 ], [ 27.580330507635075, 47.182654940646373 ], [ 27.580187812369186, 47.182791224412114 ], [ 27.580085904112643, 47.182886639578982 ], [ 27.579987365095793, 47.182979556903895 ], [ 27.579851180114073, 47.183107976185362 ], [ 27.579737884689379, 47.18320909629653 ], [ 27.579646080713118, 47.183295040214496 ], [ 27.57963887366698, 47.183301787203618 ], [ 27.579602353236968, 47.183335976343635 ], [ 27.579502619310798, 47.183426406858814 ], [ 27.579436621554986, 47.18348325948611 ], [ 27.579337934984125, 47.183570011485415 ], [ 27.579260485970519, 47.18363200756486 ], [ 27.579193212349324, 47.183687452736791 ], [ 27.579086873485963, 47.183763733831839 ], [ 27.579008085349358, 47.183817078564779 ], [ 27.578938622766223, 47.183861920805533 ], [ 27.578868391317872, 47.183906772488243 ], [ 27.578822404730296, 47.183935800836387 ], [ 27.578768632367169, 47.183965205500641 ], [ 27.578698543040549, 47.184005113517706 ], [ 27.578443435462805, 47.184150005861007 ], [ 27.578658827391763, 47.184279876863826 ], [ 27.578809923028867, 47.184331789400403 ], [ 27.578884701854175, 47.184367410046242 ], [ 27.578932639359284, 47.184402715658806 ], [ 27.581388133559486, 47.185398481224937 ], [ 27.577467724421847, 47.190060809645111 ], [ 27.577251433284147, 47.191961481096769 ], [ 27.57186332007149, 47.191117097355672 ], [ 27.566232461877778, 47.197562207844392 ], [ 27.564317219520259, 47.200013148350919 ], [ 27.562276775623101, 47.201086412386879 ], [ 27.560553448969074, 47.203154958760862 ], [ 27.560367134187423, 47.203919092322565 ], [ 27.560393926603908, 47.203896356003312 ], [ 27.560452487125669, 47.203735404948603 ], [ 27.560514592837077, 47.203561300274799 ], [ 27.56056743325367, 47.203342686186467 ], [ 27.560566806457086, 47.203225654116054 ], [ 27.56055789551516, 47.203178320312901 ], [ 27.560602405994448, 47.203135104070839 ], [ 27.560753651858064, 47.203187619458149 ], [ 27.560978032515983, 47.203238146385772 ], [ 27.561205020462946, 47.203344182058387 ], [ 27.561489139851606, 47.203523254244068 ], [ 27.561708702192199, 47.203600342630097 ], [ 27.561904948674936, 47.203694360660123 ], [ 27.562258830609196, 47.203957607264925 ], [ 27.562241940252537, 47.204042272162425 ], [ 27.56221844733831, 47.20415018295364 ], [ 27.562252156547927, 47.204198605048681 ], [ 27.562404303705677, 47.204292339342345 ], [ 27.562493988595207, 47.204339431284424 ], [ 27.562616767720328, 47.204394914605359 ], [ 27.56262452712047, 47.204398414154973 ], [ 27.562719005423308, 47.204461003450994 ], [ 27.562839535474581, 47.204603013778289 ], [ 27.563021328067602, 47.204878007898863 ], [ 27.563176659703373, 47.205096248476842 ], [ 27.563629825855582, 47.205431064674798 ], [ 27.564031117634958, 47.205636209740824 ], [ 27.564339453381091, 47.205678714037838 ], [ 27.56443594420773, 47.205707305282353 ], [ 27.564878066079828, 47.205811677434561 ], [ 27.565162937120157, 47.205866587151348 ], [ 27.565433226444025, 47.205926381928947 ], [ 27.56582507380919, 47.206024225675421 ], [ 27.566179544592682, 47.2061459340092 ], [ 27.566327810181697, 47.206170873359547 ], [ 27.566340373408071, 47.206187296184247 ], [ 27.566296861022639, 47.206264903466526 ], [ 27.566195668466644, 47.206374538979382 ], [ 27.56480837216807, 47.208301746467271 ], [ 27.564790542445223, 47.20832741011791 ], [ 27.564810196921957, 47.208334983131309 ], [ 27.564839299889947, 47.208334400793902 ], [ 27.56492239273225, 47.208347235106316 ], [ 27.565103828532457, 47.208385856416108 ], [ 27.565457931421594, 47.208448696810528 ], [ 27.565898803157509, 47.208511177120705 ], [ 27.566109836955789, 47.208525743704158 ], [ 27.566218693385363, 47.208568223103789 ], [ 27.56626458427958, 47.208592320287885 ], [ 27.56629529732675, 47.208635660435483 ], [ 27.566307704943092, 47.208691653922884 ], [ 27.56629219376843, 47.20880452660289 ], [ 27.566188914483309, 47.208994962431888 ], [ 27.566163940055826, 47.209059024704246 ], [ 27.566138965570303, 47.209123086970372 ], [ 27.566098907249206, 47.209224121994815 ], [ 27.566017576159538, 47.209338310811418 ], [ 27.565934947528856, 47.20945409411582 ], [ 27.565928833278733, 47.209493068055949 ], [ 27.565940682363454, 47.209533227277014 ], [ 27.565990687637402, 47.209560229860301 ], [ 27.566209928359083, 47.209596040105154 ], [ 27.566316009830992, 47.209613366685069 ], [ 27.566498733142744, 47.209642368293231 ], [ 27.56682447766892, 47.209694068936066 ], [ 27.567377405279593, 47.209760851052224 ], [ 27.567769831991058, 47.209816282808475 ], [ 27.567930530102707, 47.209827032248569 ], [ 27.568266183124521, 47.209872747025614 ], [ 27.568333256922148, 47.209881882487522 ], [ 27.568443267918997, 47.209894283985122 ], [ 27.568519522945987, 47.20990287981985 ], [ 27.568527273993247, 47.209897287795357 ], [ 27.568535023676564, 47.209891694900818 ], [ 27.568536433607509, 47.209885224133465 ], [ 27.568537842176021, 47.209878752496593 ], [ 27.568537600788556, 47.209815273034906 ], [ 27.568537359403468, 47.209751793571833 ], [ 27.568515904167995, 47.209573705485987 ], [ 27.568506521151072, 47.209495822346177 ], [ 27.568483673869515, 47.20943917632647 ], [ 27.568460825317775, 47.209382530330018 ], [ 27.568298702657771, 47.20879448362485 ], [ 27.568281469828079, 47.208636875397858 ], [ 27.568273457748059, 47.20856359790389 ], [ 27.56827448969393, 47.208514948778458 ], [ 27.56827639142109, 47.208425250818493 ], [ 27.568302680081686, 47.208335127452351 ], [ 27.56832060812394, 47.208273664270571 ], [ 27.568355707229529, 47.208215743238419 ], [ 27.568823847754224, 47.20765482549686 ], [ 27.569485849320614, 47.206861601994838 ], [ 27.569706786976813, 47.206596864454895 ], [ 27.572947320928321, 47.202685388769751 ], [ 27.573363015912133, 47.202184100648772 ], [ 27.573457352143674, 47.202189516524086 ], [ 27.574716327967625, 47.202263148649429 ], [ 27.576094128896464, 47.202339649402383 ], [ 27.578036008652855, 47.202452143442287 ], [ 27.579551471993163, 47.202537529881077 ], [ 27.579959512334934, 47.202506680591959 ], [ 27.58007228847837, 47.202587054929452 ], [ 27.58015436765503, 47.202671122225979 ], [ 27.580199386894304, 47.202767324921467 ], [ 27.580235046711895, 47.202881301016568 ], [ 27.580238843029537, 47.202997810176235 ], [ 27.580241593053827, 47.203082226205602 ], [ 27.580332719974816, 47.203125099616059 ], [ 27.580499427377735, 47.203268231530174 ], [ 27.5808364019057, 47.203528189320465 ], [ 27.581271500712237, 47.203895414160286 ], [ 27.581574673707863, 47.204161832984539 ], [ 27.582066467906763, 47.20459399938234 ], [ 27.582287438015257, 47.204788175703086 ], [ 27.582557720993069, 47.205070031107631 ], [ 27.582789885159006, 47.205296436549233 ], [ 27.582905180770904, 47.20538901087815 ], [ 27.582925265574765, 47.205439361081034 ], [ 27.583028433971695, 47.205393494306634 ], [ 27.583232727972067, 47.205207890857444 ], [ 27.583437021885924, 47.205022287020022 ], [ 27.583618045419215, 47.204867264657295 ], [ 27.583768338198499, 47.204718410508292 ], [ 27.58386591166116, 47.204605023560205 ], [ 27.5840362445444, 47.204407087685318 ], [ 27.584198149762504, 47.204248743485927 ], [ 27.584386291997994, 47.204129724886421 ], [ 27.584466081452888, 47.204038002360889 ], [ 27.584550146251047, 47.203925286473385 ], [ 27.584647797320311, 47.20375034570165 ], [ 27.584783217902331, 47.203551743569385 ], [ 27.58488114064458, 47.203408135495941 ], [ 27.584972983900162, 47.20331919195926 ], [ 27.585057181162753, 47.203270106373651 ], [ 27.58520737629577, 47.203085345577463 ], [ 27.585364711163411, 47.20286985714354 ], [ 27.585558803283835, 47.202634069892817 ], [ 27.585768911212874, 47.202250833452055 ], [ 27.586017968366999, 47.201878593232323 ], [ 27.586169447444689, 47.201652190297317 ], [ 27.586262315969954, 47.201549350225243 ], [ 27.586431045565554, 47.201391276495436 ], [ 27.586569707590055, 47.201220160835199 ], [ 27.586809869611557, 47.200923787171554 ], [ 27.586888854041312, 47.200763291617278 ], [ 27.587124156488411, 47.200443099117436 ], [ 27.587287663559252, 47.200123817472019 ], [ 27.587540644402168, 47.19980801945362 ], [ 27.587753191846065, 47.199494390719323 ], [ 27.587821831017031, 47.199393107311636 ], [ 27.58785960004376, 47.19940344497509 ], [ 27.590985050196203, 47.200271328497365 ], [ 27.591016003201592, 47.200280918859391 ], [ 27.591066940488354, 47.200210700533546 ], [ 27.591306804392133, 47.199880031256797 ], [ 27.591421219459484, 47.199656936819224 ], [ 27.591519690259293, 47.199486740592064 ], [ 27.591640585631556, 47.199339009319743 ], [ 27.591796181663966, 47.199148876492593 ], [ 27.591939533172177, 47.198928223160003 ], [ 27.592214807982185, 47.198504506341791 ], [ 27.592637908273133, 47.197833298762809 ], [ 27.592906306888622, 47.197425368615228 ], [ 27.593081649043796, 47.197070244008174 ], [ 27.593472162797521, 47.196479590660118 ], [ 27.593823816614471, 47.195844252793236 ], [ 27.594063419009331, 47.195381146737233 ], [ 27.594307201898165, 47.19497886895099 ], [ 27.594429227346176, 47.194792344897571 ], [ 27.594662989882224, 47.194406250352003 ], [ 27.594855714597305, 47.194068366456335 ], [ 27.594966764285736, 47.193873671426495 ], [ 27.595029687704084, 47.193781953968156 ], [ 27.595129501865689, 47.193690865562218 ], [ 27.595244460338492, 47.193608489098089 ], [ 27.595389926488171, 47.193525898500262 ], [ 27.595610240507011, 47.193400811136073 ], [ 27.595942926499742, 47.193233134766324 ], [ 27.596035922424949, 47.193164213225032 ], [ 27.596198431489757, 47.193164875229058 ], [ 27.596296399248384, 47.193165274204517 ], [ 27.596308790348516, 47.19319694264275 ], [ 27.596332589066183, 47.193257765733243 ], [ 27.59636360179789, 47.193305977929619 ], [ 27.59648842490008, 47.193354640524731 ], [ 27.59672776042963, 47.19342364635478 ], [ 27.597337663125884, 47.193625392177417 ], [ 27.597723142102094, 47.193752899393836 ], [ 27.597859554326558, 47.193834867517445 ], [ 27.598002952767878, 47.193823223459802 ], [ 27.598132507616469, 47.193354561426162 ], [ 27.597820784968395, 47.192745069411117 ], [ 27.598082775726628, 47.192435237195184 ], [ 27.598661956431521, 47.192078971414581 ], [ 27.598678958846453, 47.191612590889619 ], [ 27.599314760127939, 47.190795954480606 ], [ 27.600307755276152, 47.190006296368836 ], [ 27.600977238262299, 47.189046117367553 ], [ 27.601531342265076, 47.188039359211444 ], [ 27.60243456709766, 47.187035549523323 ], [ 27.602972092948352, 47.186342575625915 ], [ 27.603007358036756, 47.18538915413825 ], [ 27.602988208482422, 47.185107111289973 ], [ 27.60307850738889, 47.185018810311625 ], [ 27.603153580301051, 47.184970502083651 ], [ 27.603255290454307, 47.184902736722677 ], [ 27.60329951370888, 47.184866514861447 ], [ 27.603337855721172, 47.184830425427627 ], [ 27.60346710836339, 47.184684509269189 ], [ 27.603650613053812, 47.184388466485778 ], [ 27.603843534801353, 47.18388457794115 ], [ 27.603785401726448, 47.183828377534802 ], [ 27.603752268661353, 47.183774201961768 ], [ 27.603725551979775, 47.183730517670313 ], [ 27.603724978524486, 47.183658143097212 ], [ 27.603745985653433, 47.183514996349047 ], [ 27.603766086777057, 47.183445418789198 ], [ 27.603787756928757, 47.183400120753795 ], [ 27.60380727110142, 47.183359329384565 ], [ 27.603892763855484, 47.183262529621103 ], [ 27.603895722373675, 47.183259179810975 ], [ 27.603997414311202, 47.183172446266468 ], [ 27.604205893943348, 47.183067304260909 ], [ 27.60429659939081, 47.183009843527671 ], [ 27.604408958073225, 47.182880095153777 ], [ 27.604571249779895, 47.18264200796569 ], [ 27.604465570428214, 47.182606134120398 ], [ 27.604481239317607, 47.182569886631278 ], [ 27.604528157256617, 47.18251225674566 ], [ 27.604611048819148, 47.182388750994946 ], [ 27.604654412643615, 47.182329016770012 ], [ 27.605529404239288, 47.181669679560414 ], [ 27.606719339223144, 47.180976978036789 ], [ 27.606996808034207, 47.180405677436809 ], [ 27.607016372108703, 47.180369515887669 ], [ 27.607221061217917, 47.180044107450769 ], [ 27.608564391744093, 47.177981982424477 ], [ 27.609279123280015, 47.176360830317542 ], [ 27.610420293231556, 47.175038159055035 ], [ 27.611626049081664, 47.173779569505129 ], [ 27.612999468432882, 47.171889020654454 ], [ 27.614144625557042, 47.170720232376851 ], [ 27.615322718048926, 47.169875935544233 ], [ 27.615502230957166, 47.169440540821988 ], [ 27.616977439013869, 47.168485905745371 ], [ 27.617807674907727, 47.167426001811712 ], [ 27.618387411150138, 47.166418321069315 ], [ 27.615495846770681, 47.165251979499054 ], [ 27.615581937109869, 47.165192388731867 ], [ 27.614781526256348, 47.165071223684315 ] ], [ [ 27.596700354487549, 47.184934601872882 ], [ 27.596700354487545, 47.18493460187284 ], [ 27.596872136343045, 47.184336587669925 ], [ 27.596700354487549, 47.184934601872882 ] ], [ [ 27.597070575714913, 47.189523333356355 ], [ 27.597060080948829, 47.189658368191125 ], [ 27.597070575714913, 47.189523333356256 ], [ 27.597078157374995, 47.18930473839194 ], [ 27.597070575714913, 47.189523333356355 ] ], [ [ 27.596882508261807, 47.190730974644779 ], [ 27.596859742051425, 47.190803444547214 ], [ 27.596882508261807, 47.190730974644751 ], [ 27.596957084231391, 47.190438685375227 ], [ 27.596882508261807, 47.190730974644779 ] ] ] } },
{ "type": "Feature", "properties": { "zone_id": "IAS-Z04", "zone_name": "Țicău – Sărărie", "Id": 2771, "Shape_Area": 3942152.6548700002, "denumire": "TICAU-SARARIE", "acces_mult": "MEDIE" }, "geometry": { "type": "Polygon", "coordinates": [ [ [ 27.560367134187423, 47.203919092322565 ], [ 27.560553448969074, 47.203154958760862 ], [ 27.562276775623101, 47.201086412386879 ], [ 27.564317219520259, 47.200013148350919 ], [ 27.566232461877778, 47.197562207844392 ], [ 27.57186332007149, 47.191117097355672 ], [ 27.577251433284147, 47.191961481096769 ], [ 27.577467724421847, 47.190060809645111 ], [ 27.581388133559486, 47.185398481224937 ], [ 27.578932639359284, 47.184402715658806 ], [ 27.578884701854175, 47.184367410046242 ], [ 27.578809923028867, 47.184331789400403 ], [ 27.578658827391763, 47.184279876863826 ], [ 27.578443435462805, 47.184150005861007 ], [ 27.578698543040549, 47.184005113517706 ], [ 27.578768632367169, 47.183965205500641 ], [ 27.578822404730296, 47.183935800836387 ], [ 27.578868391317872, 47.183906772488243 ], [ 27.578938622766223, 47.183861920805533 ], [ 27.579008085349358, 47.183817078564779 ], [ 27.579086873485963, 47.183763733831839 ], [ 27.579193212349324, 47.183687452736791 ], [ 27.579260485970519, 47.18363200756486 ], [ 27.579337934984125, 47.183570011485415 ], [ 27.579436621554986, 47.18348325948611 ], [ 27.579502619310798, 47.183426406858814 ], [ 27.579602353236968, 47.183335976343635 ], [ 27.57963887366698, 47.183301787203618 ], [ 27.579646080713118, 47.183295040214496 ], [ 27.579737884689379, 47.18320909629653 ], [ 27.579851180114073, 47.183107976185362 ], [ 27.579987365095793, 47.182979556903895 ], [ 27.580085904112643, 47.182886639578982 ], [ 27.580187812369186, 47.182791224412114 ], [ 27.580330507635075, 47.182654940646373 ], [ 27.58049279939706, 47.182508388617087 ], [ 27.580594575471025, 47.182414288106166 ], [ 27.580603831278161, 47.18240337765944 ], [ 27.580767821763313, 47.182252803474867 ], [ 27.580903258514791, 47.18213072129786 ], [ 27.5809961361288, 47.182042898958727 ], [ 27.580999798620667, 47.182042493183133 ], [ 27.581179346443598, 47.181876330425531 ], [ 27.581392723259771, 47.181675911080504 ], [ 27.58161335113838, 47.181470913087892 ], [ 27.581778161932039, 47.181319642743318 ], [ 27.581988305920785, 47.181125887661786 ], [ 27.582127274232366, 47.181003579535698 ], [ 27.582222640559838, 47.180923346275165 ], [ 27.582405181872957, 47.180762072160157 ], [ 27.582427928279881, 47.180742550440712 ], [ 27.582433549801241, 47.180737725862095 ], [ 27.582577236113455, 47.180614409053028 ], [ 27.582719841834351, 47.180491165912741 ], [ 27.58286654179944, 47.180365416723333 ], [ 27.583049830858492, 47.180208558515417 ], [ 27.583222632455918, 47.18005949229412 ], [ 27.58343904381622, 47.179869434226184 ], [ 27.5835749299697, 47.179745687798764 ], [ 27.583586127385548, 47.179734978564362 ], [ 27.5836973742691, 47.179628581499301 ], [ 27.583814923169086, 47.179516324757898 ], [ 27.583924770155971, 47.179410759800696 ], [ 27.58497872588077, 47.179701408514994 ], [ 27.585556374638205, 47.180056612160939 ], [ 27.585833456053471, 47.180164920180623 ], [ 27.586302632584673, 47.179400976904716 ], [ 27.589794747273405, 47.180719182757741 ], [ 27.590569303871121, 47.179907440759294 ], [ 27.590996462733813, 47.179848339897084 ], [ 27.591569615563238, 47.179356425100636 ], [ 27.592592145902671, 47.178722699832697 ], [ 27.594486146387812, 47.176516060995226 ], [ 27.595041003554815, 47.175875025976595 ], [ 27.591342148152243, 47.174933783954089 ], [ 27.591199835696049, 47.174921290318771 ], [ 27.591201095770703, 47.174897887557222 ], [ 27.591146005751455, 47.174883867647594 ], [ 27.591155025005108, 47.174821172588743 ], [ 27.591157442043354, 47.174718188923521 ], [ 27.591103073696843, 47.174551861408034 ], [ 27.591078019349549, 47.174457618424626 ], [ 27.591076466594831, 47.174458239762728 ], [ 27.591048248880831, 47.174469531137532 ], [ 27.590950113845391, 47.174503060752038 ], [ 27.590895607482473, 47.174521683785606 ], [ 27.590677316260447, 47.1745956077242 ], [ 27.590677235977484, 47.174595637061074 ], [ 27.590570630235792, 47.174634592837641 ], [ 27.590562146681687, 47.174636410428924 ], [ 27.590561642277262, 47.174636518496946 ], [ 27.59035122608687, 47.174681599676518 ], [ 27.590227149378801, 47.174678629508726 ], [ 27.590170419601893, 47.174679627444341 ], [ 27.590035648296933, 47.174673873156664 ], [ 27.589825323763286, 47.17466502832 ], [ 27.589706690940112, 47.17466271623303 ], [ 27.589548022816221, 47.174665610161334 ], [ 27.589212117854196, 47.174685423268883 ], [ 27.589144045294066, 47.174694517261351 ], [ 27.589081817387161, 47.17470221509803 ], [ 27.588990704427975, 47.174721853216859 ], [ 27.588845026047668, 47.174757847492749 ], [ 27.588815893670692, 47.174769214016791 ], [ 27.588644600217659, 47.174819477528942 ], [ 27.588569761707934, 47.174836141002871 ], [ 27.588475858737244, 47.174854513290562 ], [ 27.58825305915407, 47.174888666753787 ], [ 27.588183997864213, 47.174894921621728 ], [ 27.588161977468449, 47.174902650259995 ], [ 27.588138453266495, 47.174912847284808 ], [ 27.588162409515437, 47.174821898070668 ], [ 27.588181210441341, 47.174773288066767 ], [ 27.588271524065441, 47.174625221489144 ], [ 27.58837146102908, 47.174513786147195 ], [ 27.588504476907801, 47.174377853056583 ], [ 27.589386435388867, 47.173494821997359 ], [ 27.59072856724989, 47.172239609175904 ], [ 27.591803813565679, 47.171192810441127 ], [ 27.592179877033004, 47.170755118684703 ], [ 27.592452464647096, 47.170230460325079 ], [ 27.594388291197944, 47.166958943626724 ], [ 27.593204231924449, 47.166269398594622 ], [ 27.590269058586657, 47.165485102924954 ], [ 27.58091484791268, 47.167849452774725 ], [ 27.581591313080963, 47.168828245071843 ], [ 27.580374363481791, 47.1692329796116 ], [ 27.580358981285929, 47.169246770141804 ], [ 27.580340495497147, 47.169265773465554 ], [ 27.580323347009138, 47.169290854267793 ], [ 27.580296291402643, 47.16933474017911 ], [ 27.580266220936291, 47.169392347207435 ], [ 27.580253718440865, 47.169421503538175 ], [ 27.580236644805051, 47.169459110733307 ], [ 27.580214621064709, 47.169502288738187 ], [ 27.580194786720831, 47.169533811251078 ], [ 27.580127527212444, 47.169659939409932 ], [ 27.580009579980096, 47.169880530936503 ], [ 27.57993042671373, 47.170029872104713 ], [ 27.579881970143749, 47.170119956818773 ], [ 27.579879532709224, 47.17014006088197 ], [ 27.579789408886548, 47.170292499413655 ], [ 27.579504466653823, 47.170815225861666 ], [ 27.579446506493817, 47.17092649629177 ], [ 27.579416558164453, 47.170983972648145 ], [ 27.579335423450026, 47.171185859970926 ], [ 27.579291589508845, 47.171301842463485 ], [ 27.57913564606687, 47.171702566147118 ], [ 27.579064201332177, 47.171911233560728 ], [ 27.579009358496794, 47.172037211360056 ], [ 27.578740624480226, 47.172442414434919 ], [ 27.578728158053568, 47.172471096104509 ], [ 27.578667007546613, 47.172566452375506 ], [ 27.578590797509147, 47.17268341448122 ], [ 27.57840443761317, 47.172970350317179 ], [ 27.578289350782459, 47.173142458032594 ], [ 27.578171898705452, 47.173334442571161 ], [ 27.578163640203499, 47.173348695468476 ], [ 27.578019134676023, 47.173598088359 ], [ 27.577885814142061, 47.173802130906246 ], [ 27.577810501743585, 47.173926296356527 ], [ 27.577709958939007, 47.174096738046472 ], [ 27.577343596719686, 47.174708189095021 ], [ 27.57650259547248, 47.176012217100158 ], [ 27.576422736849771, 47.17612339951657 ], [ 27.576038650401728, 47.176701390294447 ], [ 27.576040508375026, 47.176711659073632 ], [ 27.575986630628485, 47.176806862873718 ], [ 27.575815299056394, 47.177067792090256 ], [ 27.575730394901704, 47.177203703667594 ], [ 27.575728137570245, 47.177207317114224 ], [ 27.575715520318827, 47.177227514299105 ], [ 27.575692499322667, 47.177264365335049 ], [ 27.575521483614445, 47.177514141039538 ], [ 27.575414729903947, 47.177683029643582 ], [ 27.575315531647615, 47.177832147574946 ], [ 27.575314000287708, 47.177834449556322 ], [ 27.575123715275502, 47.178120489399497 ], [ 27.575022408999853, 47.178276827979445 ], [ 27.575012916392886, 47.178299149192434 ], [ 27.57501531775198, 47.17832412019964 ], [ 27.575036851485351, 47.178378975421559 ], [ 27.575074774378308, 47.178500235555454 ], [ 27.575136431665058, 47.178639396240861 ], [ 27.575155079977939, 47.178683237270405 ], [ 27.575169929747005, 47.178704036111945 ], [ 27.575186988743713, 47.178715819529351 ], [ 27.575212471856656, 47.178722068411268 ], [ 27.57523861851589, 47.178723785428566 ], [ 27.574987395542241, 47.178903491394777 ], [ 27.57498210560847, 47.178928612314181 ], [ 27.574970670047442, 47.17894939958947 ], [ 27.574957718070163, 47.178970674862036 ], [ 27.57493996900449, 47.17899282953455 ], [ 27.574919642470888, 47.17901003012669 ], [ 27.574893276700937, 47.179032465803587 ], [ 27.574877756230716, 47.179044999088298 ], [ 27.574836320979401, 47.179078459362309 ], [ 27.574785630995322, 47.179120089286428 ], [ 27.574757962728576, 47.179140465338882 ], [ 27.574734659556555, 47.179150998086108 ], [ 27.574716270348834, 47.179153878307886 ], [ 27.574651327763963, 47.179218889553923 ], [ 27.574632811711172, 47.179235660638859 ], [ 27.574577510047838, 47.179279513006684 ], [ 27.574488485027803, 47.179352625348514 ], [ 27.574484493378506, 47.179355772864255 ], [ 27.574416779117044, 47.17940916718667 ], [ 27.574351726208345, 47.179460245079419 ], [ 27.574273225989696, 47.17952393099393 ], [ 27.574175188603668, 47.179598967740731 ], [ 27.574114218553039, 47.17965060356552 ], [ 27.574106956768485, 47.179653232949988 ], [ 27.574025097939433, 47.17972160625024 ], [ 27.573930952118552, 47.179799758340586 ], [ 27.573801625847867, 47.179900576418298 ], [ 27.573696024457192, 47.179979554358304 ], [ 27.573652662595077, 47.180013628360989 ], [ 27.573626361732838, 47.180034462060547 ], [ 27.573558944338814, 47.180090647201588 ], [ 27.573358701667175, 47.180252085330245 ], [ 27.573283329671664, 47.180312464853905 ], [ 27.573265108523845, 47.180326686504401 ], [ 27.573056484448983, 47.180489517365672 ], [ 27.572929100782513, 47.180586393251829 ], [ 27.572881349618743, 47.180624735949436 ], [ 27.572856680091526, 47.180644544782616 ], [ 27.572846137807254, 47.180653009890179 ], [ 27.572778157456149, 47.180708875206328 ], [ 27.572747501350388, 47.180736410017893 ], [ 27.572732484409137, 47.180744847202028 ], [ 27.572592831791148, 47.180855338618741 ], [ 27.572574210822076, 47.180873015734605 ], [ 27.57255147429424, 47.180891867177351 ], [ 27.572495044059572, 47.180937468651244 ], [ 27.572363234814421, 47.181040628873859 ], [ 27.572325047379412, 47.181073649862853 ], [ 27.572165530977458, 47.181199638845136 ], [ 27.572039691259739, 47.181296323060664 ], [ 27.572002405399211, 47.181326266805065 ], [ 27.571545672491002, 47.181710368557027 ], [ 27.57147870325138, 47.181770992689657 ], [ 27.571352432034427, 47.181883589242375 ], [ 27.571266346645118, 47.181963853108563 ], [ 27.571087752874419, 47.182126560122541 ], [ 27.570984999204335, 47.182219778430664 ], [ 27.570764881826037, 47.182437643520686 ], [ 27.570624680415872, 47.1825635277239 ], [ 27.570596616285997, 47.182588725885878 ], [ 27.57039784372396, 47.182769278114947 ], [ 27.570383104175132, 47.182782666513113 ], [ 27.570227395066802, 47.182924101495175 ], [ 27.570049052701233, 47.183084260684083 ], [ 27.570038505408359, 47.183104024007655 ], [ 27.570027304024283, 47.183119019434429 ], [ 27.569999159269077, 47.183158539692684 ], [ 27.56998444053659, 47.183172195244204 ], [ 27.569964669377338, 47.183182976309929 ], [ 27.569750090175727, 47.183367676486107 ], [ 27.569741844323907, 47.18337706242135 ], [ 27.569723021272566, 47.183398487961007 ], [ 27.569634452390535, 47.18348767152753 ], [ 27.569579843278671, 47.18354302794841 ], [ 27.569540605015998, 47.183582803089017 ], [ 27.569516470520853, 47.18360726776875 ], [ 27.569443663931722, 47.183683478490138 ], [ 27.569371295176751, 47.183758054602244 ], [ 27.569365155622233, 47.183764381410967 ], [ 27.569356435655749, 47.183771557785434 ], [ 27.569300698630208, 47.183832323986977 ], [ 27.569105027626946, 47.184046134046881 ], [ 27.568890922456514, 47.184266394831411 ], [ 27.568530685198567, 47.184631884414749 ], [ 27.568402991177258, 47.184773826683596 ], [ 27.568402855611509, 47.184773965521956 ], [ 27.568115001275196, 47.18505854789877 ], [ 27.567984970089569, 47.185187960633165 ], [ 27.567983700738925, 47.185189223757035 ], [ 27.56781895805868, 47.185353181550248 ], [ 27.567713171054407, 47.185465447273131 ], [ 27.567525400586252, 47.18565292330031 ], [ 27.567337797967035, 47.185847965152242 ], [ 27.567304850700911, 47.185883704928301 ], [ 27.567303975919803, 47.185884578449453 ], [ 27.567199839035471, 47.185988565120894 ], [ 27.567115999794101, 47.186074575598042 ], [ 27.567092643121047, 47.186098184279423 ], [ 27.567078762346139, 47.186112214809711 ], [ 27.567009763617083, 47.186181957812344 ], [ 27.566706585141077, 47.18649019970681 ], [ 27.566580726509422, 47.186619389355791 ], [ 27.566506084572723, 47.186694894058498 ], [ 27.566502330924052, 47.186698840727495 ], [ 27.566482306439212, 47.186719894901479 ], [ 27.566349542419314, 47.186859485344549 ], [ 27.566345011922945, 47.186864248773183 ], [ 27.566330470134602, 47.186878849126856 ], [ 27.566174274000826, 47.187035673710255 ], [ 27.566167975618537, 47.187042143588208 ], [ 27.566166213669256, 47.187043953512571 ], [ 27.566151824944637, 47.187058734012652 ], [ 27.566075174638222, 47.187137471184414 ], [ 27.565898596693444, 47.187317640138311 ], [ 27.565897005292051, 47.187319278844178 ], [ 27.565879783475701, 47.187337012571213 ], [ 27.565728658092269, 47.187492629479792 ], [ 27.565589428364945, 47.187634544215342 ], [ 27.565444498241678, 47.187785282482849 ], [ 27.565441330053357, 47.187788485871714 ], [ 27.56540477596614, 47.187825446064558 ], [ 27.565397234420896, 47.187833071386578 ], [ 27.565382265088537, 47.187848207000975 ], [ 27.565378528734716, 47.18785198485736 ], [ 27.565350012918334, 47.187880817398479 ], [ 27.565316689906226, 47.18791451048093 ], [ 27.565263026149815, 47.187968978632881 ], [ 27.565371349934797, 47.188047437658255 ], [ 27.565394841344752, 47.188083827948624 ], [ 27.565396658898187, 47.188086347470659 ], [ 27.565419161184707, 47.188117540481549 ], [ 27.565460395765331, 47.188173278781726 ], [ 27.565464639257065, 47.188179014858001 ], [ 27.565496136241016, 47.18823707330354 ], [ 27.565515506570971, 47.188284042285659 ], [ 27.565540546629826, 47.188345756601372 ], [ 27.565562305211344, 47.188380759763078 ], [ 27.565596671020675, 47.188413333219472 ], [ 27.565625713983323, 47.188433199412415 ], [ 27.565650141073004, 47.188446741225448 ], [ 27.565681358749167, 47.188456358498449 ], [ 27.565739505030933, 47.188495736548283 ], [ 27.565781296825158, 47.188513091154498 ], [ 27.565818103095733, 47.188530489683203 ], [ 27.565856664022281, 47.188545695718659 ], [ 27.565926910962609, 47.188568523058606 ], [ 27.565976693403456, 47.188582385289557 ], [ 27.566010822108979, 47.188589577356858 ], [ 27.566034006557025, 47.188593249400292 ], [ 27.566105009776109, 47.188627370317874 ], [ 27.56604498490228, 47.188683561745698 ], [ 27.565949797857449, 47.188774323935085 ], [ 27.565906639807306, 47.188814575534757 ], [ 27.56590490484718, 47.188816193653658 ], [ 27.565888107106364, 47.188831860139778 ], [ 27.565837275024229, 47.18887676650759 ], [ 27.565788589086022, 47.188926118825236 ], [ 27.56573313434232, 47.18898170888135 ], [ 27.565717640738331, 47.188998750270237 ], [ 27.567260555708682, 47.189631912615354 ], [ 27.563658944536009, 47.193911903292097 ], [ 27.56203989440699, 47.193590076457816 ], [ 27.562032936692251, 47.193618223797934 ], [ 27.562024585267014, 47.193646194482113 ], [ 27.562014849700024, 47.193673956456657 ], [ 27.562003741145805, 47.193701477906373 ], [ 27.561991272332495, 47.193728727291585 ], [ 27.561977457547538, 47.193755673384651 ], [ 27.561962312620587, 47.193782285305467 ], [ 27.561945854905666, 47.193808532556147 ], [ 27.561928103261543, 47.193834385058032 ], [ 27.561909078029785, 47.193859813183664 ], [ 27.561888801011875, 47.193884787792179 ], [ 27.561867295443363, 47.193909280262496 ], [ 27.561844585968522, 47.193933262526066 ], [ 27.561820698610738, 47.193956707098948 ], [ 27.561795660743908, 47.19397958711339 ], [ 27.561769501060223, 47.194001876348288 ], [ 27.561742249537833, 47.194023549260002 ], [ 27.561713937406182, 47.19404458101112 ], [ 27.561684597110073, 47.194064947498646 ], [ 27.56165426227307, 47.194084625382395 ], [ 27.561622967658501, 47.194103592110764 ], [ 27.560382103527882, 47.193609123991493 ], [ 27.559641870745679, 47.193231052930152 ], [ 27.557668623295157, 47.195275127361896 ], [ 27.556466032048281, 47.195938708394308 ], [ 27.555942322798938, 47.196369538894324 ], [ 27.555415315018056, 47.196062140485438 ], [ 27.55346884386303, 47.19767307817812 ], [ 27.554106645957184, 47.197987589462613 ], [ 27.553704465620818, 47.198439980254506 ], [ 27.55318062597107, 47.19880653709955 ], [ 27.552701725063507, 47.198473870156178 ], [ 27.551906688093919, 47.199194264412796 ], [ 27.551035690039662, 47.199373703065049 ], [ 27.550022388485079, 47.200834260117198 ], [ 27.549704007991565, 47.201530395392162 ], [ 27.549791198015555, 47.202018702831218 ], [ 27.549964032128958, 47.202335722488698 ], [ 27.549596024029878, 47.202502972716147 ], [ 27.55016069596185, 47.203124421764556 ], [ 27.549459268088437, 47.203380992859593 ], [ 27.549787119938603, 47.203773284398828 ], [ 27.554780610163863, 47.205772844525775 ], [ 27.554780672208235, 47.205772884601494 ], [ 27.554881895246126, 47.205659483325604 ], [ 27.554926843097398, 47.205605614298548 ], [ 27.55507292565829, 47.20543378830093 ], [ 27.555101680639609, 47.205336255400795 ], [ 27.555143927355108, 47.205232827271089 ], [ 27.555190452379613, 47.2051074738282 ], [ 27.555275406705448, 47.204871739532692 ], [ 27.555296359209976, 47.204776745581469 ], [ 27.555310580015551, 47.204675421297921 ], [ 27.555331979961888, 47.204589281141132 ], [ 27.555393604414579, 47.204430784819678 ], [ 27.555437652384441, 47.204288082515141 ], [ 27.555438840756924, 47.204172612251945 ], [ 27.555292813566226, 47.203973539215731 ], [ 27.555180193705667, 47.203922980021161 ], [ 27.555145993131465, 47.203905729209083 ], [ 27.555084292888537, 47.203883020770142 ], [ 27.555105073025285, 47.20383354221488 ], [ 27.55510860765396, 47.203825126076246 ], [ 27.555459412251171, 47.203884758030512 ], [ 27.555842202018098, 47.204033281975612 ], [ 27.556134805375038, 47.204254428418338 ], [ 27.558088150624709, 47.205456341233784 ], [ 27.558929724074456, 47.205974143135833 ], [ 27.559196122639271, 47.206014914501125 ], [ 27.559381986816398, 47.205563909575581 ], [ 27.559538169472578, 47.20522441581889 ], [ 27.55966015876114, 47.204980137658787 ], [ 27.559786629184671, 47.204656733729337 ], [ 27.559895703192204, 47.204386149962879 ], [ 27.56005660228811, 47.204182611022027 ], [ 27.560367134187423, 47.203919092322565 ] ] ] } },
{ "type": "Feature", "properties": { "zone_id": "IAS-Z05", "zone_name": "Copou", "Id": 2771, "Shape_Area": 7648908.4648500001, "denumire": "COPOU", "acces_mult": "MEDIE" }, "geometry": { "type": "Polygon", "coordinates": [ [ [ 27.551906688093919, 47.199194264412796 ], [ 27.552701725063507, 47.198473870156178 ], [ 27.55318062597107, 47.19880653709955 ], [ 27.553704465620818, 47.198439980254506 ], [ 27.554106645957184, 47.197987589462613 ], [ 27.55346884386303, 47.19767307817812 ], [ 27.555415315018056, 47.196062140485438 ], [ 27.555942322798938, 47.196369538894324 ], [ 27.556466032048281, 47.195938708394308 ], [ 27.557668623295157, 47.195275127361896 ], [ 27.559641870745679, 47.193231052930152 ], [ 27.560382103527882, 47.193609123991493 ], [ 27.561622967658501, 47.194103592110764 ], [ 27.561654262273077, 47.194084625382374 ], [ 27.561684597110073, 47.194064947498646 ], [ 27.561713937406182, 47.19404458101112 ], [ 27.561742249537833, 47.194023549260002 ], [ 27.561769501060223, 47.194001876348288 ], [ 27.561795660743908, 47.19397958711339 ], [ 27.561820698610738, 47.193956707098948 ], [ 27.561844585968522, 47.193933262526066 ], [ 27.561867295443363, 47.193909280262496 ], [ 27.561888801011875, 47.193884787792179 ], [ 27.561909078029785, 47.193859813183664 ], [ 27.561928103261543, 47.193834385058032 ], [ 27.561945854905666, 47.193808532556147 ], [ 27.561962312620587, 47.193782285305467 ], [ 27.561977457547538, 47.193755673384651 ], [ 27.561991272332495, 47.193728727291585 ], [ 27.562003741145805, 47.193701477906373 ], [ 27.562014849700024, 47.193673956456657 ], [ 27.562024585267014, 47.193646194482113 ], [ 27.562032936692251, 47.193618223797934 ], [ 27.56203989440699, 47.193590076457816 ], [ 27.563658944536009, 47.193911903292097 ], [ 27.567260555708682, 47.189631912615354 ], [ 27.565717640738331, 47.188998750270237 ], [ 27.56573313434232, 47.18898170888135 ], [ 27.565788589086022, 47.188926118825236 ], [ 27.565837275024229, 47.18887676650759 ], [ 27.565888107106364, 47.188831860139778 ], [ 27.56590490484718, 47.188816193653658 ], [ 27.565906639807306, 47.188814575534757 ], [ 27.565949797857449, 47.188774323935085 ], [ 27.56604498490228, 47.188683561745698 ], [ 27.566105009776109, 47.188627370317874 ], [ 27.566034006557025, 47.188593249400292 ], [ 27.566010822108979, 47.188589577356858 ], [ 27.565976693403456, 47.188582385289557 ], [ 27.565926910962609, 47.188568523058606 ], [ 27.565856664022281, 47.188545695718659 ], [ 27.565818103095733, 47.188530489683203 ], [ 27.565781296825158, 47.188513091154498 ], [ 27.565739505030933, 47.188495736548283 ], [ 27.565681358749167, 47.188456358498449 ], [ 27.565650141073004, 47.188446741225448 ], [ 27.565625713983323, 47.188433199412415 ], [ 27.565596671020675, 47.188413333219472 ], [ 27.565562305211344, 47.188380759763078 ], [ 27.565540546629826, 47.188345756601372 ], [ 27.565515506570971, 47.188284042285659 ], [ 27.565496136241016, 47.18823707330354 ], [ 27.565464639257065, 47.188179014858001 ], [ 27.565460395765331, 47.188173278781726 ], [ 27.565419161184707, 47.188117540481549 ], [ 27.565396658898187, 47.188086347470659 ], [ 27.565394841344752, 47.188083827948624 ], [ 27.565371349934797, 47.188047437658255 ], [ 27.565263026149815, 47.187968978632881 ], [ 27.565316689906226, 47.18791451048093 ], [ 27.565350012918334, 47.187880817398479 ], [ 27.565378528734716, 47.18785198485736 ], [ 27.565382265088537, 47.187848207000975 ], [ 27.565397234420896, 47.187833071386578 ], [ 27.56540477596614, 47.187825446064558 ], [ 27.565441330053357, 47.187788485871714 ], [ 27.565444498241678, 47.187785282482849 ], [ 27.565589428364945, 47.187634544215342 ], [ 27.565728658092269, 47.187492629479792 ], [ 27.565879783475701, 47.187337012571213 ], [ 27.565897005292051, 47.187319278844178 ], [ 27.565898596693444, 47.187317640138311 ], [ 27.566075174638222, 47.187137471184414 ], [ 27.566151824944637, 47.187058734012652 ], [ 27.566166213669256, 47.187043953512571 ], [ 27.566167975618537, 47.187042143588208 ], [ 27.566174274000826, 47.187035673710255 ], [ 27.566330470134602, 47.186878849126856 ], [ 27.566345011922945, 47.186864248773183 ], [ 27.566349542419314, 47.186859485344549 ], [ 27.566482306439212, 47.186719894901479 ], [ 27.566502330924052, 47.186698840727495 ], [ 27.566506084572723, 47.186694894058498 ], [ 27.566580726509422, 47.186619389355791 ], [ 27.566706585141077, 47.18649019970681 ], [ 27.567009763617083, 47.186181957812344 ], [ 27.567078762346139, 47.186112214809711 ], [ 27.567092643121047, 47.186098184279423 ], [ 27.567115999794101, 47.186074575598042 ], [ 27.567199839035471, 47.185988565120894 ], [ 27.567303975919803, 47.185884578449453 ], [ 27.567304850700911, 47.185883704928301 ], [ 27.567337797967035, 47.185847965152242 ], [ 27.567525400586252, 47.18565292330031 ], [ 27.567713171054407, 47.185465447273131 ], [ 27.56781895805868, 47.185353181550248 ], [ 27.567983700738925, 47.185189223757035 ], [ 27.567984970089569, 47.185187960633165 ], [ 27.568115001275196, 47.18505854789877 ], [ 27.568402855611509, 47.184773965521956 ], [ 27.568402991177258, 47.184773826683596 ], [ 27.568530685198567, 47.184631884414749 ], [ 27.568890922456514, 47.184266394831411 ], [ 27.569105027626946, 47.184046134046881 ], [ 27.569300698630208, 47.183832323986977 ], [ 27.569356435655749, 47.183771557785434 ], [ 27.569365155622233, 47.183764381410967 ], [ 27.569371295176751, 47.183758054602244 ], [ 27.569443663931722, 47.183683478490138 ], [ 27.569516470520853, 47.18360726776875 ], [ 27.569540605015998, 47.183582803089017 ], [ 27.569579843278671, 47.18354302794841 ], [ 27.569634452390535, 47.18348767152753 ], [ 27.569723021272566, 47.183398487961007 ], [ 27.569741844323907, 47.18337706242135 ], [ 27.569750090175727, 47.183367676486107 ], [ 27.569964669377338, 47.183182976309929 ], [ 27.56998444053659, 47.183172195244204 ], [ 27.569999159269077, 47.183158539692684 ], [ 27.570027304024283, 47.183119019434429 ], [ 27.570038505408359, 47.183104024007655 ], [ 27.570049052701233, 47.183084260684083 ], [ 27.570227395066802, 47.182924101495175 ], [ 27.570383104175132, 47.182782666513113 ], [ 27.57039784372396, 47.182769278114947 ], [ 27.570596616285997, 47.182588725885878 ], [ 27.570624680415872, 47.1825635277239 ], [ 27.570764881826037, 47.182437643520686 ], [ 27.570984999204335, 47.182219778430664 ], [ 27.571087752874419, 47.182126560122541 ], [ 27.571266346645118, 47.181963853108563 ], [ 27.571352432034427, 47.181883589242375 ], [ 27.57147870325138, 47.181770992689657 ], [ 27.571545672491002, 47.181710368557027 ], [ 27.572002405399211, 47.181326266805065 ], [ 27.572039691259739, 47.181296323060664 ], [ 27.572165530977458, 47.181199638845136 ], [ 27.572325047379412, 47.181073649862853 ], [ 27.572363234814421, 47.181040628873859 ], [ 27.572495044059572, 47.180937468651244 ], [ 27.57255147429424, 47.180891867177351 ], [ 27.572574210822076, 47.180873015734605 ], [ 27.572592831791148, 47.180855338618741 ], [ 27.572732484409137, 47.180744847202028 ], [ 27.572747501350388, 47.180736410017893 ], [ 27.572778157456149, 47.180708875206328 ], [ 27.572846137807254, 47.180653009890179 ], [ 27.572856680091526, 47.180644544782616 ], [ 27.572881349618743, 47.180624735949436 ], [ 27.572929100782513, 47.180586393251829 ], [ 27.573056484448983, 47.180489517365672 ], [ 27.573265108523845, 47.180326686504401 ], [ 27.573283329671664, 47.180312464853905 ], [ 27.573358701667175, 47.180252085330245 ], [ 27.573558944338814, 47.180090647201588 ], [ 27.573626361732838, 47.180034462060547 ], [ 27.573652662595077, 47.180013628360989 ], [ 27.573696024457192, 47.179979554358304 ], [ 27.573801625847867, 47.179900576418298 ], [ 27.573930952118552, 47.179799758340586 ], [ 27.574025097939433, 47.17972160625024 ], [ 27.574106956768485, 47.179653232949988 ], [ 27.574114218553039, 47.17965060356552 ], [ 27.574175188603668, 47.179598967740731 ], [ 27.574273225989696, 47.17952393099393 ], [ 27.574351726208345, 47.179460245079419 ], [ 27.574416779117048, 47.179409167186648 ], [ 27.574484493378506, 47.179355772864255 ], [ 27.574488485027803, 47.179352625348514 ], [ 27.574577510047838, 47.179279513006684 ], [ 27.574632811711172, 47.179235660638859 ], [ 27.574651327763963, 47.179218889553923 ], [ 27.574716270348834, 47.179153878307886 ], [ 27.574734659556555, 47.179150998086108 ], [ 27.574757962728576, 47.179140465338882 ], [ 27.574785630995322, 47.179120089286428 ], [ 27.574836320979401, 47.179078459362309 ], [ 27.574877756230716, 47.179044999088298 ], [ 27.574893276700937, 47.179032465803587 ], [ 27.574919642470888, 47.17901003012669 ], [ 27.57493996900449, 47.17899282953455 ], [ 27.574957718070163, 47.178970674862036 ], [ 27.574970670047442, 47.17894939958947 ], [ 27.57498210560847, 47.178928612314181 ], [ 27.574987395542241, 47.178903491394777 ], [ 27.57523861851589, 47.17872378542851 ], [ 27.575212471856656, 47.178722068411268 ], [ 27.575186988743713, 47.178715819529351 ], [ 27.575169929747005, 47.178704036111945 ], [ 27.575155079977943, 47.178683237270342 ], [ 27.575136431665058, 47.178639396240861 ], [ 27.575074774378308, 47.178500235555454 ], [ 27.575036851485351, 47.178378975421559 ], [ 27.57501531775198, 47.17832412019964 ], [ 27.575012916392886, 47.178299149192434 ], [ 27.575022408999853, 47.178276827979445 ], [ 27.575123715275502, 47.178120489399497 ], [ 27.575314000287708, 47.177834449556322 ], [ 27.575315531647615, 47.177832147574946 ], [ 27.575414729903947, 47.177683029643582 ], [ 27.575521483614445, 47.177514141039538 ], [ 27.575692499322667, 47.177264365335049 ], [ 27.575715520318827, 47.177227514299105 ], [ 27.575728137570245, 47.177207317114224 ], [ 27.575730394901704, 47.177203703667594 ], [ 27.575815299056394, 47.177067792090256 ], [ 27.575986630628485, 47.176806862873718 ], [ 27.576040508375026, 47.176711659073632 ], [ 27.576038650401728, 47.176701390294447 ], [ 27.576422736849771, 47.17612339951657 ], [ 27.57650259547248, 47.176012217100158 ], [ 27.577343596719686, 47.174708189095021 ], [ 27.577709958939007, 47.174096738046472 ], [ 27.577810501743585, 47.173926296356527 ], [ 27.577885814142061, 47.173802130906246 ], [ 27.578019134676023, 47.173598088359 ], [ 27.578163640203499, 47.173348695468476 ], [ 27.578171898705452, 47.173334442571161 ], [ 27.578289350782459, 47.173142458032537 ], [ 27.57840443761317, 47.172970350317179 ], [ 27.578590797509147, 47.17268341448122 ], [ 27.578667007546613, 47.172566452375506 ], [ 27.578728158053568, 47.172471096104509 ], [ 27.578740624480226, 47.172442414434919 ], [ 27.579009358496794, 47.172037211360056 ], [ 27.579064201332177, 47.171911233560728 ], [ 27.57913564606687, 47.171702566147118 ], [ 27.579291589508845, 47.171301842463485 ], [ 27.579335423450026, 47.171185859970926 ], [ 27.579416558164453, 47.170983972648145 ], [ 27.579446506493817, 47.17092649629177 ], [ 27.579504466653823, 47.170815225861666 ], [ 27.579789408886548, 47.170292499413655 ], [ 27.579879532709224, 47.17014006088197 ], [ 27.579881970143749, 47.170119956818773 ], [ 27.57993042671373, 47.170029872104713 ], [ 27.580009579980096, 47.169880530936503 ], [ 27.580127527212444, 47.169659939409932 ], [ 27.580194786720831, 47.169533811251078 ], [ 27.580214621064709, 47.169502288738187 ], [ 27.580236644805051, 47.169459110733307 ], [ 27.580253718440865, 47.169421503538175 ], [ 27.580266220936291, 47.169392347207435 ], [ 27.580296291402643, 47.16933474017911 ], [ 27.580323347009138, 47.169290854267793 ], [ 27.580340495497147, 47.169265773465554 ], [ 27.580358981285929, 47.169246770141804 ], [ 27.580374363481791, 47.1692329796116 ], [ 27.580078326539326, 47.169311028570483 ], [ 27.579959637757028, 47.169321813323819 ], [ 27.579935543357145, 47.169323999812981 ], [ 27.579859964320779, 47.169330858333275 ], [ 27.579779014024552, 47.169338983341383 ], [ 27.579778521244112, 47.169338595589167 ], [ 27.579727620815312, 47.169343999312368 ], [ 27.579727599202929, 47.169344020046758 ], [ 27.579700230493732, 47.169347505190778 ], [ 27.57955167522098, 47.16936531608723 ], [ 27.579405806566779, 47.169383788373075 ], [ 27.579248291190595, 47.169407972688106 ], [ 27.57922156496835, 47.169412869092376 ], [ 27.57913897411272, 47.169428000188013 ], [ 27.579005734475714, 47.169457761961731 ], [ 27.578887162599724, 47.16948749434723 ], [ 27.578715221983916, 47.169530925765855 ], [ 27.578607493285826, 47.16955832825645 ], [ 27.578512787022216, 47.169583778008437 ], [ 27.578506727006793, 47.169587000280117 ], [ 27.578502173122381, 47.169590395467416 ], [ 27.578324564946232, 47.169637856353162 ], [ 27.578311518563961, 47.169639690278956 ], [ 27.57828816986326, 47.16964446368133 ], [ 27.578229662326354, 47.169659977414263 ], [ 27.578160177611537, 47.16967882540613 ], [ 27.578043880143777, 47.169710257854014 ], [ 27.577954963743849, 47.169734981903289 ], [ 27.577846580939774, 47.169764565089316 ], [ 27.577725749640031, 47.169798612339569 ], [ 27.577682942927609, 47.169810150170186 ], [ 27.57764013619677, 47.169821687984758 ], [ 27.577476658600958, 47.169870965035258 ], [ 27.577414936687532, 47.169891161427842 ], [ 27.577412367534343, 47.169892002094713 ], [ 27.577154924445651, 47.169976241046847 ], [ 27.577003425677582, 47.170027428433862 ], [ 27.576857917939513, 47.170077211979212 ], [ 27.576831535190838, 47.170083638885977 ], [ 27.576793782755932, 47.17008928237788 ], [ 27.57675815973284, 47.170092417495596 ], [ 27.57664115575178, 47.170095395091415 ], [ 27.576487196814764, 47.170098341704701 ], [ 27.576311066909028, 47.170101577298432 ], [ 27.57620152702177, 47.170109680684419 ], [ 27.575831263368212, 47.169966006128938 ], [ 27.57582111189117, 47.169958790414924 ], [ 27.57580538392336, 47.16994898757185 ], [ 27.57578516527224, 47.169939296731009 ], [ 27.575763777925008, 47.169933373246593 ], [ 27.575730476905857, 47.169926897303164 ], [ 27.575695517113136, 47.16992498363674 ], [ 27.575663581270931, 47.169926838278208 ], [ 27.575616329079846, 47.16993148402468 ], [ 27.575521079440257, 47.169942007966966 ], [ 27.575519151406485, 47.169942220990698 ], [ 27.575261325447599, 47.169970707247423 ], [ 27.574993494416749, 47.170001296692391 ], [ 27.574669218884427, 47.170038963298722 ], [ 27.574563911428189, 47.170050999279965 ], [ 27.574515168933171, 47.170059041036829 ], [ 27.574446322590219, 47.170070399577916 ], [ 27.57442685216861, 47.17007361187671 ], [ 27.574197693015485, 47.170117582030521 ], [ 27.57389946246359, 47.170183132349834 ], [ 27.573642720647651, 47.170252105255656 ], [ 27.573622304183566, 47.170258256816858 ], [ 27.573539548333688, 47.170283236357946 ], [ 27.573474748851524, 47.170305924605024 ], [ 27.573375274395236, 47.170345687408258 ], [ 27.573253849270408, 47.170389095516782 ], [ 27.573107946507584, 47.170438067683342 ], [ 27.573055423685084, 47.170453937300834 ], [ 27.572941172548727, 47.170482460232741 ], [ 27.572881286661012, 47.170497410758863 ], [ 27.572814420422876, 47.170513237300767 ], [ 27.572754490957525, 47.170525573235814 ], [ 27.572617345869716, 47.170551346823309 ], [ 27.572337473763415, 47.170606605241261 ], [ 27.57217151051616, 47.17063836992584 ], [ 27.572050094553109, 47.170661590119302 ], [ 27.57204746139637, 47.170662093695682 ], [ 27.571876247736437, 47.170694837193864 ], [ 27.571747278864219, 47.170722835832763 ], [ 27.571561279051853, 47.170763215362371 ], [ 27.571359526305031, 47.170808381658247 ], [ 27.57128054073576, 47.170824738577771 ], [ 27.571274172198994, 47.170829078042765 ], [ 27.571271825783285, 47.170831260001229 ], [ 27.571268739996995, 47.170835545394894 ], [ 27.571266497165468, 47.170838224352522 ], [ 27.571266251868717, 47.170839949250947 ], [ 27.571264481871978, 47.170841689582566 ], [ 27.571159714490122, 47.170864705634607 ], [ 27.571077583929544, 47.170881329151044 ], [ 27.571022954723823, 47.17089321261323 ], [ 27.57091982996003, 47.17091546432755 ], [ 27.57009584423659, 47.171097854077409 ], [ 27.568592384000691, 47.171456596107603 ], [ 27.568288180446192, 47.171550010960338 ], [ 27.568199054928886, 47.171583322976787 ], [ 27.568168537110541, 47.171594729450028 ], [ 27.567890296039291, 47.171708177838781 ], [ 27.567177548783082, 47.171990670084021 ], [ 27.566364368896433, 47.172334434259199 ], [ 27.566276525589679, 47.172371447053862 ], [ 27.566202966581081, 47.172374238799591 ], [ 27.565880417176018, 47.173177172361214 ], [ 27.563721169105431, 47.174397010319872 ], [ 27.561145294945732, 47.174645218727306 ], [ 27.559553298130059, 47.175241587165971 ], [ 27.557704200830468, 47.175613026630046 ], [ 27.55391707972959, 47.175708834838922 ], [ 27.551805049595259, 47.17544749148464 ], [ 27.551123175354359, 47.17550989027449 ], [ 27.559227577140287, 47.178721991899366 ], [ 27.554753446086259, 47.17968443213708 ], [ 27.551015035824982, 47.178252594641613 ], [ 27.55012193543384, 47.180083505947735 ], [ 27.546597552599994, 47.179731738847146 ], [ 27.546412095022895, 47.180028775633907 ], [ 27.546071132498394, 47.180040836796557 ], [ 27.545474955130896, 47.179995898977737 ], [ 27.545456200993986, 47.180111557040057 ], [ 27.54467813509773, 47.180056740761302 ], [ 27.544550200681453, 47.180515624061776 ], [ 27.543682585673494, 47.180133371530943 ], [ 27.545861193896425, 47.178278240516349 ], [ 27.54705543413418, 47.177460791678897 ], [ 27.547427479806533, 47.17761730922539 ], [ 27.548338247568431, 47.177744027002639 ], [ 27.54993744819452, 47.176072457975209 ], [ 27.548533783735628, 47.175479468407403 ], [ 27.547721503208585, 47.175519420566204 ], [ 27.546395009745201, 47.175847365697209 ], [ 27.546390357602455, 47.17601840438499 ], [ 27.545978714941228, 47.176350860757665 ], [ 27.544696878419295, 47.176545913091275 ], [ 27.544545202343496, 47.176323457476641 ], [ 27.543485973376647, 47.176343949883233 ], [ 27.543061211847476, 47.176164408682268 ], [ 27.542385648608271, 47.176247345852623 ], [ 27.542038068671015, 47.176157863066052 ], [ 27.541587603373351, 47.175826793722145 ], [ 27.540736120569278, 47.175591061778697 ], [ 27.540146144514107, 47.175584930249606 ], [ 27.539418800739881, 47.176858084185689 ], [ 27.539152211848293, 47.177394901540438 ], [ 27.539978367554291, 47.177669248546017 ], [ 27.539985541642629, 47.17832655218016 ], [ 27.540202464948681, 47.178748183399648 ], [ 27.538180562053586, 47.184357320985406 ], [ 27.534035852680645, 47.183912297697113 ], [ 27.534015442185286, 47.18390472489493 ], [ 27.532524267332125, 47.183728574379735 ], [ 27.531705107088776, 47.183630433510046 ], [ 27.531704900139854, 47.183631336109926 ], [ 27.531448033490388, 47.184752863416207 ], [ 27.531461938055092, 47.186432844677476 ], [ 27.531422769009552, 47.186583561637001 ], [ 27.531554400273169, 47.186882828871475 ], [ 27.531413957449793, 47.187326545170585 ], [ 27.531300654002422, 47.187495597133115 ], [ 27.531135874268273, 47.187980481877652 ], [ 27.530935109356843, 47.189298755159079 ], [ 27.530554808996342, 47.190298603956805 ], [ 27.530543514015278, 47.190349868156652 ], [ 27.530251701100212, 47.190344561119467 ], [ 27.529089536514192, 47.190323418633909 ], [ 27.52899279674596, 47.190321658461485 ], [ 27.528922275085211, 47.190683592610753 ], [ 27.528879931722447, 47.190897956931977 ], [ 27.528823366036054, 47.191184318250599 ], [ 27.528784327018244, 47.19138195371491 ], [ 27.528741623106679, 47.191584470069586 ], [ 27.528735522394996, 47.191717741342167 ], [ 27.528684571930885, 47.191949502730928 ], [ 27.528558610808783, 47.192243914123878 ], [ 27.528131054109092, 47.19338170085522 ], [ 27.52795211961471, 47.193786058547687 ], [ 27.527658954616879, 47.194448545252548 ], [ 27.527564483697812, 47.194767105001254 ], [ 27.527533536050434, 47.195044370082336 ], [ 27.527521470132939, 47.195109327748241 ], [ 27.527420670038172, 47.195262103165874 ], [ 27.527357852072555, 47.195316430262764 ], [ 27.527332283757602, 47.195383370209356 ], [ 27.527255917087022, 47.19558330614138 ], [ 27.527213508929439, 47.195829881427429 ], [ 27.527110494721519, 47.196240920954992 ], [ 27.527073929186564, 47.196425104153128 ], [ 27.527104792236159, 47.196528886025796 ], [ 27.527169294311577, 47.196625219865645 ], [ 27.52732174449082, 47.196739086913261 ], [ 27.527441219719915, 47.19691180559655 ], [ 27.527527921540784, 47.197059925407494 ], [ 27.527604934574857, 47.197243181519795 ], [ 27.52768189881639, 47.197359635435824 ], [ 27.527210154854046, 47.197238213394698 ], [ 27.527050998867796, 47.197186373671549 ], [ 27.526817242051788, 47.198092767405875 ], [ 27.526774289736984, 47.198244612922501 ], [ 27.526717303178501, 47.198316961514429 ], [ 27.526612696292588, 47.198449769265387 ], [ 27.526536983575578, 47.198545891794652 ], [ 27.52652394582557, 47.198671476284204 ], [ 27.526505154849605, 47.198852468647985 ], [ 27.52647374943594, 47.19915497062668 ], [ 27.526413986165839, 47.199316602920071 ], [ 27.526354222588029, 47.19947823607567 ], [ 27.526354080472178, 47.199478839312455 ], [ 27.526321616695963, 47.19961663723592 ], [ 27.526316848205326, 47.19973595164965 ], [ 27.526314757787972, 47.199788266105315 ], [ 27.526311154586626, 47.199878439739962 ], [ 27.526459383439846, 47.200498082545316 ], [ 27.526632103124459, 47.200845436029653 ], [ 27.526691132960568, 47.201026272413451 ], [ 27.526860135280391, 47.201142903665286 ], [ 27.526968633781742, 47.201248278297292 ], [ 27.527127960087935, 47.201403015582358 ], [ 27.52718820925152, 47.201517490789541 ], [ 27.527248458718603, 47.201631966857057 ], [ 27.527492471662939, 47.201850717726678 ], [ 27.527270622944016, 47.202038961026403 ], [ 27.527219204783851, 47.202140410192449 ], [ 27.527133875368783, 47.202308771650742 ], [ 27.527012783967667, 47.202547688790695 ], [ 27.526994806429791, 47.202700235675621 ], [ 27.527016653602693, 47.203069752895743 ], [ 27.527109794719301, 47.203174194997281 ], [ 27.527088423127296, 47.203426342562999 ], [ 27.527071623869436, 47.203624540663021 ], [ 27.527112860605165, 47.203789318684429 ], [ 27.527145591079016, 47.203881698777217 ], [ 27.527115033631866, 47.203974423191731 ], [ 27.526796431357607, 47.204246606338991 ], [ 27.526627731371427, 47.204367350112449 ], [ 27.52649719097786, 47.204391126989819 ], [ 27.526362273125955, 47.204396201222558 ], [ 27.526235253937028, 47.204427611804938 ], [ 27.525864013170867, 47.204718595393103 ], [ 27.525277628309212, 47.205178202753416 ], [ 27.524990613775405, 47.205426096617444 ], [ 27.525205474206569, 47.205588331146444 ], [ 27.525226553189334, 47.205627249769933 ], [ 27.524964298855359, 47.206040781131918 ], [ 27.525368301073595, 47.206743287674549 ], [ 27.525459306610582, 47.206788052985701 ], [ 27.524933097916222, 47.207284843707917 ], [ 27.524817084229547, 47.207490381007091 ], [ 27.524701069627397, 47.207695917284752 ], [ 27.523728687459897, 47.208436602272947 ], [ 27.523559156611828, 47.208650148314909 ], [ 27.523498117106509, 47.208797970839413 ], [ 27.523290211223888, 47.2093130839663 ], [ 27.523100399356498, 47.209607177107003 ], [ 27.523786182879544, 47.21014365916507 ], [ 27.523997090537112, 47.210314830417886 ], [ 27.524478115761625, 47.210687953272547 ], [ 27.525070616124534, 47.211165109431626 ], [ 27.525597813316981, 47.211571019405049 ], [ 27.526073827780511, 47.211942555196309 ], [ 27.52624983235938, 47.212083554646789 ], [ 27.526753139348003, 47.212378108888714 ], [ 27.527052538816982, 47.212575660217041 ], [ 27.527600678538956, 47.21286306376679 ], [ 27.527749858333337, 47.21270981813273 ], [ 27.52781531401132, 47.212560470694171 ], [ 27.527905999992001, 47.212353555845638 ], [ 27.527951583866926, 47.212094958695268 ], [ 27.528065259868189, 47.211800416837264 ], [ 27.528245835286999, 47.211597936864727 ], [ 27.528452398730224, 47.211464047250018 ], [ 27.528824552850985, 47.211649408790826 ], [ 27.529003581276548, 47.211745449425436 ], [ 27.529464504595232, 47.211995801503136 ], [ 27.529673906936161, 47.212170915303929 ], [ 27.529688376252306, 47.2121830151412 ], [ 27.529585837962273, 47.212333593094662 ], [ 27.529450678169432, 47.212516212892673 ], [ 27.529367071347693, 47.212618145969657 ], [ 27.529303500312515, 47.212674754990225 ], [ 27.529230048557384, 47.212725509562006 ], [ 27.529147762512505, 47.212769522921654 ], [ 27.529001856958246, 47.212847563250897 ], [ 27.528817162529442, 47.212946351761829 ], [ 27.528514373749825, 47.213108303538796 ], [ 27.528405975543098, 47.213169299657167 ], [ 27.52831135063882, 47.213228542256687 ], [ 27.528196473545709, 47.21330046459056 ], [ 27.52811590925894, 47.213366754263056 ], [ 27.527988817977931, 47.21347132655157 ], [ 27.527572259618434, 47.213850892199382 ], [ 27.527294024108986, 47.214097383071874 ], [ 27.527065641425118, 47.214299705225521 ], [ 27.526929067975782, 47.21441542928897 ], [ 27.526723117570093, 47.214593515219789 ], [ 27.526566831532008, 47.214720689967514 ], [ 27.526410544713588, 47.214847863606686 ], [ 27.526268267124351, 47.214933490571788 ], [ 27.526383126392492, 47.215002835813834 ], [ 27.526438670837894, 47.215036370751321 ], [ 27.526319246172072, 47.215240507602054 ], [ 27.526189564665007, 47.21550917395308 ], [ 27.525800782170567, 47.216314615454991 ], [ 27.525663506522626, 47.216557104433242 ], [ 27.525546887913805, 47.216763103832726 ], [ 27.525479016526617, 47.216909849590117 ], [ 27.525351468779704, 47.21718707259982 ], [ 27.525211873542027, 47.217435484022857 ], [ 27.524986359629203, 47.217924494621791 ], [ 27.524835730580694, 47.218241235795148 ], [ 27.524645644288647, 47.218667165296061 ], [ 27.52445035045843, 47.219020173860763 ], [ 27.524315987141946, 47.219288107334393 ], [ 27.524177200518423, 47.21953825517879 ], [ 27.524070887168577, 47.219700767278859 ], [ 27.523847227955383, 47.219991776101907 ], [ 27.523420934002569, 47.220577369526829 ], [ 27.523218393306877, 47.220833728981006 ], [ 27.52301585201532, 47.221090088047291 ], [ 27.522947294261812, 47.221169804071998 ], [ 27.52288739189925, 47.221266475343946 ], [ 27.522672147540906, 47.221685161231733 ], [ 27.522582361767572, 47.221902143120836 ], [ 27.522281173585448, 47.222201380940731 ], [ 27.521023073120173, 47.22359595773807 ], [ 27.52090186682296, 47.223893258066013 ], [ 27.520893220717834, 47.223974853593354 ], [ 27.520848905891508, 47.224393054655266 ], [ 27.520791122692664, 47.22493834303345 ], [ 27.520736027338362, 47.225200138514978 ], [ 27.520747623416213, 47.225346682624902 ], [ 27.520749533682618, 47.225454328318641 ], [ 27.520713570835913, 47.225496407986128 ], [ 27.520671674951419, 47.22550744057375 ], [ 27.520578510651355, 47.225531972135514 ], [ 27.520432439461874, 47.225551226798096 ], [ 27.520303460258354, 47.225583182907201 ], [ 27.520333818923934, 47.225597384433321 ], [ 27.520364176285447, 47.225611585979799 ], [ 27.520387645391445, 47.22563716415781 ], [ 27.520399467623324, 47.225650048069376 ], [ 27.520411114519941, 47.225662742330577 ], [ 27.520413882853951, 47.225674777854799 ], [ 27.520422189226249, 47.22571088529655 ], [ 27.520422883396918, 47.225754597665507 ], [ 27.520423576207701, 47.225798309163785 ], [ 27.520421602049161, 47.2258336921265 ], [ 27.520417600502086, 47.225905434651558 ], [ 27.520427108178012, 47.225905227520649 ], [ 27.520728970896123, 47.225907801449885 ], [ 27.521318266270956, 47.225930158882328 ], [ 27.521708780857676, 47.225955520783252 ], [ 27.522738312718033, 47.226040140366969 ], [ 27.523173340267732, 47.226111752843003 ], [ 27.523753224070695, 47.226223622699607 ], [ 27.523966826899464, 47.226272924446675 ], [ 27.52427263081081, 47.226343507745483 ], [ 27.524792038465076, 47.226463389561857 ], [ 27.525576103360127, 47.22662873589492 ], [ 27.529244563133737, 47.227605226334575 ], [ 27.530159596346305, 47.227850432918075 ], [ 27.530229323526758, 47.227866965393261 ], [ 27.530254228831591, 47.227820647783595 ], [ 27.530466825428586, 47.227425118956077 ], [ 27.53061837879125, 47.227256291868706 ], [ 27.530777335819533, 47.227034401906835 ], [ 27.531865538815385, 47.224728573749054 ], [ 27.533474158736766, 47.225102507521626 ], [ 27.533371922219587, 47.225304526173282 ], [ 27.533917602444649, 47.225432015645794 ], [ 27.534123513315141, 47.225468188011064 ], [ 27.534366008560532, 47.22550647412239 ], [ 27.534845117802458, 47.225582678770898 ], [ 27.535027153945883, 47.22554457655346 ], [ 27.53540161520343, 47.225378958757517 ], [ 27.536918563937533, 47.22589533161517 ], [ 27.53864635858265, 47.226483440070098 ], [ 27.539392747411213, 47.226737484620926 ], [ 27.539583330979262, 47.226797955978476 ], [ 27.540280716886926, 47.226315097443027 ], [ 27.54104703960223, 47.225784980577323 ], [ 27.541509033236625, 47.225462973068147 ], [ 27.540720711433909, 47.225074007007294 ], [ 27.540877524519949, 47.224742677249552 ], [ 27.541034335709252, 47.224411347259128 ], [ 27.541445088658463, 47.223511437660747 ], [ 27.541658974812407, 47.223088304451728 ], [ 27.542125749390706, 47.222132548490336 ], [ 27.54246816442912, 47.221834828000155 ], [ 27.54432941184935, 47.222482291401896 ], [ 27.54451870038913, 47.222559115533649 ], [ 27.544577140740405, 47.222578454910419 ], [ 27.544638260855354, 47.222504392874697 ], [ 27.544652230286921, 47.222460523396805 ], [ 27.544797468805868, 47.222223833022341 ], [ 27.545359921604042, 47.221191566773228 ], [ 27.545618879399864, 47.22128509634954 ], [ 27.545935702619136, 47.221404194729075 ], [ 27.546105666569524, 47.22146822260931 ], [ 27.546418726204202, 47.221585620792972 ], [ 27.546461314096444, 47.221603526433164 ], [ 27.546566860834968, 47.221649435608398 ], [ 27.546661552043297, 47.22169022769075 ], [ 27.546814197016637, 47.221504791366854 ], [ 27.546920101801689, 47.22136917249248 ], [ 27.54704043607201, 47.221201668706904 ], [ 27.547128306685178, 47.221072376753355 ], [ 27.547310757395547, 47.220774833880498 ], [ 27.547431212680866, 47.220558428521009 ], [ 27.547591007089142, 47.22026197792384 ], [ 27.547774202379721, 47.219916212215793 ], [ 27.547902220437628, 47.219677224151724 ], [ 27.548056145106816, 47.219384663458314 ], [ 27.548156859602546, 47.219194095066626 ], [ 27.548257312054098, 47.218991618172403 ], [ 27.54833399810499, 47.218817704401282 ], [ 27.548407352724659, 47.218639004699938 ], [ 27.548486955647839, 47.218410800870394 ], [ 27.548586022539734, 47.218062027596439 ], [ 27.548629943871294, 47.217854001730863 ], [ 27.548710767769386, 47.217386371462368 ], [ 27.548731109684176, 47.217268158326249 ], [ 27.548754679884283, 47.21712975313455 ], [ 27.548881816240854, 47.216692939322485 ], [ 27.549029240932612, 47.216414281678979 ], [ 27.549333798460211, 47.216055082370794 ], [ 27.549463810802358, 47.21591490702771 ], [ 27.549804482385596, 47.215549864880714 ], [ 27.550129751254843, 47.215196526454733 ], [ 27.550344395013223, 47.214905745897568 ], [ 27.550496664781505, 47.214549138361726 ], [ 27.550586503909717, 47.214201133033882 ], [ 27.550688390132947, 47.213919109894235 ], [ 27.550817719372684, 47.213699111979082 ], [ 27.551007078357706, 47.213447851590423 ], [ 27.551113407990343, 47.213290028162575 ], [ 27.551241202872038, 47.213015000850021 ], [ 27.551380630227431, 47.212654886594599 ], [ 27.551536114601301, 47.21236788283403 ], [ 27.551893920969285, 47.212000952901057 ], [ 27.551998168521372, 47.21190892754403 ], [ 27.552163823259477, 47.211747688454579 ], [ 27.552397900572718, 47.211433402128471 ], [ 27.55261823654903, 47.211078841795747 ], [ 27.552517305622359, 47.211013742977066 ], [ 27.552462171488941, 47.210978182123803 ], [ 27.552413918808693, 47.210857612142846 ], [ 27.552388759492533, 47.210743353544714 ], [ 27.552332666087469, 47.210625350177196 ], [ 27.552274872730575, 47.210520756282953 ], [ 27.552231138884082, 47.21039994253087 ], [ 27.552192483224466, 47.210305121797369 ], [ 27.552156714017357, 47.210242974452321 ], [ 27.55216893380636, 47.210225283448956 ], [ 27.552307037688056, 47.210152451706982 ], [ 27.552379633935804, 47.210087247367582 ], [ 27.552419994742205, 47.210031761948059 ], [ 27.552486148101057, 47.209951033053144 ], [ 27.552512631501749, 47.20984556935808 ], [ 27.55252636875322, 47.209757277395234 ], [ 27.552534916563758, 47.209727069264105 ], [ 27.552566900241057, 47.209651206719862 ], [ 27.552615599467075, 47.209515827138326 ], [ 27.552648286499416, 47.209408921683661 ], [ 27.552689545684146, 47.209307892130944 ], [ 27.552753838657789, 47.209161927863022 ], [ 27.552868884518862, 47.208944662911406 ], [ 27.55304089760423, 47.208729074018535 ], [ 27.553057217450306, 47.208714864874871 ], [ 27.55318874258327, 47.208615694137912 ], [ 27.553287623264779, 47.208530678838827 ], [ 27.55333086500648, 47.208486116813006 ], [ 27.553439032037588, 47.208380064489241 ], [ 27.553504794102786, 47.208336732987149 ], [ 27.55359469187081, 47.208315275270593 ], [ 27.55366949590324, 47.208224654068864 ], [ 27.553689980197102, 47.208159168513234 ], [ 27.553720380899623, 47.208101724788037 ], [ 27.553819448459059, 47.207962074003689 ], [ 27.553939105009402, 47.207816371353466 ], [ 27.55414554709569, 47.207503266822322 ], [ 27.554221862659652, 47.207321455376729 ], [ 27.554272567103265, 47.207225318797761 ], [ 27.554352829338193, 47.207011834771556 ], [ 27.554435463308227, 47.206814360905284 ], [ 27.554486593894641, 47.206699713537205 ], [ 27.554547069547272, 47.206543060944348 ], [ 27.554558239027177, 47.206512758715128 ], [ 27.554557394249962, 47.206438907316951 ], [ 27.55454137610975, 47.20640001789949 ], [ 27.554554619858958, 47.206276722623763 ], [ 27.55465731901009, 47.206025020332262 ], [ 27.554740568247212, 47.205865524940229 ], [ 27.55474703628769, 47.205851596117697 ], [ 27.554777841579778, 47.205776055777456 ], [ 27.554780672208235, 47.205772884601494 ], [ 27.554780610163863, 47.205772844525775 ], [ 27.549787119938603, 47.203773284398828 ], [ 27.549459268088437, 47.203380992859593 ], [ 27.55016069596185, 47.203124421764556 ], [ 27.549596024029878, 47.202502972716147 ], [ 27.549964032128958, 47.202335722488698 ], [ 27.549791198015555, 47.202018702831218 ], [ 27.549704007991565, 47.201530395392162 ], [ 27.550022388485079, 47.200834260117198 ], [ 27.551035690039662, 47.199373703065049 ], [ 27.551906688093919, 47.199194264412796 ] ], [ [ 27.550959539147684, 47.199300277251666 ], [ 27.551035690039662, 47.199373703065049 ], [ 27.550959539147602, 47.199300277251666 ], [ 27.550959539147684, 47.199300277251666 ] ], [ [ 27.54097570219789, 47.201952569214676 ], [ 27.540975702197933, 47.201952569214562 ], [ 27.541212264277771, 47.202066511371385 ], [ 27.54097570219789, 47.201952569214676 ] ] ] } },
{ "type": "Feature", "properties": { "zone_id": "IAS-Z06", "zone_name": "Dacia", "Id": 2771, "Shape_Area": 2049125.4079700001, "denumire": "DACIA", "acces_mult": "MEDIE" }, "geometry": { "type": "Polygon", "coordinates": [ [ [ 27.523609042982578, 47.15844534586256 ], [ 27.522882884302803, 47.158337686938168 ], [ 27.52212001184623, 47.158214527700522 ], [ 27.521369671334863, 47.158096894341199 ], [ 27.521077011002081, 47.158041338377153 ], [ 27.520629451956186, 47.157945173187088 ], [ 27.520237535195403, 47.157831136622363 ], [ 27.519727017359113, 47.157740461868379 ], [ 27.519116959460884, 47.157670563316593 ], [ 27.518823013553234, 47.157666052586563 ], [ 27.51820659342933, 47.157726787643185 ], [ 27.516192095088027, 47.158027906288496 ], [ 27.515628776324426, 47.158091053251674 ], [ 27.515220125270194, 47.158099683745796 ], [ 27.514665449787319, 47.158109860363929 ], [ 27.513131036618276, 47.158251255714219 ], [ 27.511559988233905, 47.158321922586147 ], [ 27.509907631771355, 47.158425162925134 ], [ 27.509427968724513, 47.158502112081813 ], [ 27.509341984754357, 47.15852202806083 ], [ 27.508118435949964, 47.158762435460368 ], [ 27.506923691445586, 47.158980201497123 ], [ 27.505928093085807, 47.159106657040446 ], [ 27.504152490157335, 47.159388329815101 ], [ 27.502602652471786, 47.159647522734346 ], [ 27.501423574393602, 47.159843313327173 ], [ 27.50049380224559, 47.159988643473078 ], [ 27.499638109305554, 47.160229730350679 ], [ 27.499388880623172, 47.160283774588954 ], [ 27.498190673056595, 47.160329856172197 ], [ 27.497393512436751, 47.160350930184734 ], [ 27.49716359940755, 47.160335712340483 ], [ 27.496718653885214, 47.160259762498349 ], [ 27.495972399708094, 47.160112666648757 ], [ 27.49582973662298, 47.160103175370367 ], [ 27.49571808670208, 47.160112361624357 ], [ 27.495441737665576, 47.160178807033965 ], [ 27.495280970117232, 47.160153319239086 ], [ 27.495158401777921, 47.160094944476285 ], [ 27.495078426903614, 47.160059442899474 ], [ 27.494862161990238, 47.159994829101414 ], [ 27.494529546962411, 47.160028604648325 ], [ 27.494465984581371, 47.16003118642206 ], [ 27.494300641688675, 47.160041410999469 ], [ 27.4939834842856, 47.160056090107844 ], [ 27.493730018210215, 47.160057510886766 ], [ 27.493366715714568, 47.160057695091311 ], [ 27.4929399377218, 47.160113088724096 ], [ 27.492751713015092, 47.160110011291614 ], [ 27.492563941370204, 47.160064611969723 ], [ 27.492414153766688, 47.159990470558583 ], [ 27.492318782880158, 47.159892866133241 ], [ 27.492184870570874, 47.15973593624571 ], [ 27.492055400771367, 47.159993785793404 ], [ 27.491902796349471, 47.160207374354307 ], [ 27.491600365657472, 47.160473882447469 ], [ 27.491201961304863, 47.160832057599336 ], [ 27.490994830904047, 47.160944693723302 ], [ 27.487770428529721, 47.162518752975714 ], [ 27.48669830567944, 47.163042134301882 ], [ 27.486693308279506, 47.163597207333979 ], [ 27.486698992855729, 47.164155874943226 ], [ 27.486677979983973, 47.164731827160104 ], [ 27.486657870115309, 47.165215172651557 ], [ 27.486613353554056, 47.165655219517689 ], [ 27.486585781693229, 47.165952948095338 ], [ 27.486564593837933, 47.166775691727665 ], [ 27.48654878036238, 47.166932221416474 ], [ 27.486519627176811, 47.16703739471567 ], [ 27.486426143459756, 47.167255174766765 ], [ 27.486349593549381, 47.167533286461428 ], [ 27.486335212662244, 47.167697416118521 ], [ 27.486439157063941, 47.168177274438364 ], [ 27.486470456126099, 47.168384452111411 ], [ 27.486504480936116, 47.168685669991646 ], [ 27.486510602638127, 47.16879380105398 ], [ 27.48654046053538, 47.169093641718625 ], [ 27.486574472616653, 47.169633971753534 ], [ 27.48661490202208, 47.170185789922385 ], [ 27.486630546404903, 47.170546622944322 ], [ 27.48665495051641, 47.171014972252181 ], [ 27.486667868958992, 47.171336251790876 ], [ 27.486685938279759, 47.171741224829113 ], [ 27.486668462444399, 47.17204529565695 ], [ 27.4866070608199, 47.172347179569954 ], [ 27.485676501093852, 47.172331364248109 ], [ 27.485246468061739, 47.172339150205758 ], [ 27.484838064993788, 47.172277297252883 ], [ 27.484825065734626, 47.172170195930093 ], [ 27.484662198233359, 47.172179598930207 ], [ 27.484659898386401, 47.172366846883527 ], [ 27.484361425295926, 47.172407356037205 ], [ 27.48437513841213, 47.172487086219128 ], [ 27.48439757206166, 47.172617518080386 ], [ 27.48381845113073, 47.172720061168008 ], [ 27.483303979611239, 47.172811154225933 ], [ 27.482803607965693, 47.172904704793247 ], [ 27.482279182566632, 47.173024370639048 ], [ 27.481674301999465, 47.173163020224429 ], [ 27.481436303521576, 47.173212725179155 ], [ 27.481260714038878, 47.173255934220087 ], [ 27.481306628308349, 47.17334723880937 ], [ 27.481374399524768, 47.173396014778639 ], [ 27.481427277734987, 47.173472934055589 ], [ 27.481456831812054, 47.173519983509479 ], [ 27.481447760096589, 47.17356617914465 ], [ 27.481575315601138, 47.173363176837391 ], [ 27.482052200774987, 47.173246914723805 ], [ 27.485969607604478, 47.17252647927684 ], [ 27.504800824008431, 47.172478767437504 ], [ 27.504885237336151, 47.169964001219448 ], [ 27.520629959055952, 47.169780945508812 ], [ 27.529849941258703, 47.171124735305384 ], [ 27.529653898563211, 47.172191903516577 ], [ 27.536026360004286, 47.172117623045096 ], [ 27.557232641993224, 47.171687088990211 ], [ 27.559444596803747, 47.170997375781972 ], [ 27.560197850657179, 47.170629735647289 ], [ 27.560082741953721, 47.170528009637778 ], [ 27.560087826015337, 47.170523897583365 ], [ 27.560099404519182, 47.170514532737471 ], [ 27.560071610379712, 47.17049273547245 ], [ 27.560063947342421, 47.170486725810512 ], [ 27.560007270648573, 47.170442277611507 ], [ 27.559967375619017, 47.170407207749392 ], [ 27.559966811258818, 47.170407486978526 ], [ 27.559772161984565, 47.170220242020612 ], [ 27.559758742361417, 47.170219597566167 ], [ 27.559746775840605, 47.170217168728421 ], [ 27.559541102579132, 47.17003968999925 ], [ 27.559288470671191, 47.169829794089033 ], [ 27.558785802167318, 47.169409343406485 ], [ 27.558785917060703, 47.169393028772923 ], [ 27.558807424732233, 47.169377296469989 ], [ 27.558761342877276, 47.169338373643178 ], [ 27.558740312839092, 47.169348622814269 ], [ 27.558709466063473, 47.169345543590701 ], [ 27.558028589498125, 47.168783918077196 ], [ 27.558009206502781, 47.168760899017968 ], [ 27.557977006105308, 47.168699431863246 ], [ 27.557972105602314, 47.168650723424001 ], [ 27.557979666596609, 47.16861721563437 ], [ 27.558005067859646, 47.168560285810749 ], [ 27.558023825625909, 47.168538336502984 ], [ 27.558084908099726, 47.168466861001768 ], [ 27.557894343873766, 47.168225600526434 ], [ 27.55787513006938, 47.168205287105835 ], [ 27.557864718331519, 47.168184119790411 ], [ 27.557858588277984, 47.168153606531739 ], [ 27.557831185896145, 47.168014740056023 ], [ 27.557805573660019, 47.167908652140952 ], [ 27.557758809138093, 47.167689451984998 ], [ 27.557599255182172, 47.166933552594912 ], [ 27.557513856236575, 47.166942162800936 ], [ 27.557477262571137, 47.166910632595453 ], [ 27.557479375346166, 47.16688126911135 ], [ 27.55751051144701, 47.166809005714107 ], [ 27.557552144507596, 47.166753488812091 ], [ 27.557485091129056, 47.166465622742386 ], [ 27.557450307336733, 47.166460115061568 ], [ 27.557426521641528, 47.166453949812883 ], [ 27.557405654119329, 47.166446593153481 ], [ 27.5573868150443, 47.166436550472518 ], [ 27.557355414258129, 47.166414993572651 ], [ 27.557334388603476, 47.166389772454735 ], [ 27.557321727384789, 47.166367736336547 ], [ 27.557308566535177, 47.166337446388766 ], [ 27.55718452381311, 47.165735111478114 ], [ 27.557148100331261, 47.165581225828568 ], [ 27.55697608487856, 47.16475277113878 ], [ 27.556956049666304, 47.16468048976369 ], [ 27.556903331837102, 47.164435071460908 ], [ 27.556875829567968, 47.164300483579517 ], [ 27.556871508542198, 47.164282261634725 ], [ 27.556867632197353, 47.164264287613754 ], [ 27.556841568566114, 47.164143434192425 ], [ 27.556836958072857, 47.164122055917552 ], [ 27.556817086172842, 47.164023946377078 ], [ 27.556797658673155, 47.163919504643445 ], [ 27.556763810391775, 47.163770444032103 ], [ 27.55676203639289, 47.163696147234234 ], [ 27.556719214471087, 47.163532474584251 ], [ 27.556699621205862, 47.163484956017413 ], [ 27.556569248777361, 47.16286719674892 ], [ 27.556479711067208, 47.162514201122796 ], [ 27.556152334537064, 47.16238786017869 ], [ 27.555682184405153, 47.162284633222242 ], [ 27.555677982898104, 47.162281506115917 ], [ 27.552979343317357, 47.165124232031054 ], [ 27.552466575274668, 47.165259453270806 ], [ 27.552473811462189, 47.165272474889434 ], [ 27.552513697995362, 47.16533395991182 ], [ 27.552485992776042, 47.165351653015598 ], [ 27.552409296532282, 47.165401937277394 ], [ 27.552355444245926, 47.165438753145011 ], [ 27.552326148679708, 47.165446823836547 ], [ 27.552201592202518, 47.165473523851823 ], [ 27.552008142990282, 47.165499014035298 ], [ 27.551920827548035, 47.165503532424914 ], [ 27.551767459062731, 47.165504185763083 ], [ 27.551547179244896, 47.165501681094916 ], [ 27.551394012875203, 47.165497461062294 ], [ 27.551387058446679, 47.16549726944951 ], [ 27.55128039112989, 47.16549433042983 ], [ 27.55105724869939, 47.165480948892672 ], [ 27.550979483991537, 47.16547980201166 ], [ 27.550792129951514, 47.165482935519421 ], [ 27.550543202835222, 47.165473469578401 ], [ 27.550287108248376, 47.165458880463952 ], [ 27.550015611349824, 47.16544626909203 ], [ 27.549740545178775, 47.16543880413321 ], [ 27.549404435691898, 47.165417672347502 ], [ 27.549102222326066, 47.165391611755247 ], [ 27.548849161094513, 47.16537704136779 ], [ 27.548731121327204, 47.165372212667805 ], [ 27.548655892967389, 47.165369604609161 ], [ 27.548538891016634, 47.16536896225611 ], [ 27.548409511730398, 47.165374422358489 ], [ 27.548198961397915, 47.165377129036493 ], [ 27.547924740613155, 47.165371169300016 ], [ 27.547681712208806, 47.16536061867216 ], [ 27.547366450990303, 47.165342154600566 ], [ 27.547042220600993, 47.165325408413068 ], [ 27.546735250042197, 47.165310824979592 ], [ 27.546435686143621, 47.165299275824374 ], [ 27.5462090907746, 47.165295033364814 ], [ 27.545987830835585, 47.165293326401518 ], [ 27.545862643239264, 47.165289721036537 ], [ 27.545805364238973, 47.165290965897874 ], [ 27.545620524580716, 47.165287982923637 ], [ 27.545413335644884, 47.16527920341565 ], [ 27.545278045409621, 47.165271130217491 ], [ 27.545145690064828, 47.16525573134281 ], [ 27.544989187479629, 47.165229900113687 ], [ 27.544937599496862, 47.165223776604442 ], [ 27.544750770549907, 47.165313211072196 ], [ 27.544044922752491, 47.164795234586428 ], [ 27.544018106810537, 47.164810195690869 ], [ 27.53939173059425, 47.162273409348884 ], [ 27.539205360853394, 47.162166520885151 ], [ 27.53706348618536, 47.160997098418058 ], [ 27.535141731086267, 47.160048730846036 ], [ 27.53515710290068, 47.160019138382488 ], [ 27.534899959403376, 47.160038733281269 ], [ 27.534124847819999, 47.160130653300811 ], [ 27.533787727158259, 47.160168071212006 ], [ 27.533566971557732, 47.160182249927828 ], [ 27.533389998197187, 47.160187891861909 ], [ 27.532921118838477, 47.160185612246252 ], [ 27.532729135787541, 47.160168653161818 ], [ 27.532096188447419, 47.159977012894764 ], [ 27.531804060048245, 47.159919492496336 ], [ 27.53141702903098, 47.159818992596811 ], [ 27.531065604506935, 47.159713653441521 ], [ 27.530741292556549, 47.159608016689553 ], [ 27.530571367244416, 47.159544983467228 ], [ 27.530486308196231, 47.159739535771998 ], [ 27.530357235139824, 47.160015959190872 ], [ 27.530313422449911, 47.160113877949577 ], [ 27.530254518063966, 47.160101616813165 ], [ 27.529758222130798, 47.159950347034339 ], [ 27.528892819530377, 47.159678359453139 ], [ 27.528019662207328, 47.159398382168746 ], [ 27.527969423279849, 47.159357690492691 ], [ 27.527908139927153, 47.159340538075163 ], [ 27.527776329162609, 47.159332990596511 ], [ 27.527442333785189, 47.159266754989446 ], [ 27.526789085476153, 47.159060213885326 ], [ 27.526107405979765, 47.158849062093239 ], [ 27.525342445931031, 47.158688507773121 ], [ 27.525091437060048, 47.158647475928568 ], [ 27.524352852585913, 47.158550104191939 ], [ 27.523694748662134, 47.158457416937424 ], [ 27.523609042982578, 47.15844534586256 ] ] ] } },
{ "type": "Feature", "properties": { "zone_id": "IAS-Z07", "zone_name": "Păcurari", "Id": 2771, "Shape_Area": 4048651.7263199999, "denumire": "PACURARI", "acces_mult": "MEDIE" }, "geometry": { "type": "Polygon", "coordinates": [ [ [ 27.575831263368212, 47.169966006128938 ], [ 27.576070487244351, 47.169596711374496 ], [ 27.576085534298947, 47.169540667156618 ], [ 27.576018186895151, 47.168409094196839 ], [ 27.575953384223951, 47.168215928789593 ], [ 27.574262560063762, 47.167293048281174 ], [ 27.57252329081695, 47.166777179601745 ], [ 27.572310284025171, 47.16669503706165 ], [ 27.572289043602879, 47.166685213795013 ], [ 27.571947567761697, 47.166555884308778 ], [ 27.571374369832029, 47.166337234955982 ], [ 27.571115823146307, 47.166256425453533 ], [ 27.571079273567374, 47.166248743497015 ], [ 27.571052018700968, 47.166246778321465 ], [ 27.571026922831191, 47.16624603772236 ], [ 27.570978562088413, 47.16624767101473 ], [ 27.570903796204732, 47.16626072166784 ], [ 27.570838760578486, 47.166277511904568 ], [ 27.570759045064769, 47.166311628619496 ], [ 27.569879933973244, 47.166775105152993 ], [ 27.569053107900874, 47.166128168359599 ], [ 27.568999522893453, 47.166159633747434 ], [ 27.568589758467407, 47.16639170987736 ], [ 27.568003928965137, 47.166723497079531 ], [ 27.563833192974307, 47.169028459264986 ], [ 27.562756960570638, 47.169380638498502 ], [ 27.560197850657179, 47.170629735647289 ], [ 27.559444596803747, 47.170997375781972 ], [ 27.559119729783969, 47.171098676841524 ], [ 27.557232641993224, 47.171687088990211 ], [ 27.536026360004286, 47.172117623045096 ], [ 27.529653898563211, 47.172191903516577 ], [ 27.529849941258703, 47.171124735305384 ], [ 27.520629959055952, 47.169780945508812 ], [ 27.504885237336151, 47.169964001219448 ], [ 27.504800824008431, 47.172478767437504 ], [ 27.485969607604478, 47.17252647927684 ], [ 27.482052200774987, 47.173246914723805 ], [ 27.481575315601138, 47.173363176837391 ], [ 27.481447760096589, 47.173566179144601 ], [ 27.481243951245194, 47.173652476224028 ], [ 27.48087063537012, 47.173804935052182 ], [ 27.480808478416193, 47.173830319189626 ], [ 27.480482715717052, 47.173987782795436 ], [ 27.480045325421887, 47.174188538419912 ], [ 27.47972267869056, 47.174351566114161 ], [ 27.479000049840078, 47.174801045947596 ], [ 27.478734384639925, 47.175009110995788 ], [ 27.478368823192568, 47.175486980193966 ], [ 27.477874835281956, 47.176126920521028 ], [ 27.47738048055335, 47.176868838488481 ], [ 27.477310633741613, 47.177030788979309 ], [ 27.477174464023914, 47.177623375510173 ], [ 27.477145846909298, 47.177686276866332 ], [ 27.47702428516725, 47.178144848939759 ], [ 27.476704275283353, 47.179141558031176 ], [ 27.476648875323594, 47.179635525573822 ], [ 27.476663725042698, 47.179649893233503 ], [ 27.476648966483953, 47.179686203697315 ], [ 27.476629860961449, 47.179686027978931 ], [ 27.476463120946015, 47.179752841085822 ], [ 27.476463469169204, 47.17979878943887 ], [ 27.476470460824828, 47.179831664539975 ], [ 27.476490544028074, 47.179887439645064 ], [ 27.476490805282818, 47.179936656347849 ], [ 27.476482352202598, 47.179960296707755 ], [ 27.476533545268943, 47.180074644181055 ], [ 27.476685465067494, 47.180040407458861 ], [ 27.477019849597788, 47.179966205714841 ], [ 27.47775026648381, 47.179804690217559 ], [ 27.478999983576117, 47.179527375856964 ], [ 27.480119816088273, 47.179277696726245 ], [ 27.481261286400887, 47.179022089156938 ], [ 27.482377755019531, 47.17877202810768 ], [ 27.483498393811598, 47.178520750740141 ], [ 27.484589389481254, 47.178275948391963 ], [ 27.485677269727468, 47.178031337556675 ], [ 27.486799460462784, 47.17777716882933 ], [ 27.487346907617212, 47.177652263615983 ], [ 27.487802722602602, 47.177555310750229 ], [ 27.488258535910234, 47.177458356100431 ], [ 27.488414992474929, 47.177431405699636 ], [ 27.489596442109185, 47.177171417793957 ], [ 27.491645597926357, 47.17672380135636 ], [ 27.494154787136658, 47.176175635130321 ], [ 27.495551303906957, 47.175872389941617 ], [ 27.496471510093912, 47.175672963888438 ], [ 27.498175157879928, 47.175301188647133 ], [ 27.498768569161694, 47.175171839472426 ], [ 27.499181914241731, 47.175084704482408 ], [ 27.49957455234, 47.175014916888912 ], [ 27.500318648501992, 47.174894659165744 ], [ 27.500906271463858, 47.174797451164288 ], [ 27.501493890965978, 47.174700241121471 ], [ 27.502195059993255, 47.174583833429622 ], [ 27.502896224624152, 47.174467422438397 ], [ 27.504902204659182, 47.174136472010808 ], [ 27.506117592234517, 47.173933898294287 ], [ 27.506475576876113, 47.17387315016456 ], [ 27.506746358241443, 47.173828009929593 ], [ 27.507035561622533, 47.173785756847202 ], [ 27.507294822772387, 47.17373512574089 ], [ 27.507754269644082, 47.173670029068781 ], [ 27.50876311376323, 47.173525484721225 ], [ 27.510175831146597, 47.173338649792036 ], [ 27.511286925579459, 47.173181996379064 ], [ 27.512375864393757, 47.173040467961997 ], [ 27.513524431171305, 47.172894090237023 ], [ 27.51467570442593, 47.172733645592913 ], [ 27.515796601794037, 47.172581788958112 ], [ 27.516400526713596, 47.172503619046765 ], [ 27.516683438846567, 47.172476427178673 ], [ 27.516966350679159, 47.172449234620608 ], [ 27.517331608195136, 47.17243630049996 ], [ 27.517749574725823, 47.172439385216286 ], [ 27.518403585785588, 47.17244221197641 ], [ 27.519248816723756, 47.172467376392774 ], [ 27.519541063987742, 47.172472292050756 ], [ 27.519774584647198, 47.172476633946978 ], [ 27.520074777039948, 47.172482214691748 ], [ 27.520031317911823, 47.172549426514095 ], [ 27.519993935011957, 47.1726397135401 ], [ 27.519954235506589, 47.172764339686744 ], [ 27.519906131556553, 47.172959903053297 ], [ 27.519848986434766, 47.173270432823372 ], [ 27.519728654054642, 47.173827823064514 ], [ 27.519681328444737, 47.174046394247696 ], [ 27.519656135759224, 47.17420923290446 ], [ 27.519523261868404, 47.174841065924788 ], [ 27.519468069238144, 47.17510351139385 ], [ 27.519356832701909, 47.175769609263142 ], [ 27.519272350331633, 47.176351344360725 ], [ 27.51922704546481, 47.176663307164716 ], [ 27.519222551557945, 47.176762211555328 ], [ 27.519166201226767, 47.177200461315486 ], [ 27.519147529668555, 47.177376320855913 ], [ 27.519113301630252, 47.177698681312968 ], [ 27.519111992732505, 47.177774421152783 ], [ 27.519502287296561, 47.17773737572297 ], [ 27.519927611459284, 47.177697002764027 ], [ 27.520223027348592, 47.177668960481242 ], [ 27.520989214242668, 47.177582958129896 ], [ 27.521490905643471, 47.177526641602789 ], [ 27.521972957388211, 47.177479621241545 ], [ 27.522397408621547, 47.177438217034776 ], [ 27.522673655554939, 47.177414878979299 ], [ 27.523404322222472, 47.177360227396974 ], [ 27.523500998637104, 47.177320346499002 ], [ 27.524039256280634, 47.177233688915926 ], [ 27.524828069491068, 47.177164554344657 ], [ 27.525728684212989, 47.177085613214665 ], [ 27.526390372244716, 47.177027610731152 ], [ 27.526816602467171, 47.176983088179796 ], [ 27.527157102831882, 47.176947519708591 ], [ 27.527922917516022, 47.176903511299329 ], [ 27.528042050399794, 47.176904911187499 ], [ 27.528054487731161, 47.176985711294599 ], [ 27.528079987988388, 47.17698515377856 ], [ 27.528156490073904, 47.176983481168001 ], [ 27.528785623165628, 47.17696972413443 ], [ 27.528792635545109, 47.176782992511853 ], [ 27.528832027325915, 47.176719814986271 ], [ 27.528903366047103, 47.17669022382718 ], [ 27.529020005753083, 47.176661779025217 ], [ 27.529136645333505, 47.176633334106661 ], [ 27.529237863649151, 47.176579080639812 ], [ 27.529286134673658, 47.176517265503982 ], [ 27.529289209706182, 47.176470701917225 ], [ 27.530222710019668, 47.176473093326663 ], [ 27.53022164038709, 47.176335960191906 ], [ 27.530213019542899, 47.176209796138366 ], [ 27.53027744853599, 47.176187168230776 ], [ 27.530285691197285, 47.176184272949492 ], [ 27.530285570061693, 47.17620990752858 ], [ 27.530624272436182, 47.17623116435977 ], [ 27.530625021462757, 47.176290561059268 ], [ 27.530780504405111, 47.176295424356169 ], [ 27.531046459880677, 47.17630933011197 ], [ 27.531457696508632, 47.176330832517159 ], [ 27.532017987407652, 47.176363622363539 ], [ 27.532060214338571, 47.176215637104463 ], [ 27.53209943798641, 47.176027260263716 ], [ 27.532128219563212, 47.175889034236015 ], [ 27.53214198410766, 47.175773703127291 ], [ 27.532159002499093, 47.175551522886174 ], [ 27.532167142765523, 47.175445251551253 ], [ 27.532170992297889, 47.17531070121828 ], [ 27.532177323016661, 47.175089462285214 ], [ 27.532173892862588, 47.174895954272401 ], [ 27.532175605992705, 47.174750424568636 ], [ 27.532201554702805, 47.174732344801214 ], [ 27.53250863691536, 47.174729342227181 ], [ 27.532510004784768, 47.174729328465602 ], [ 27.532519505432159, 47.174729528922683 ], [ 27.532684497185375, 47.174733007910866 ], [ 27.53309238823482, 47.174737380198259 ], [ 27.533264084379347, 47.174743609973518 ], [ 27.533400085776204, 47.174754100471574 ], [ 27.533547077886354, 47.17477523844552 ], [ 27.533644429167076, 47.174793923874134 ], [ 27.533702940386164, 47.174805154487899 ], [ 27.533770617101069, 47.174807288992156 ], [ 27.533936920780775, 47.174848591473854 ], [ 27.534249345241708, 47.174917976219625 ], [ 27.534376940179122, 47.174946313414125 ], [ 27.534466271802664, 47.174960369514764 ], [ 27.534717674063121, 47.174999927058209 ], [ 27.535026249093754, 47.175018643103463 ], [ 27.535157718161983, 47.175031450896164 ], [ 27.53527679872073, 47.175032436785443 ], [ 27.535655046106527, 47.175029882994565 ], [ 27.536013178940809, 47.175031755562934 ], [ 27.536197221816259, 47.175032716808751 ], [ 27.536420790421126, 47.175030449469119 ], [ 27.536749959494713, 47.175027110424715 ], [ 27.537014391126537, 47.175023499107652 ], [ 27.536952147451167, 47.175189869954316 ], [ 27.536870168783718, 47.17538933191458 ], [ 27.536814115071817, 47.175509556362798 ], [ 27.536776657115649, 47.175589896297112 ], [ 27.536630066081575, 47.175904305257873 ], [ 27.536590180989219, 47.176004428062662 ], [ 27.536542427643866, 47.176124300176156 ], [ 27.53650356177797, 47.176221864740732 ], [ 27.536471677328169, 47.176270986294981 ], [ 27.536397294484942, 47.176288686058321 ], [ 27.536327850027511, 47.176305211101834 ], [ 27.536242612973325, 47.176319064328474 ], [ 27.536237116642265, 47.176337394700148 ], [ 27.535454407754504, 47.178836442166364 ], [ 27.535158777541522, 47.1798827952246 ], [ 27.535064643230818, 47.180249253583753 ], [ 27.534887402897901, 47.180869169852834 ], [ 27.534661754597426, 47.181658379299634 ], [ 27.534311837563244, 47.182882173516717 ], [ 27.534226434050272, 47.183180854985395 ], [ 27.534060237752083, 47.183762083416134 ], [ 27.534015540675874, 47.183904736528746 ], [ 27.534015442185286, 47.18390472489493 ], [ 27.534035852680645, 47.183912297697113 ], [ 27.538180562053586, 47.184357320985406 ], [ 27.540202464948681, 47.178748183399648 ], [ 27.539985541642629, 47.17832655218016 ], [ 27.539978367554291, 47.177669248546017 ], [ 27.539152211848293, 47.177394901540438 ], [ 27.539418800739881, 47.176858084185689 ], [ 27.540146144514107, 47.175584930249606 ], [ 27.540736120569278, 47.175591061778697 ], [ 27.541587603373351, 47.175826793722145 ], [ 27.542038068671015, 47.176157863066052 ], [ 27.542385648608271, 47.176247345852623 ], [ 27.543061211847476, 47.176164408682268 ], [ 27.543485973376647, 47.176343949883233 ], [ 27.544545202343496, 47.176323457476641 ], [ 27.544696878419295, 47.176545913091275 ], [ 27.545978714941228, 47.176350860757665 ], [ 27.546390357602455, 47.17601840438499 ], [ 27.546395009745201, 47.175847365697209 ], [ 27.547721503208585, 47.175519420566204 ], [ 27.548533783735628, 47.175479468407403 ], [ 27.54993744819452, 47.176072457975209 ], [ 27.548338247568431, 47.177744027002639 ], [ 27.547427479806533, 47.17761730922539 ], [ 27.54705543413418, 47.177460791678897 ], [ 27.545861193896425, 47.178278240516349 ], [ 27.543682585673494, 47.180133371530943 ], [ 27.544550200681453, 47.180515624061776 ], [ 27.54467813509773, 47.180056740761302 ], [ 27.545456200993986, 47.180111557040057 ], [ 27.545474955130896, 47.179995898977737 ], [ 27.546071132498394, 47.180040836796557 ], [ 27.546412095022895, 47.180028775633907 ], [ 27.546597552599994, 47.179731738847146 ], [ 27.55012193543384, 47.180083505947735 ], [ 27.551015035824982, 47.178252594641613 ], [ 27.554753446086259, 47.17968443213708 ], [ 27.559227577140287, 47.178721991899366 ], [ 27.551123175354359, 47.17550989027449 ], [ 27.551805049595259, 47.17544749148464 ], [ 27.55391707972959, 47.175708834838922 ], [ 27.557704200830468, 47.175613026630046 ], [ 27.559553298130059, 47.175241587165971 ], [ 27.561145294945732, 47.174645218727306 ], [ 27.563721169105431, 47.174397010319872 ], [ 27.565880417176018, 47.173177172361214 ], [ 27.566202966581081, 47.172374238799591 ], [ 27.566276525589679, 47.172371447053862 ], [ 27.566364368896433, 47.172334434259199 ], [ 27.567177548783082, 47.171990670084021 ], [ 27.567890296039291, 47.171708177838781 ], [ 27.568168537110541, 47.171594729450028 ], [ 27.568199054928886, 47.171583322976787 ], [ 27.568288180446192, 47.171550010960338 ], [ 27.568592384000691, 47.171456596107603 ], [ 27.57009584423659, 47.171097854077409 ], [ 27.57091982996003, 47.17091546432755 ], [ 27.571022954723823, 47.17089321261323 ], [ 27.571077583929544, 47.170881329151044 ], [ 27.571159714490122, 47.170864705634607 ], [ 27.571264481871978, 47.170841689582566 ], [ 27.571266251868717, 47.170839949250947 ], [ 27.571266497165468, 47.170838224352522 ], [ 27.571268739996995, 47.170835545394894 ], [ 27.571271825783285, 47.170831260001229 ], [ 27.571274172198994, 47.170829078042765 ], [ 27.57128054073576, 47.170824738577771 ], [ 27.571359526305031, 47.170808381658247 ], [ 27.571561279051853, 47.170763215362371 ], [ 27.571747278864219, 47.170722835832763 ], [ 27.571876247736437, 47.170694837193864 ], [ 27.57204746139637, 47.170662093695682 ], [ 27.572050094553109, 47.170661590119302 ], [ 27.57217151051616, 47.17063836992584 ], [ 27.572337473763415, 47.170606605241261 ], [ 27.572617345869716, 47.170551346823309 ], [ 27.572754490957525, 47.170525573235814 ], [ 27.572814420422876, 47.170513237300767 ], [ 27.572881286661012, 47.170497410758863 ], [ 27.572941172548727, 47.170482460232741 ], [ 27.573055423685084, 47.170453937300834 ], [ 27.573107946507584, 47.170438067683342 ], [ 27.573253849270408, 47.170389095516782 ], [ 27.573375274395236, 47.170345687408258 ], [ 27.573474748851524, 47.170305924605024 ], [ 27.573539548333688, 47.170283236357946 ], [ 27.573622304183566, 47.170258256816858 ], [ 27.573642720647651, 47.170252105255656 ], [ 27.57389946246359, 47.170183132349834 ], [ 27.574197693015485, 47.170117582030521 ], [ 27.57442685216861, 47.17007361187671 ], [ 27.574446322590219, 47.170070399577916 ], [ 27.574515168933171, 47.170059041036829 ], [ 27.574563911428189, 47.170050999279965 ], [ 27.574669218884427, 47.170038963298722 ], [ 27.574993494416749, 47.170001296692391 ], [ 27.575261325447599, 47.169970707247423 ], [ 27.575519151406485, 47.169942220990698 ], [ 27.575521079440257, 47.169942007966966 ], [ 27.575616329079846, 47.16993148402468 ], [ 27.575663581270931, 47.169926838278208 ], [ 27.575695517113136, 47.16992498363674 ], [ 27.575730476905857, 47.169926897303164 ], [ 27.575763777925008, 47.169933373246593 ], [ 27.57578516527224, 47.169939296731009 ], [ 27.57580538392336, 47.16994898757185 ], [ 27.57582111189117, 47.169958790414924 ], [ 27.575831263368212, 47.169966006128938 ] ] ] } },
{ "type": "Feature", "properties": { "zone_id": "IAS-Z08", "zone_name": "Galata – Mircea", "Id": 2771, "Shape_Area": 6746682.2680400005, "denumire": "GALATA-MIRCEA", "acces_mult": "SLABĂ" }, "geometry": { "type": "Polygon", "coordinates": [ [ [ 27.555682184405153, 47.162284633222242 ], [ 27.558200751177505, 47.161141981481407 ], [ 27.562243872558195, 47.159451477349272 ], [ 27.565224344572083, 47.158248573014653 ], [ 27.5674641039666, 47.157608442619043 ], [ 27.571041631844867, 47.157740728427783 ], [ 27.572870146262684, 47.157752892422735 ], [ 27.572917255094474, 47.156673850336759 ], [ 27.57286830785198, 47.154963720356768 ], [ 27.573049476896962, 47.153893644220275 ], [ 27.57351924683589, 47.152903241427666 ], [ 27.571851058928161, 47.152150773124184 ], [ 27.569382009416149, 47.150905866940519 ], [ 27.568891736748039, 47.150375253935955 ], [ 27.570904791649617, 47.148897660833349 ], [ 27.57284310311498, 47.147452756084661 ], [ 27.573183707760737, 47.147005034964288 ], [ 27.573640078743406, 47.146046946834304 ], [ 27.573914638855978, 47.145193728982697 ], [ 27.574117387266458, 47.144423607403709 ], [ 27.574745286507351, 47.143675481747223 ], [ 27.577757518424256, 47.141789786901654 ], [ 27.579518906023175, 47.140684071655713 ], [ 27.578540470861444, 47.139215864103519 ], [ 27.577348673646814, 47.14039381382112 ], [ 27.576446464372331, 47.139743007623721 ], [ 27.575611553629653, 47.138909625572495 ], [ 27.574221207591943, 47.137751248489586 ], [ 27.572929773613765, 47.136703923818317 ], [ 27.571262524425503, 47.135427129209845 ], [ 27.570874159271959, 47.134144387575176 ], [ 27.569213389511006, 47.134582092987159 ], [ 27.569779746013662, 47.135274452177072 ], [ 27.569219346496752, 47.135471717475269 ], [ 27.569629371536223, 47.135998567029979 ], [ 27.567936500419972, 47.13657584966321 ], [ 27.566861529890367, 47.136962259217235 ], [ 27.56632826695331, 47.137167126590732 ], [ 27.563923594520951, 47.134319681418113 ], [ 27.563760682100735, 47.134378206064518 ], [ 27.563533022296482, 47.1344867792291 ], [ 27.562724686855983, 47.134876063121744 ], [ 27.561868921506392, 47.135274554486742 ], [ 27.561325323165708, 47.135523291374184 ], [ 27.560835690225375, 47.135752229233461 ], [ 27.560421294608439, 47.135949711912559 ], [ 27.560044502484779, 47.136136569365569 ], [ 27.559074079181961, 47.136585147059186 ], [ 27.558339269433816, 47.136922961525464 ], [ 27.55738823211767, 47.137370098417911 ], [ 27.556689508667816, 47.137694424161985 ], [ 27.555873818225734, 47.138074147411018 ], [ 27.555137621801812, 47.138416534847295 ], [ 27.554032263771166, 47.138929747964319 ], [ 27.553556404005779, 47.139155065026181 ], [ 27.553539296488783, 47.139189061856406 ], [ 27.553518373967727, 47.139237713936978 ], [ 27.55314719622049, 47.139411564699202 ], [ 27.552280322848702, 47.1398524327399 ], [ 27.551683121423263, 47.140166072344165 ], [ 27.551171809106425, 47.140446029077253 ], [ 27.548859372575507, 47.141722986370091 ], [ 27.548753920534693, 47.141803862673719 ], [ 27.548933605073238, 47.141978428658412 ], [ 27.549256411443128, 47.142259219002291 ], [ 27.551916443889496, 47.144680660471352 ], [ 27.552353831074441, 47.145067312780704 ], [ 27.552867959558007, 47.145549528211347 ], [ 27.553019324247202, 47.145689599869577 ], [ 27.553165207301195, 47.14582281830063 ], [ 27.553235953704888, 47.145905007949452 ], [ 27.553290587094551, 47.1459989730131 ], [ 27.553240738455983, 47.146034188734525 ], [ 27.553497023103066, 47.146279415481459 ], [ 27.553452077254093, 47.146407769055998 ], [ 27.553035645304281, 47.146339892174815 ], [ 27.551983580622995, 47.14616653497135 ], [ 27.550718274374361, 47.145956848215604 ], [ 27.549426611479884, 47.145742698664407 ], [ 27.548168282413105, 47.145533127274717 ], [ 27.546862621629057, 47.145317341101581 ], [ 27.546090657404694, 47.145189475115799 ], [ 27.545712385674037, 47.145133896793439 ], [ 27.545505480103476, 47.145109936044143 ], [ 27.545197863760635, 47.14508469196187 ], [ 27.544915818635769, 47.14507637781535 ], [ 27.543954002818708, 47.14506772743561 ], [ 27.543782477193666, 47.145068406665374 ], [ 27.542858723745628, 47.145062752042598 ], [ 27.54219694413295, 47.14505683605352 ], [ 27.541385020850381, 47.145052741604943 ], [ 27.54061265554753, 47.145048968851199 ], [ 27.540502157945113, 47.145047680930531 ], [ 27.540067375845016, 47.145045744351449 ], [ 27.539732583159886, 47.145036236957736 ], [ 27.539296826358374, 47.145002184095802 ], [ 27.539158520756658, 47.14498766557729 ], [ 27.53897983862274, 47.144959941616655 ], [ 27.538847283262189, 47.144929476491583 ], [ 27.538730982269293, 47.144883455211023 ], [ 27.538645205342313, 47.145037941132301 ], [ 27.538664845384854, 47.14548998856732 ], [ 27.538691178029524, 47.145734997068679 ], [ 27.538714104767923, 47.145944436022468 ], [ 27.538724657926121, 47.146058516258606 ], [ 27.538735025597354, 47.146397328075174 ], [ 27.538742128662136, 47.146626974901267 ], [ 27.538808531004552, 47.146832538819858 ], [ 27.539003543190045, 47.146993865317633 ], [ 27.538972728924652, 47.147016040317851 ], [ 27.538954593263863, 47.147196621972924 ], [ 27.538944377251337, 47.147349902732678 ], [ 27.538929463686642, 47.147468821195197 ], [ 27.538926381332615, 47.14752229686853 ], [ 27.538690135478117, 47.147453623255551 ], [ 27.538262197941098, 47.14751475320238 ], [ 27.537815537851802, 47.147539599033244 ], [ 27.537392744381581, 47.148110568263746 ], [ 27.536820432363061, 47.149685079424117 ], [ 27.536907983025511, 47.150120140015702 ], [ 27.536788720266085, 47.150730734393328 ], [ 27.536744423563121, 47.151009616444199 ], [ 27.536634068565867, 47.151035947868209 ], [ 27.536608042401692, 47.151113998637271 ], [ 27.536644982679686, 47.151227130854757 ], [ 27.536406136508976, 47.151282090069628 ], [ 27.536137546866492, 47.151450159312958 ], [ 27.535804772594485, 47.151449036675984 ], [ 27.535715353026436, 47.151728970993879 ], [ 27.535738074464167, 47.151980411890058 ], [ 27.535673355192678, 47.152665739908109 ], [ 27.535856007217919, 47.152666916661467 ], [ 27.535935544562669, 47.152907977339275 ], [ 27.536080186722629, 47.153074541296085 ], [ 27.536292218531056, 47.153180207541681 ], [ 27.536284430519007, 47.1534537680363 ], [ 27.536558905545775, 47.15399473648101 ], [ 27.53658812727463, 47.154135214338119 ], [ 27.536629622485545, 47.154794176113427 ], [ 27.536648825163187, 47.15525090221071 ], [ 27.536656184121398, 47.155937968180353 ], [ 27.536607766625941, 47.156166095114202 ], [ 27.536599744904954, 47.156549701225728 ], [ 27.536560592901846, 47.15700210301312 ], [ 27.536440982636513, 47.157371814649828 ], [ 27.536268781167941, 47.158054532570958 ], [ 27.536114212556708, 47.158281975048325 ], [ 27.535903749585902, 47.158695892161361 ], [ 27.535709513026006, 47.159168340870991 ], [ 27.535676400295827, 47.159228827999122 ], [ 27.535588352776614, 47.159330483531143 ], [ 27.535528169101166, 47.159413953283881 ], [ 27.535484674903145, 47.159490712843144 ], [ 27.535365151811337, 47.159784453360039 ], [ 27.535293972378589, 47.15998341136482 ], [ 27.535302259938142, 47.160013909129567 ], [ 27.535174391592829, 47.160017820925184 ], [ 27.53515710290068, 47.160019138382488 ], [ 27.535141731086267, 47.160048730846036 ], [ 27.53706348618536, 47.160997098418058 ], [ 27.539205360853394, 47.162166520885151 ], [ 27.53939173059425, 47.162273409348884 ], [ 27.544018106810537, 47.164810195690869 ], [ 27.544044922752491, 47.164795234586428 ], [ 27.544750770549907, 47.165313211072196 ], [ 27.544937599496862, 47.165223776604442 ], [ 27.544989187479629, 47.165229900113687 ], [ 27.545145690064828, 47.16525573134281 ], [ 27.545278045409621, 47.165271130217491 ], [ 27.545413335644884, 47.16527920341565 ], [ 27.545620524580716, 47.165287982923637 ], [ 27.545805364238973, 47.165290965897874 ], [ 27.545862643239264, 47.165289721036537 ], [ 27.545987830835585, 47.165293326401518 ], [ 27.5462090907746, 47.165295033364814 ], [ 27.546435686143621, 47.165299275824374 ], [ 27.546735250042197, 47.165310824979592 ], [ 27.547042220600993, 47.165325408413068 ], [ 27.547366450990303, 47.165342154600566 ], [ 27.547681712208806, 47.16536061867216 ], [ 27.547924740613155, 47.165371169300016 ], [ 27.548198961397915, 47.165377129036493 ], [ 27.548409511730398, 47.165374422358489 ], [ 27.548538891016634, 47.16536896225611 ], [ 27.548655892967389, 47.165369604609161 ], [ 27.548731121327204, 47.165372212667805 ], [ 27.548849161094513, 47.16537704136779 ], [ 27.549102222326066, 47.165391611755247 ], [ 27.549404435691898, 47.165417672347502 ], [ 27.549740545178775, 47.16543880413321 ], [ 27.550015611349824, 47.16544626909203 ], [ 27.550287108248376, 47.165458880463952 ], [ 27.550543202835222, 47.165473469578401 ], [ 27.550792129951514, 47.165482935519421 ], [ 27.550979483991537, 47.16547980201166 ], [ 27.55105724869939, 47.165480948892672 ], [ 27.55128039112989, 47.16549433042983 ], [ 27.551387058446679, 47.16549726944951 ], [ 27.551394012875203, 47.165497461062294 ], [ 27.551547179244896, 47.165501681094916 ], [ 27.551767459062731, 47.165504185763083 ], [ 27.551920827548035, 47.165503532424914 ], [ 27.552008142990282, 47.165499014035298 ], [ 27.552201592202518, 47.165473523851823 ], [ 27.552326148679708, 47.165446823836547 ], [ 27.552355444245926, 47.165438753145011 ], [ 27.552409296532282, 47.165401937277394 ], [ 27.552485992776042, 47.165351653015598 ], [ 27.552513697995362, 47.16533395991182 ], [ 27.552473811462189, 47.165272474889434 ], [ 27.552466575274668, 47.165259453270806 ], [ 27.552979343317357, 47.165124232031054 ], [ 27.553841487383018, 47.164216095485905 ], [ 27.555677982898104, 47.162281506115917 ], [ 27.555682184405153, 47.162284633222242 ] ] ] } },
{ "type": "Feature", "properties": { "zone_id": "IAS-Z09", "zone_name": "CUG", "Id": 2771, "Shape_Area": 3713871.2984500001, "denumire": "CUG", "acces_mult": "MEDIE" }, "geometry": { "type": "Polygon", "coordinates": [ [ [ 27.571110724746255, 47.134925753765771 ], [ 27.571111032021985, 47.134925710444215 ], [ 27.571150141465424, 47.134920208186365 ], [ 27.57155893924449, 47.134808150765359 ], [ 27.571696578192007, 47.134795196353487 ], [ 27.571839741209857, 47.13476005764965 ], [ 27.571952651877716, 47.134722639063106 ], [ 27.57221899208724, 47.134627216649427 ], [ 27.572520123021132, 47.134538409353382 ], [ 27.57290952190208, 47.134332339227193 ], [ 27.572828937690733, 47.134208144349536 ], [ 27.573142878263596, 47.134038154532988 ], [ 27.574082232203715, 47.133868049964356 ], [ 27.575221345156319, 47.133838473056699 ], [ 27.575867790433474, 47.133890737702785 ], [ 27.57634956373365, 47.133945542852643 ], [ 27.576682674407891, 47.133982754573786 ], [ 27.576901035487865, 47.133992354520231 ], [ 27.577057114411264, 47.133981815302555 ], [ 27.577801301184923, 47.133802531855061 ], [ 27.578361008700625, 47.133649561216643 ], [ 27.578637455053183, 47.133572929137593 ], [ 27.578901000006166, 47.133513381719716 ], [ 27.579036985478844, 47.13349515409098 ], [ 27.579465684587454, 47.13349447688077 ], [ 27.579674463929788, 47.133532013804327 ], [ 27.579730055997821, 47.133542008758731 ], [ 27.579330441336154, 47.133165543795414 ], [ 27.578229475457629, 47.131530808633521 ], [ 27.577898856625506, 47.130364723842646 ], [ 27.577445984915308, 47.128719155560553 ], [ 27.577811835451634, 47.127539772682745 ], [ 27.578491669520844, 47.125371078203962 ], [ 27.578705805052625, 47.124146967636094 ], [ 27.578589887874596, 47.122624931064166 ], [ 27.578451069224176, 47.121636576890815 ], [ 27.578707467256251, 47.121099755284682 ], [ 27.579314309976255, 47.120932741662429 ], [ 27.57965906702076, 47.120446759536378 ], [ 27.580160891649875, 47.119271151694477 ], [ 27.580269402023625, 47.118257531766353 ], [ 27.580026672065973, 47.11778257127682 ], [ 27.579706876038774, 47.116775717548592 ], [ 27.579808357625367, 47.11661103467987 ], [ 27.579790560788329, 47.116614059703899 ], [ 27.579710031165263, 47.116538196211025 ], [ 27.579545852528966, 47.116431137699259 ], [ 27.579353185125978, 47.116284966323811 ], [ 27.579117720932974, 47.116171678265168 ], [ 27.578984304849524, 47.116065552181276 ], [ 27.578862331402341, 47.115992448851173 ], [ 27.57872236558325, 47.115988472215953 ], [ 27.578589337220262, 47.116023657196578 ], [ 27.578385009513507, 47.116125036708553 ], [ 27.578149019745819, 47.116246038140567 ], [ 27.577995988943876, 47.116315297918646 ], [ 27.577633467927456, 47.116385316116762 ], [ 27.577556831813347, 47.116377225678534 ], [ 27.577463457363486, 47.116369405052339 ], [ 27.57749720450381, 47.115951958640835 ], [ 27.577429813190633, 47.115658879887704 ], [ 27.577245010050198, 47.115363398381916 ], [ 27.57685193811184, 47.114842528964054 ], [ 27.57663882896815, 47.114374654087285 ], [ 27.576372737497728, 47.113949886415384 ], [ 27.576070375870636, 47.113528752406467 ], [ 27.575650705277251, 47.113091190624701 ], [ 27.57526656152179, 47.112787766483279 ], [ 27.574793230048677, 47.112307248488278 ], [ 27.574350336226097, 47.111858014890068 ], [ 27.574043621518772, 47.111574396266455 ], [ 27.573957300221782, 47.111539189321725 ], [ 27.57393400287825, 47.111529143466413 ], [ 27.573866624576961, 47.111487890114304 ], [ 27.573861862775313, 47.111466308605038 ], [ 27.573848065928232, 47.111439366971375 ], [ 27.573273062388989, 47.11097865557587 ], [ 27.572780455503221, 47.11058479609941 ], [ 27.572281334037818, 47.110211417314972 ], [ 27.572021577982568, 47.110062767851005 ], [ 27.571890855249947, 47.109977091474512 ], [ 27.571701106412721, 47.10986295101543 ], [ 27.571221194513328, 47.109475290735745 ], [ 27.570734276333333, 47.108989299363067 ], [ 27.570457859208894, 47.108753150930582 ], [ 27.570163494594166, 47.108373696089124 ], [ 27.569939715748191, 47.107993948421402 ], [ 27.569722388997882, 47.107565930173514 ], [ 27.569549445047944, 47.107166108246936 ], [ 27.569412004953342, 47.106743215001799 ], [ 27.569272272768995, 47.106273604719149 ], [ 27.56919819318221, 47.105823889028521 ], [ 27.569137981780816, 47.105468654078045 ], [ 27.567073213547136, 47.105387266704469 ], [ 27.566365614998244, 47.10520197507239 ], [ 27.565870553521684, 47.105158751128883 ], [ 27.562583742470132, 47.105199582488574 ], [ 27.561943894221873, 47.105207521069687 ], [ 27.56137065073565, 47.105214629337709 ], [ 27.560635503844878, 47.105158698059391 ], [ 27.559891663916371, 47.105121987572794 ], [ 27.559681001244229, 47.105111275446653 ], [ 27.559629565689395, 47.105852431970817 ], [ 27.559603847462778, 47.106223010159681 ], [ 27.559578128936483, 47.106593588299873 ], [ 27.559563510335806, 47.10720729338739 ], [ 27.559561563453773, 47.107288528899502 ], [ 27.55955328048983, 47.107633028579173 ], [ 27.559553079588433, 47.107641393079618 ], [ 27.559553022405293, 47.107643823170328 ], [ 27.559535626931861, 47.107907069530391 ], [ 27.559509194039986, 47.108087010958293 ], [ 27.559462068839345, 47.108295996869899 ], [ 27.559403835138301, 47.108510930552647 ], [ 27.559314743937822, 47.108821848601352 ], [ 27.559145915423475, 47.109374522571578 ], [ 27.559055738044091, 47.109649296591101 ], [ 27.559029534857988, 47.109786295903199 ], [ 27.559030389374858, 47.109822200866368 ], [ 27.559031243807897, 47.109858104030792 ], [ 27.559036421934501, 47.109878866960955 ], [ 27.55906631019301, 47.109988307416558 ], [ 27.559116743260549, 47.110089049789295 ], [ 27.559183865359163, 47.110187604717289 ], [ 27.559394344534653, 47.110458095278716 ], [ 27.559874524458046, 47.111079869862515 ], [ 27.55995254398211, 47.111184671178151 ], [ 27.559995806514223, 47.111249585149928 ], [ 27.560139582816213, 47.111436061945611 ], [ 27.560421938302316, 47.111827452058158 ], [ 27.56047999755717, 47.111934909051158 ], [ 27.560504025904052, 47.111997531351633 ], [ 27.560523704575413, 47.112068475087781 ], [ 27.560521602389713, 47.112246332239287 ], [ 27.560518944802762, 47.112602696155299 ], [ 27.560521578571016, 47.11279116609623 ], [ 27.560526366944277, 47.112932352721572 ], [ 27.560540087912507, 47.113069003900911 ], [ 27.560575524914508, 47.1132260064579 ], [ 27.560608056888061, 47.113309155894257 ], [ 27.560619557230439, 47.11333893958642 ], [ 27.560819306876432, 47.113707708962629 ], [ 27.561291743765818, 47.114468917054118 ], [ 27.561450555504361, 47.114722396331743 ], [ 27.561926997095426, 47.115482830894898 ], [ 27.562635725868653, 47.116615238861101 ], [ 27.563014352778698, 47.11723215211196 ], [ 27.563230150677427, 47.117577091999472 ], [ 27.563769569807647, 47.118442577742805 ], [ 27.565107084303449, 47.120397426215682 ], [ 27.5652196197893, 47.120576455034914 ], [ 27.565253888264198, 47.120631604816786 ], [ 27.564859700851859, 47.120747963868013 ], [ 27.56467420354879, 47.120829570751326 ], [ 27.564411873099189, 47.120942785855938 ], [ 27.564353003057594, 47.121024074866639 ], [ 27.564201701290578, 47.121192292918487 ], [ 27.563974251091302, 47.121311842184987 ], [ 27.563645387339808, 47.121475098944828 ], [ 27.563269203482811, 47.121658275129988 ], [ 27.562940463207212, 47.12181867440875 ], [ 27.56269915969288, 47.121920674411264 ], [ 27.562376696333715, 47.121995542791637 ], [ 27.562032177981298, 47.122201849984961 ], [ 27.561846216221507, 47.122360889336498 ], [ 27.56137992912722, 47.122639042579017 ], [ 27.560835670556266, 47.122956384253428 ], [ 27.560044545941928, 47.1234340728397 ], [ 27.56001325329461, 47.12346888099453 ], [ 27.559856020354555, 47.123649539392581 ], [ 27.559899600504927, 47.123715677270738 ], [ 27.560039482134915, 47.123857605400197 ], [ 27.560085675260567, 47.123828241772934 ], [ 27.560191113344349, 47.12391067680116 ], [ 27.560262386215179, 47.123981679594472 ], [ 27.560323472873247, 47.124024681074623 ], [ 27.560392669472925, 47.124104027701613 ], [ 27.56050669704463, 47.124226687237361 ], [ 27.560841960623197, 47.124514715911708 ], [ 27.560906410335843, 47.124552199113857 ], [ 27.56128442802569, 47.124740925296457 ], [ 27.56272968348566, 47.125478212798853 ], [ 27.563010593097911, 47.125637010999228 ], [ 27.563163818747434, 47.125496848748433 ], [ 27.563902993235128, 47.125875894080082 ], [ 27.564665664882536, 47.126222474307106 ], [ 27.564961067338309, 47.126297268743279 ], [ 27.565063723512012, 47.126309379596314 ], [ 27.565075711766436, 47.126404079250399 ], [ 27.565093414334065, 47.126477855536052 ], [ 27.56512683316188, 47.126574311251346 ], [ 27.565185449581364, 47.126704259624155 ], [ 27.565252216980529, 47.126835637848195 ], [ 27.565205357640508, 47.126877164160597 ], [ 27.564938376978731, 47.127082101215393 ], [ 27.564929773039243, 47.127097725336753 ], [ 27.564634269282728, 47.127316478114572 ], [ 27.564365051899433, 47.127519114676829 ], [ 27.56359996497963, 47.128069733918785 ], [ 27.563333629689932, 47.128285703398966 ], [ 27.562604559456496, 47.128856844240715 ], [ 27.562310475167489, 47.129081435532513 ], [ 27.561819218024198, 47.129448935160035 ], [ 27.561270902147836, 47.129844774835405 ], [ 27.560732908106015, 47.130242938749305 ], [ 27.560205727770615, 47.130630754684809 ], [ 27.56015271060798, 47.130654966330262 ], [ 27.560039421529073, 47.130714349835721 ], [ 27.560423280032012, 47.131104929181895 ], [ 27.560803989303196, 47.131498403605349 ], [ 27.560843002495051, 47.13156148542015 ], [ 27.561470114117718, 47.132140193624096 ], [ 27.562124306931711, 47.132752044038249 ], [ 27.562604015114889, 47.13322959945426 ], [ 27.56267117864828, 47.133336295119769 ], [ 27.562963057274629, 47.133635128862217 ], [ 27.563760682100735, 47.134378206064518 ], [ 27.563923594520951, 47.134319681418113 ], [ 27.56632826695331, 47.137167126590732 ], [ 27.566861529890367, 47.136962259217235 ], [ 27.567936500419972, 47.13657584966321 ], [ 27.569629371536223, 47.135998567029979 ], [ 27.569219346496752, 47.135471717475269 ], [ 27.569779746013662, 47.135274452177072 ], [ 27.569213389511006, 47.134582092987159 ], [ 27.570874159271959, 47.134144387575176 ], [ 27.571110724746255, 47.134925753765771 ] ] ] } },
{ "type": "Feature", "properties": { "zone_id": "IAS-Z10", "zone_name": "Bucium", "Id": 2771, "Shape_Area": 16472196.806700001, "denumire": "BUCIUM", "acces_mult": "MEDIE" }, "geometry": { "type": "Polygon", "coordinates": [ [ [ 27.638686806136803, 47.138228785802056 ], [ 27.638413992433708, 47.137491254040413 ], [ 27.638513071241064, 47.137474188791636 ], [ 27.63830521833863, 47.136758528001209 ], [ 27.638479433697839, 47.136739872666176 ], [ 27.638563769237269, 47.136730840811509 ], [ 27.638737659081318, 47.136712220413003 ], [ 27.638708173966062, 47.136584010921759 ], [ 27.638684466774357, 47.136480927154174 ], [ 27.6386840746076, 47.136479222687406 ], [ 27.639897960077025, 47.136116382216812 ], [ 27.639966657892707, 47.136006404095717 ], [ 27.640862523104285, 47.135808278009634 ], [ 27.640871633618918, 47.135807696376915 ], [ 27.641530485131842, 47.135765635583667 ], [ 27.641705078059211, 47.135754489011589 ], [ 27.641705292039298, 47.135754334736106 ], [ 27.641810548097446, 47.135507631266876 ], [ 27.642486876795779, 47.135191370667364 ], [ 27.642594748209977, 47.135107281827722 ], [ 27.643099670778934, 47.134905043732125 ], [ 27.643802106481285, 47.134166725480547 ], [ 27.644132168597366, 47.133637163594294 ], [ 27.644192883722024, 47.13350760248148 ], [ 27.644353528123858, 47.133263738944756 ], [ 27.644474319305427, 47.133133121640348 ], [ 27.644877640256286, 47.132809245862248 ], [ 27.644959095903666, 47.132734295691982 ], [ 27.645247091372841, 47.132320495022846 ], [ 27.645370318467059, 47.13218409391655 ], [ 27.645455772291854, 47.13187342705799 ], [ 27.645531395111959, 47.131634350571076 ], [ 27.645982044896087, 47.130713391110568 ], [ 27.645975087940602, 47.130506017021467 ], [ 27.646308956950307, 47.12966531777181 ], [ 27.646529441127782, 47.129269913422661 ], [ 27.647119787002069, 47.12866990830922 ], [ 27.647173458312437, 47.128396512045228 ], [ 27.647703584891737, 47.127933503875497 ], [ 27.648233701025273, 47.127470492426127 ], [ 27.648298123038742, 47.12739913811955 ], [ 27.648402870542995, 47.127262741034144 ], [ 27.648524134140516, 47.127083633540913 ], [ 27.648601136895415, 47.126879946857002 ], [ 27.648642313714344, 47.126611666708484 ], [ 27.648619411329904, 47.126322258411626 ], [ 27.648616255107456, 47.126215232381206 ], [ 27.648671740623065, 47.126082078778289 ], [ 27.648812673830957, 47.125847247522827 ], [ 27.648859096237405, 47.125659883925344 ], [ 27.648941706821269, 47.125408382054566 ], [ 27.649018861058948, 47.125211602773447 ], [ 27.649076289063313, 47.125110729185948 ], [ 27.649158610973153, 47.125008798945352 ], [ 27.649290308591418, 47.124863962822644 ], [ 27.649468973615598, 47.124659717479986 ], [ 27.649639092040108, 47.124455442811573 ], [ 27.649725236079703, 47.124325932188491 ], [ 27.649760365560354, 47.12420281072378 ], [ 27.649798713233146, 47.124194363170801 ], [ 27.64971283494457, 47.124146036254075 ], [ 27.649654619090867, 47.124118078953231 ], [ 27.64949164461774, 47.124072869420061 ], [ 27.649388405950695, 47.124046583160585 ], [ 27.649254084079693, 47.123997386723161 ], [ 27.649185379576846, 47.12392695084489 ], [ 27.649152436060515, 47.123780228558601 ], [ 27.649210152154403, 47.123619333127429 ], [ 27.649516667170083, 47.123508627096278 ], [ 27.650149272387115, 47.123255068720489 ], [ 27.650417609035856, 47.123176129753517 ], [ 27.650784413742564, 47.123042961553189 ], [ 27.651011775592224, 47.122959245731103 ], [ 27.650960501488409, 47.122899066866928 ], [ 27.650525943195575, 47.122387382809158 ], [ 27.650247342599837, 47.122059275229645 ], [ 27.650069343631372, 47.12186701449744 ], [ 27.650046759852081, 47.121791498812598 ], [ 27.650141292034444, 47.121782680561587 ], [ 27.650921347985051, 47.12173332770255 ], [ 27.651215029793175, 47.121733915527081 ], [ 27.651418947709569, 47.121738407040276 ], [ 27.651850015081081, 47.121759985595894 ], [ 27.651975229184089, 47.121758443968318 ], [ 27.652322381862554, 47.12173030051693 ], [ 27.652482826757591, 47.121700979319179 ], [ 27.652694164393647, 47.121650286596036 ], [ 27.652786636470452, 47.121618133724034 ], [ 27.652962174205555, 47.121543811693257 ], [ 27.653055539952792, 47.121489401232715 ], [ 27.653085201283869, 47.121471144943335 ], [ 27.653138413655622, 47.121424612610703 ], [ 27.653221005041917, 47.121343397993996 ], [ 27.6533140371427, 47.12124317139638 ], [ 27.653346675139929, 47.121209611158385 ], [ 27.653380762594296, 47.121173092910702 ], [ 27.653412862421646, 47.121138780083214 ], [ 27.65350482182976, 47.121009312767669 ], [ 27.653603358387212, 47.120892392110733 ], [ 27.65369727732585, 47.120789859025486 ], [ 27.653778193090961, 47.120737542673012 ], [ 27.653799588956808, 47.120723597607515 ], [ 27.653842520201696, 47.120700410807437 ], [ 27.654145789304341, 47.120550323389551 ], [ 27.654287218139977, 47.120510565426628 ], [ 27.654469333082957, 47.120467343930869 ], [ 27.654631028546646, 47.120437280015963 ], [ 27.654869561983912, 47.120341754679458 ], [ 27.654998625068146, 47.12030443972025 ], [ 27.655171125263678, 47.120274000802155 ], [ 27.655355969561295, 47.120253536989054 ], [ 27.655636845651944, 47.120221587868762 ], [ 27.655863688344226, 47.120181241859569 ], [ 27.656029278023663, 47.120102671085405 ], [ 27.656289620573148, 47.120001673949822 ], [ 27.656752768739452, 47.119788725890928 ], [ 27.657092012052011, 47.119637479462341 ], [ 27.657358823204085, 47.119517774870673 ], [ 27.657531078109507, 47.119444781051811 ], [ 27.657763737906389, 47.119345299055183 ], [ 27.658132002127299, 47.119160859073929 ], [ 27.658506747937867, 47.11898091231798 ], [ 27.658729507247234, 47.118827850169055 ], [ 27.658797104954488, 47.118752141831287 ], [ 27.658864702473291, 47.118676433453842 ], [ 27.6589498262822, 47.118554921028107 ], [ 27.659147071281822, 47.118342303771335 ], [ 27.659378855088924, 47.118158777452862 ], [ 27.65941983273343, 47.118130557941647 ], [ 27.659556019820304, 47.118037729001003 ], [ 27.659558593224759, 47.118033512162732 ], [ 27.659896345265022, 47.117461760026856 ], [ 27.660234090290263, 47.116890007766003 ], [ 27.660232428470962, 47.116879559304103 ], [ 27.660229440778807, 47.11686076584877 ], [ 27.660220522968554, 47.116804687711564 ], [ 27.66021279659148, 47.116756100941728 ], [ 27.660213005364913, 47.116710107729773 ], [ 27.660213647901465, 47.116568480357749 ], [ 27.660214210955068, 47.11644424298678 ], [ 27.660197893829544, 47.116256375992926 ], [ 27.66017527318915, 47.116107103021044 ], [ 27.660146154095301, 47.115992424834168 ], [ 27.660109402747604, 47.115913167557885 ], [ 27.660048590871778, 47.115821648453228 ], [ 27.659979041336449, 47.115743146164071 ], [ 27.659879819260951, 47.115663344359618 ], [ 27.659748939263366, 47.11553048948749 ], [ 27.659656343995209, 47.115436497164893 ], [ 27.659609196289836, 47.115369752082429 ], [ 27.659543700375838, 47.115237601316814 ], [ 27.659478203517473, 47.115105451434232 ], [ 27.65942765094178, 47.114963801815954 ], [ 27.65927878606146, 47.114708393975803 ], [ 27.659242930158893, 47.114592955369311 ], [ 27.659202570207182, 47.114529255807341 ], [ 27.659142023550519, 47.114463545121204 ], [ 27.658987770300794, 47.114296138641677 ], [ 27.658909541077442, 47.114180526712978 ], [ 27.658881725215178, 47.114054600733958 ], [ 27.658831509364521, 47.11382726113807 ], [ 27.658787367060562, 47.113722122713192 ], [ 27.658688144190982, 47.113699382728029 ], [ 27.658479508158848, 47.113651566797039 ], [ 27.658152181028601, 47.113576547987492 ], [ 27.657998685516574, 47.113522604943135 ], [ 27.657845188991764, 47.113468661721271 ], [ 27.657672134632872, 47.113453695363042 ], [ 27.657228475207084, 47.113320914833302 ], [ 27.657074254774837, 47.113335733654822 ], [ 27.65659027550219, 47.113219853179714 ], [ 27.656385662533619, 47.113170861111215 ], [ 27.656243884611289, 47.113090826886634 ], [ 27.656051145807577, 47.112982024610972 ], [ 27.655900472360841, 47.11289696683756 ], [ 27.655845732583252, 47.112811519913997 ], [ 27.655754578020954, 47.112669228903265 ], [ 27.655719274028545, 47.112577521743212 ], [ 27.655718198509753, 47.112443847703084 ], [ 27.655684047461449, 47.112350843346846 ], [ 27.655649897851085, 47.112257838945993 ], [ 27.655615747045182, 47.112164834561263 ], [ 27.655602704585483, 47.11200307827751 ], [ 27.655591480780298, 47.111863872588195 ], [ 27.655580255680064, 47.111724666022141 ], [ 27.655490773557279, 47.111691677998529 ], [ 27.655415895236004, 47.111644699857862 ], [ 27.655272284642198, 47.111554599625322 ], [ 27.655083266792598, 47.111521757703542 ], [ 27.65472749024438, 47.111440104561225 ], [ 27.654441140721879, 47.111357229766369 ], [ 27.654239209713346, 47.111298787139297 ], [ 27.654150546368065, 47.111206903158667 ], [ 27.654142374692736, 47.111124384056687 ], [ 27.654081649618423, 47.111016438194639 ], [ 27.6538065153071, 47.110867457362446 ], [ 27.653650105320505, 47.110858233030136 ], [ 27.653534098559675, 47.110836065836288 ], [ 27.653535376422713, 47.110814407901287 ], [ 27.653644876337538, 47.110775226949507 ], [ 27.653776690787812, 47.110714343953781 ], [ 27.653866118303284, 47.110673040137577 ], [ 27.653925853134147, 47.110636822450921 ], [ 27.654008043763557, 47.110567647845606 ], [ 27.654141953921936, 47.11048022093712 ], [ 27.654219254822998, 47.110437386560427 ], [ 27.654312139395472, 47.110398496640485 ], [ 27.65441111352569, 47.110367386014197 ], [ 27.654500122816515, 47.110351608433746 ], [ 27.654641428925569, 47.110334802055647 ], [ 27.654770448524587, 47.110325189161898 ], [ 27.654856628511016, 47.110307371405646 ], [ 27.654978673451591, 47.110282138493645 ], [ 27.655122309192546, 47.110246338343245 ], [ 27.655235929330189, 47.1102115283541 ], [ 27.655297665822818, 47.110195672250121 ], [ 27.655363331118625, 47.110191407644194 ], [ 27.6554263274021, 47.110178058484607 ], [ 27.655489323697974, 47.110164710189892 ], [ 27.655572237378319, 47.110139124184329 ], [ 27.655645096713908, 47.110111650801137 ], [ 27.655726411440096, 47.110080988104031 ], [ 27.655837583052353, 47.110039067750733 ], [ 27.655915945144784, 47.11001856625407 ], [ 27.655987692237144, 47.110012273466182 ], [ 27.656060019930504, 47.110011526074672 ], [ 27.656149900075267, 47.110017408891146 ], [ 27.65626161356478, 47.110035818708965 ], [ 27.656376534686832, 47.110035398602562 ], [ 27.656488185719088, 47.110016811344288 ], [ 27.65657356447052, 47.109990066436005 ], [ 27.65667142139505, 47.109862705483224 ], [ 27.65678768084922, 47.109827084523779 ], [ 27.657121849826829, 47.109862949023238 ], [ 27.657423037458187, 47.109895273107803 ], [ 27.657778669564639, 47.109908119843524 ], [ 27.657873992032723, 47.109889878032639 ], [ 27.658023963239998, 47.10980575230893 ], [ 27.658185988143728, 47.109732786129214 ], [ 27.658261118467973, 47.109687000393215 ], [ 27.65840470321541, 47.109658706192192 ], [ 27.658525956268612, 47.109643233815397 ], [ 27.658647209249558, 47.109627761311579 ], [ 27.658840417200299, 47.109576263239816 ], [ 27.658947554038662, 47.109547707376791 ], [ 27.65909504022374, 47.109489042088185 ], [ 27.659250159542562, 47.109414523457801 ], [ 27.659348762978727, 47.109380455432607 ], [ 27.659601530243336, 47.109273707131251 ], [ 27.659847118738174, 47.109218990299951 ], [ 27.65997785674957, 47.109218165577786 ], [ 27.660171512674964, 47.10924341344618 ], [ 27.660393506406756, 47.109272356017328 ], [ 27.660705154521313, 47.109290452246846 ], [ 27.660902712238201, 47.109301923988426 ], [ 27.661065317954801, 47.109264535683735 ], [ 27.661295614671189, 47.109232596604073 ], [ 27.661664477170035, 47.109154166434422 ], [ 27.661997111823823, 47.109060836457374 ], [ 27.662175457734293, 47.109010795536861 ], [ 27.662543119426754, 47.108939965703605 ], [ 27.662813791819026, 47.108887819582655 ], [ 27.662932190210565, 47.108856711042144 ], [ 27.663050587190845, 47.108825603310592 ], [ 27.663193017151603, 47.108758776275849 ], [ 27.663306903760358, 47.108697693345228 ], [ 27.66344199998602, 47.108625233260447 ], [ 27.663547320116788, 47.108568743659966 ], [ 27.663687101485632, 47.108488286580723 ], [ 27.663820422598903, 47.108391336960992 ], [ 27.663962145712564, 47.108288276490107 ], [ 27.664089557121571, 47.108195623123798 ], [ 27.664294500490918, 47.108097841304016 ], [ 27.664477559414355, 47.108019467492305 ], [ 27.664652420765012, 47.107973466259544 ], [ 27.664810618597318, 47.107947846194328 ], [ 27.66489647827196, 47.107937386872109 ], [ 27.665008609380198, 47.107912315176506 ], [ 27.665098798313625, 47.107892148304209 ], [ 27.665224625533629, 47.107864013922097 ], [ 27.665335373683654, 47.107862860374084 ], [ 27.665394100567138, 47.107722726308651 ], [ 27.665381930983727, 47.107686723182731 ], [ 27.66541667626748, 47.107559557611829 ], [ 27.665441985705261, 47.107407578432344 ], [ 27.66541026103496, 47.1071630020394 ], [ 27.665360245927157, 47.106965010755722 ], [ 27.665308734258318, 47.106786603827189 ], [ 27.665284107635962, 47.106715702074254 ], [ 27.665252329416308, 47.106569929955398 ], [ 27.66524153826127, 47.106422735981099 ], [ 27.665218209506516, 47.106104530513008 ], [ 27.66519716162777, 47.105817416836565 ], [ 27.665180702387577, 47.105592905531665 ], [ 27.665161135418451, 47.105410720758378 ], [ 27.66513214253634, 47.105246019275427 ], [ 27.665090177614918, 47.10512944687585 ], [ 27.665062795066216, 47.105010868740457 ], [ 27.665020866485243, 47.104829306813471 ], [ 27.664971477506189, 47.104474922512907 ], [ 27.664937923814531, 47.104265326511609 ], [ 27.664913044129001, 47.104047365437893 ], [ 27.664866333484884, 47.10383108318122 ], [ 27.66477499402864, 47.103386228039007 ], [ 27.66473785573497, 47.103251709511198 ], [ 27.664643311439619, 47.10314174462458 ], [ 27.664571964397066, 47.103074100702713 ], [ 27.664500616173537, 47.103006455864936 ], [ 27.664362120436625, 47.102894130560827 ], [ 27.663999634766277, 47.10266135730997 ], [ 27.663700920892964, 47.102469534043465 ], [ 27.663427913891159, 47.102260611947109 ], [ 27.66311695947461, 47.102022646960755 ], [ 27.662900548962028, 47.101893348938717 ], [ 27.662717705079796, 47.101796344503271 ], [ 27.662484736291265, 47.101672746768784 ], [ 27.66230532628985, 47.101564871606264 ], [ 27.662156107558733, 47.101505652158394 ], [ 27.662006890425012, 47.101446431583923 ], [ 27.661845702770574, 47.101404305238013 ], [ 27.661712866342938, 47.101369586993293 ], [ 27.661568307684941, 47.101290175002944 ], [ 27.661423750768272, 47.101210762794615 ], [ 27.661312065567756, 47.101109601656631 ], [ 27.661289436063573, 47.101038279548163 ], [ 27.660972314961136, 47.101014744594202 ], [ 27.660757108486195, 47.100977645976741 ], [ 27.660724708838707, 47.100944748610253 ], [ 27.660337955899529, 47.100882162512463 ], [ 27.660191848752927, 47.101102145784346 ], [ 27.660030732655098, 47.101499708342843 ], [ 27.660008637291131, 47.101554230286816 ], [ 27.659978672377104, 47.101574667140426 ], [ 27.659869973102062, 47.101578510603659 ], [ 27.659723270749133, 47.10156475528386 ], [ 27.659252995278209, 47.101520657619801 ], [ 27.659312476863686, 47.101135894544264 ], [ 27.659406302822351, 47.100958509530763 ], [ 27.659415252538505, 47.100754737003712 ], [ 27.65936537309581, 47.100586571405948 ], [ 27.65930384026473, 47.100379118907732 ], [ 27.659260174095508, 47.100336776626911 ], [ 27.659122824289312, 47.100359807345562 ], [ 27.658982028654584, 47.10036893963931 ], [ 27.658798322324262, 47.100380855536137 ], [ 27.658604186081906, 47.100399235001738 ], [ 27.658475257880422, 47.100407723715975 ], [ 27.658345691242573, 47.100458851704929 ], [ 27.658246546290894, 47.100497974785888 ], [ 27.658154178915172, 47.100425184333844 ], [ 27.657993106714859, 47.100298250522663 ], [ 27.657961334925691, 47.100175894868848 ], [ 27.657957769452935, 47.10005165379247 ], [ 27.657708537036545, 47.099639211515459 ], [ 27.657544203902429, 47.099302353848444 ], [ 27.657404797438844, 47.099120817627472 ], [ 27.65760606949792, 47.099009683133616 ], [ 27.657834833928945, 47.0989269931395 ], [ 27.658137178348763, 47.098817705355472 ], [ 27.658365634626158, 47.098749367013468 ], [ 27.658518407045143, 47.098685573988746 ], [ 27.65866835074123, 47.098701085695772 ], [ 27.658759581810667, 47.098649322236874 ], [ 27.65879229506254, 47.098552044752275 ], [ 27.658856165253553, 47.098432823758159 ], [ 27.658852291960876, 47.098340273221162 ], [ 27.658687374460545, 47.098192793655571 ], [ 27.658498987042094, 47.098024324225975 ], [ 27.658305984012905, 47.097905789333012 ], [ 27.658050443646214, 47.097748844471788 ], [ 27.657877584220781, 47.097571752808179 ], [ 27.657726033485343, 47.097385782521528 ], [ 27.657568151734839, 47.097216403733739 ], [ 27.657475316176608, 47.097116808561516 ], [ 27.65747693501832, 47.097078322190271 ], [ 27.657581992051693, 47.097045465693434 ], [ 27.657617530787235, 47.097026224974499 ], [ 27.657599111325943, 47.096819180845358 ], [ 27.657563589267937, 47.096634306422835 ], [ 27.657567022464491, 47.096510113890538 ], [ 27.657568651281235, 47.096451207163149 ], [ 27.657607079094987, 47.096398456199012 ], [ 27.657723308916957, 47.09635639370795 ], [ 27.657714487168963, 47.096330100265789 ], [ 27.657655561342139, 47.096154477286042 ], [ 27.657605092855515, 47.095921537195288 ], [ 27.657673267503089, 47.095806422159107 ], [ 27.657726409808728, 47.095570747522359 ], [ 27.657784850650803, 47.095448447272673 ], [ 27.657847656930588, 47.095351788814099 ], [ 27.657992331248472, 47.095217973405816 ], [ 27.658163442660506, 47.095059704273694 ], [ 27.658244085455483, 47.094985112516817 ], [ 27.658393360843203, 47.095033574292088 ], [ 27.658498198192156, 47.095067608641344 ], [ 27.658624434717559, 47.094965174911273 ], [ 27.658802321288878, 47.094861123062209 ], [ 27.658978971433918, 47.094791602402111 ], [ 27.659094339920653, 47.094676802262676 ], [ 27.659146222692168, 47.094584602500461 ], [ 27.659134422758083, 47.094511324360482 ], [ 27.659122624218973, 47.094438047085774 ], [ 27.659125802721473, 47.094336668765109 ], [ 27.659127315838518, 47.094288428694917 ], [ 27.659184176122935, 47.093967590719778 ], [ 27.659192319042191, 47.093776674605202 ], [ 27.659155884067406, 47.093587305646906 ], [ 27.659064558843191, 47.093541099915477 ], [ 27.658500670674385, 47.093568754661057 ], [ 27.658453323671761, 47.093118461995552 ], [ 27.658310917319579, 47.093093177262539 ], [ 27.658155051847611, 47.092969198867969 ], [ 27.657999187138962, 47.092845221149517 ], [ 27.657994933211981, 47.092732998788811 ], [ 27.658126597604195, 47.092418417896489 ], [ 27.658176874527015, 47.092144634829786 ], [ 27.658129466725292, 47.091970599799133 ], [ 27.657975429313346, 47.09182822967265 ], [ 27.657767608860752, 47.091722438497243 ], [ 27.657587727780829, 47.091682600297325 ], [ 27.657246561783875, 47.091607040823867 ], [ 27.657031359418379, 47.09159990748941 ], [ 27.656826818491265, 47.091720458863144 ], [ 27.656674535453231, 47.091872873040572 ], [ 27.656472360916524, 47.091995274468196 ], [ 27.656290032590775, 47.091928405559912 ], [ 27.655948703159151, 47.09167675099507 ], [ 27.655566875392452, 47.091395233763997 ], [ 27.655440459402143, 47.091554161957902 ], [ 27.655289174751299, 47.091741451211071 ], [ 27.655289076918322, 47.091820485536317 ], [ 27.655264454503676, 47.09186730658972 ], [ 27.655202425906808, 47.091893390167954 ], [ 27.65508667062808, 47.091942066400605 ], [ 27.655022055270312, 47.092023747129403 ], [ 27.65492600365118, 47.092089442334213 ], [ 27.6548165937728, 47.092230037183775 ], [ 27.654707183329336, 47.092370631928731 ], [ 27.65447722974897, 47.092545629612985 ], [ 27.654390083928575, 47.092577614712305 ], [ 27.654328768604884, 47.092581315652353 ], [ 27.654235245315487, 47.092586960665834 ], [ 27.65416971222238, 47.092541044946138 ], [ 27.65383814531533, 47.092442262771101 ], [ 27.65368608044507, 47.092439267539966 ], [ 27.653550294149891, 47.092486111124515 ], [ 27.653326198963288, 47.092415116890194 ], [ 27.652394745314528, 47.092120022381494 ], [ 27.65238153416232, 47.092097699880441 ], [ 27.652444714203092, 47.092015876354246 ], [ 27.652469568458606, 47.091924943652735 ], [ 27.652457899812187, 47.091869123954659 ], [ 27.652420096900208, 47.09181899606601 ], [ 27.652294073453543, 47.091746573292724 ], [ 27.652209663705634, 47.091731774503593 ], [ 27.652092228372783, 47.091738867603091 ], [ 27.651770589956204, 47.091580377622762 ], [ 27.651540612474601, 47.091467053105568 ], [ 27.651392178199877, 47.091388275552646 ], [ 27.651253781472736, 47.091301390434026 ], [ 27.651196527801481, 47.091251810246298 ], [ 27.65116831887801, 47.091213512626673 ], [ 27.651247820518336, 47.091165084725013 ], [ 27.65154911050077, 47.090997684787169 ], [ 27.651859887349111, 47.090910610157898 ], [ 27.65226655172971, 47.090796667251489 ], [ 27.652346434668459, 47.090751573922446 ], [ 27.65238249190724, 47.090664293237225 ], [ 27.652424957521578, 47.090561501027246 ], [ 27.65243604507409, 47.090490714156815 ], [ 27.652490556440444, 47.090485355275632 ], [ 27.652466571215619, 47.090371541203361 ], [ 27.652227366461094, 47.090363086363269 ], [ 27.652175504668278, 47.09025276140283 ], [ 27.651904303170127, 47.09011253867174 ], [ 27.651528052922522, 47.08986977044222 ], [ 27.651386519205847, 47.089756331495273 ], [ 27.651188440069124, 47.089645687590078 ], [ 27.650965217158841, 47.089560244027375 ], [ 27.650892814523669, 47.089520876274563 ], [ 27.650706904013404, 47.089419788463907 ], [ 27.650406655294375, 47.08912833545542 ], [ 27.650235556375836, 47.0890703643053 ], [ 27.650123951239504, 47.089062548602925 ], [ 27.649845661396871, 47.089080537935324 ], [ 27.649800316465782, 47.089029972055535 ], [ 27.649783203678773, 47.088889494407006 ], [ 27.650012261303932, 47.088857740008294 ], [ 27.650299014734188, 47.088837213583496 ], [ 27.650469364860601, 47.088815173539167 ], [ 27.650548606854791, 47.088790241770454 ], [ 27.650553557991092, 47.088766417917441 ], [ 27.650496619594314, 47.088720204857871 ], [ 27.650446898200599, 47.088622108555008 ], [ 27.650474087683648, 47.088519974388902 ], [ 27.650505093702929, 47.088403498773658 ], [ 27.65037608881681, 47.088413884820262 ], [ 27.650288661672594, 47.08823514307997 ], [ 27.650243116573133, 47.088142029130552 ], [ 27.650179384738699, 47.087966556643813 ], [ 27.650100506059346, 47.087785453420977 ], [ 27.650094519291621, 47.087724695716098 ], [ 27.650056614876494, 47.087651767144898 ], [ 27.650006058434808, 47.087554497027803 ], [ 27.649954980784006, 47.087416989812695 ], [ 27.64987998223306, 47.087320415327106 ], [ 27.649839039479041, 47.087276815559541 ], [ 27.649809656992392, 47.087207808564727 ], [ 27.649741490619796, 47.08697508187521 ], [ 27.649588679823644, 47.086550231046537 ], [ 27.649486467217535, 47.086286663613365 ], [ 27.649342280144126, 47.085914855847541 ], [ 27.649208038917436, 47.085633404217148 ], [ 27.649168139863072, 47.08552584705626 ], [ 27.649208452291681, 47.085463312017907 ], [ 27.64921354051322, 47.085395072061552 ], [ 27.649113723750329, 47.085399595734273 ], [ 27.64862583629624, 47.085373560931615 ], [ 27.648352279923472, 47.08531300922153 ], [ 27.647992557645356, 47.085254307940751 ], [ 27.647485294050583, 47.085187268374611 ], [ 27.647087533824756, 47.085161315842363 ], [ 27.646784547561943, 47.085101181974757 ], [ 27.646403059100919, 47.085043500961717 ], [ 27.645983849995638, 47.084980115107115 ], [ 27.64581609442174, 47.084973610322585 ], [ 27.645611396680646, 47.084943913562974 ], [ 27.645240415446256, 47.08490070361588 ], [ 27.644998001119575, 47.084856043440169 ], [ 27.644686071579969, 47.084787797210751 ], [ 27.644723048217656, 47.084867893219524 ], [ 27.644775170770245, 47.084949161507929 ], [ 27.644786462924188, 47.08498966673605 ], [ 27.644790345152416, 47.085055538537524 ], [ 27.64478604756987, 47.085121397838464 ], [ 27.64478455265807, 47.085144308084026 ], [ 27.644778561986485, 47.085236100502961 ], [ 27.644748649421235, 47.085315688728677 ], [ 27.64469384596071, 47.08539892905408 ], [ 27.644611233871299, 47.085560958825035 ], [ 27.644507189557068, 47.085717123029383 ], [ 27.644471731201289, 47.08581162113834 ], [ 27.644493369659791, 47.085908047343466 ], [ 27.644509649155186, 47.085980592613964 ], [ 27.644380362640717, 47.086059276233406 ], [ 27.644271767887059, 47.086125365901687 ], [ 27.644194262335375, 47.086209429794877 ], [ 27.644081008068486, 47.086242594310889 ], [ 27.643974946578584, 47.086330389403763 ], [ 27.643822145135545, 47.086456873561986 ], [ 27.643640515021421, 47.086519038442603 ], [ 27.643656525219889, 47.086657367922449 ], [ 27.643670694110259, 47.086779782129263 ], [ 27.643730284539757, 47.086983752487988 ], [ 27.643880058612215, 47.087197557528675 ], [ 27.643984372617993, 47.087285480698228 ], [ 27.644206769998057, 47.087378022639164 ], [ 27.644325875857824, 47.087472868381191 ], [ 27.644357408542284, 47.087545370447174 ], [ 27.644347835329576, 47.087620721315773 ], [ 27.644306918188839, 47.087691002286775 ], [ 27.644223857069189, 47.087741022395633 ], [ 27.644153726696409, 47.08779955578995 ], [ 27.644103792582822, 47.087841232100985 ], [ 27.64405629397514, 47.087864634640816 ], [ 27.643972382213402, 47.087879308032058 ], [ 27.643947095032946, 47.087907212007195 ], [ 27.643922069493218, 47.087954011029169 ], [ 27.643881378962138, 47.087966783492391 ], [ 27.643799035826589, 47.08795910371213 ], [ 27.643755188153165, 47.087948266065567 ], [ 27.643692706559698, 47.087951518353655 ], [ 27.643671789447659, 47.08797340167348 ], [ 27.64366843184132, 47.087993456759321 ], [ 27.643655248455186, 47.088016591260505 ], [ 27.643620259982889, 47.088023312556651 ], [ 27.643576185575228, 47.087994262931225 ], [ 27.643531076467994, 47.087998482747174 ], [ 27.643485862285306, 47.088040500728468 ], [ 27.64345489947128, 47.088062164830106 ], [ 27.64341509487743, 47.088048843444518 ], [ 27.643374261651999, 47.088009555868339 ], [ 27.643329088552019, 47.087952893820805 ], [ 27.643293059659044, 47.087907701689929 ], [ 27.6432464625642, 47.087885103603874 ], [ 27.643193721376452, 47.087900135889058 ], [ 27.643147880274451, 47.087972678998938 ], [ 27.643052476908927, 47.088188741554859 ], [ 27.642999649216467, 47.088274738975912 ], [ 27.642871287955131, 47.088288407307196 ], [ 27.642735786350297, 47.088271980813623 ], [ 27.64257834094942, 47.088223408826586 ], [ 27.64258245337442, 47.088300579239061 ], [ 27.642587337527424, 47.088392250414927 ], [ 27.642583898530273, 47.088483951802083 ], [ 27.642590251074513, 47.088575580382646 ], [ 27.642609394961458, 47.088666374593416 ], [ 27.642637796182033, 47.088801064829937 ], [ 27.642657865647813, 47.088896247464398 ], [ 27.642593934967145, 47.088911781109715 ], [ 27.642655351237075, 47.089029691197055 ], [ 27.642698213609787, 47.089088371778772 ], [ 27.642738732344249, 47.089121132456761 ], [ 27.642828762577182, 47.089168757400174 ], [ 27.642869033106372, 47.089209806579539 ], [ 27.642869124365706, 47.089259219122667 ], [ 27.642838812806911, 47.089319730301881 ], [ 27.642780651119843, 47.089383909544274 ], [ 27.64266936503736, 47.089417353290649 ], [ 27.642494282096493, 47.08943809604564 ], [ 27.642408078832887, 47.089415313796778 ], [ 27.642250132868764, 47.089444627390975 ], [ 27.642038368802837, 47.089483926973024 ], [ 27.641916469321007, 47.089570465031805 ], [ 27.641834738872511, 47.089651115872257 ], [ 27.641743496478572, 47.089741153457418 ], [ 27.641878857769505, 47.08982202583482 ], [ 27.642014219465636, 47.089902898047313 ], [ 27.642127648519402, 47.089970665849265 ], [ 27.642200827460588, 47.089998254808286 ], [ 27.642324401255525, 47.090044842947613 ], [ 27.642319740076154, 47.090088037737097 ], [ 27.642219254398661, 47.090161467604247 ], [ 27.641849227301726, 47.090107565942233 ], [ 27.641625776929263, 47.090045727201272 ], [ 27.641536580908525, 47.090128314162897 ], [ 27.641377519194176, 47.090214241696771 ], [ 27.641366443652284, 47.09028508464943 ], [ 27.641319055111435, 47.090365314320188 ], [ 27.641227912830153, 47.090425392633726 ], [ 27.641106686152998, 47.09045048046719 ], [ 27.640907343632549, 47.090448499872153 ], [ 27.640754250145029, 47.090489657661919 ], [ 27.640512085902451, 47.090428593728234 ], [ 27.640336333260169, 47.090340557184454 ], [ 27.640055113924031, 47.09016444650446 ], [ 27.639778127719406, 47.090023173297418 ], [ 27.639520590692658, 47.0899806603733 ], [ 27.63920165487157, 47.089928011760122 ], [ 27.638993842678023, 47.089893705497971 ], [ 27.638877764551374, 47.089920978975435 ], [ 27.638637678237025, 47.089883496473313 ], [ 27.638500049911297, 47.089862009218521 ], [ 27.638359039757173, 47.089866715596571 ], [ 27.63828821186145, 47.089879430114642 ], [ 27.638203078217174, 47.089941635687545 ], [ 27.638169775939318, 47.090023690429518 ], [ 27.63815417318008, 47.090098713949061 ], [ 27.638140059152494, 47.090115870160105 ], [ 27.638251217515776, 47.090165610589032 ], [ 27.638463181851311, 47.090260458114827 ], [ 27.638615580129176, 47.090339032808359 ], [ 27.638747530500964, 47.090407066568986 ], [ 27.63884311172346, 47.090438140659906 ], [ 27.638977826447711, 47.090455311474336 ], [ 27.638978642226459, 47.090494999075709 ], [ 27.638984952010656, 47.090568869691005 ], [ 27.638962040310876, 47.09065840409729 ], [ 27.638930164309333, 47.090782965645104 ], [ 27.63881925493757, 47.090995761667564 ], [ 27.638744371687618, 47.091063295855051 ], [ 27.638651945834599, 47.091119792715041 ], [ 27.638511060034315, 47.091169245765023 ], [ 27.638361614694571, 47.091205115469272 ], [ 27.638297251126801, 47.091240306289478 ], [ 27.638157253677928, 47.091165412119615 ], [ 27.63789283830161, 47.091023958044879 ], [ 27.637836102087125, 47.091016286790463 ], [ 27.637732989040511, 47.091002098035261 ], [ 27.63751654863314, 47.090992027426722 ], [ 27.637299657264069, 47.090995274707311 ], [ 27.636787296068519, 47.091002942486426 ], [ 27.636578292827547, 47.09100816816823 ], [ 27.636482811183487, 47.091018090229859 ], [ 27.636439855815027, 47.091039109053838 ], [ 27.636383155314324, 47.09110441966606 ], [ 27.636207953551104, 47.091345624710343 ], [ 27.636116058794364, 47.091493572379314 ], [ 27.636378348162509, 47.091590897497078 ], [ 27.636495202987089, 47.091643223762837 ], [ 27.636532176737354, 47.091683823869381 ], [ 27.636555137191689, 47.091747857292319 ], [ 27.636578096341864, 47.091811889840088 ], [ 27.636578761597523, 47.091928407781964 ], [ 27.636413058792666, 47.092188331434322 ], [ 27.636352239470014, 47.092282893337476 ], [ 27.636306718209408, 47.092353669525657 ], [ 27.636156229404399, 47.092417917433657 ], [ 27.636078181670825, 47.092474582601255 ], [ 27.636048352666826, 47.092529579605639 ], [ 27.636063352107445, 47.092587326151445 ], [ 27.636017958919041, 47.092637111400947 ], [ 27.635952237026988, 47.092709192490908 ], [ 27.635920094565048, 47.092791219981379 ], [ 27.635808350140671, 47.092924129018122 ], [ 27.635714790999167, 47.092989990418289 ], [ 27.635626992229259, 47.093097031044167 ], [ 27.635567340421474, 47.093212761601684 ], [ 27.635553966647038, 47.093314883399621 ], [ 27.63554059282631, 47.093417005192762 ], [ 27.635479308138368, 47.09348012865695 ], [ 27.635385272243905, 47.093604026423172 ], [ 27.635275310783541, 47.093748905396467 ], [ 27.63502585294124, 47.093910167011252 ], [ 27.634930454367627, 47.094029409578937 ], [ 27.634819991260212, 47.094310849360632 ], [ 27.634869697409421, 47.094609530310251 ], [ 27.63490915300267, 47.09465923095977 ], [ 27.635055089837994, 47.094721804188531 ], [ 27.635278832308181, 47.094748183297646 ], [ 27.635424928576423, 47.094806781994066 ], [ 27.635359087931992, 47.094938009718334 ], [ 27.635400939754444, 47.095116400388314 ], [ 27.635434462736892, 47.095259294824203 ], [ 27.635413893337475, 47.095422949619973 ], [ 27.635347842066583, 47.095515213900434 ], [ 27.635384614409546, 47.095557612474522 ], [ 27.635345069796156, 47.095625462076292 ], [ 27.635208450253508, 47.095698665816187 ], [ 27.635107494740101, 47.095775935269415 ], [ 27.635006538937652, 47.095853204635389 ], [ 27.63498031427611, 47.095923568827885 ], [ 27.635036093810573, 47.095985381650586 ], [ 27.63503352008204, 47.096057966447894 ], [ 27.634925428620914, 47.09613654587605 ], [ 27.634849449096158, 47.096279906758511 ], [ 27.634800972986906, 47.09632847124778 ], [ 27.634702802408906, 47.096372154900429 ], [ 27.634562568263501, 47.096390495851011 ], [ 27.634500166105997, 47.096450099389038 ], [ 27.634484130117098, 47.096531708636604 ], [ 27.634416720125728, 47.096611579950789 ], [ 27.634262849958116, 47.09663275123637 ], [ 27.634150657537965, 47.096607043899944 ], [ 27.634032469804861, 47.096611132593132 ], [ 27.633838877228218, 47.096681747758062 ], [ 27.633744263968907, 47.096750163764874 ], [ 27.633621254153525, 47.096814452071939 ], [ 27.633468559346898, 47.096832241505375 ], [ 27.633346696968573, 47.096846439218893 ], [ 27.6332289871543, 47.096872234765186 ], [ 27.633111275952569, 47.096898031121441 ], [ 27.632952041359417, 47.096964672377773 ], [ 27.632848005219422, 47.097031600633251 ], [ 27.632766180161696, 47.097075705612177 ], [ 27.632677245973863, 47.097084226071537 ], [ 27.632515373376357, 47.097051135143964 ], [ 27.632360334893797, 47.097005254355189 ], [ 27.632150521407329, 47.096985988166765 ], [ 27.632093177985535, 47.097012798249573 ], [ 27.631943613368811, 47.097122223859387 ], [ 27.631897223895265, 47.097158647368751 ], [ 27.631880155440754, 47.097239384288031 ], [ 27.63184758566527, 47.097393447601036 ], [ 27.631799524538291, 47.097534991399442 ], [ 27.631775093893484, 47.097679328355078 ], [ 27.631756990406593, 47.097786282659037 ], [ 27.631764746816518, 47.097858357490693 ], [ 27.631700077650493, 47.097938985400148 ], [ 27.63167965404017, 47.098029850746293 ], [ 27.631648515001658, 47.098119286328206 ], [ 27.631613479854355, 47.098219908402214 ], [ 27.63154623219377, 47.098364284652874 ], [ 27.631541402827956, 47.098465655830452 ], [ 27.631540174053537, 47.098609604575678 ], [ 27.631539411737254, 47.098698946630137 ], [ 27.631502570056558, 47.098996695721191 ], [ 27.631477993770734, 47.099079236871901 ], [ 27.631457449573215, 47.099241519443972 ], [ 27.631446634880959, 47.099326958928778 ], [ 27.631420580819345, 47.09953276717637 ], [ 27.631381088967085, 47.099600344956414 ], [ 27.631330649918446, 47.099686658103472 ], [ 27.631270120081613, 47.099755495218155 ], [ 27.631222998839817, 47.099845012935845 ], [ 27.6311334201379, 47.099941917553146 ], [ 27.631055640128334, 47.100026058083337 ], [ 27.630993359330564, 47.100058060004606 ], [ 27.630941430436522, 47.10009775170434 ], [ 27.630976603031552, 47.100154380598887 ], [ 27.630982590444592, 47.100196669829586 ], [ 27.630946977079898, 47.10023150750586 ], [ 27.630887907351021, 47.100276671285975 ], [ 27.630686529680787, 47.100411508665587 ], [ 27.630601697267661, 47.100504198445279 ], [ 27.630546281625826, 47.100578755538152 ], [ 27.630524117998196, 47.100673125753133 ], [ 27.63053606004101, 47.100768352772704 ], [ 27.630531111446302, 47.100863868973157 ], [ 27.630503690600264, 47.100970763291961 ], [ 27.630476268377688, 47.101077658530372 ], [ 27.630453198526673, 47.101167592069125 ], [ 27.63038841002971, 47.101247460471399 ], [ 27.630365545516934, 47.101355287704429 ], [ 27.630317607627973, 47.101459205090627 ], [ 27.63031248381764, 47.101531735136206 ], [ 27.630287162882457, 47.101586507131046 ], [ 27.630239701906664, 47.101652855699456 ], [ 27.63023020573689, 47.101700539656399 ], [ 27.630167887546023, 47.101732013686096 ], [ 27.630130826235579, 47.101754502118837 ], [ 27.630023116044143, 47.101819858960965 ], [ 27.629966897993988, 47.101853972049355 ], [ 27.629900298716517, 47.10187783111796 ], [ 27.629787924267792, 47.10192454239607 ], [ 27.629667808151947, 47.101961185147708 ], [ 27.629491832279321, 47.10200751600388 ], [ 27.629383901798814, 47.102035931280007 ], [ 27.629247253033572, 47.102090504457813 ], [ 27.628935113395176, 47.102202777632911 ], [ 27.628754379735064, 47.102272497269453 ], [ 27.62864456688644, 47.102336493157189 ], [ 27.628550598784418, 47.102411333277381 ], [ 27.628490315373959, 47.102459343684927 ], [ 27.628517939382913, 47.10251970596223 ], [ 27.628528274992181, 47.102542290826662 ], [ 27.628561811301349, 47.102587526024955 ], [ 27.628557073445226, 47.102617482146293 ], [ 27.628447752435651, 47.102679071068472 ], [ 27.628348981371573, 47.102734717129835 ], [ 27.62814330252321, 47.102828659266336 ], [ 27.627934650252318, 47.102903541 ], [ 27.627731086285834, 47.102963162881515 ], [ 27.627621088801096, 47.103027830583436 ], [ 27.627559157959411, 47.103043584560226 ], [ 27.627515578222901, 47.103040989497693 ], [ 27.627346398227189, 47.102962546982454 ], [ 27.627177220037893, 47.102884104182259 ], [ 27.627069897174987, 47.102849208946239 ], [ 27.626875904178767, 47.102837955913103 ], [ 27.626717978900604, 47.102828793780873 ], [ 27.626528476202264, 47.102794049339977 ], [ 27.626264385076507, 47.102717314714184 ], [ 27.626058182716854, 47.102666012747655 ], [ 27.625746266919027, 47.102684363463197 ], [ 27.625484028728547, 47.102683304525762 ], [ 27.62523351155351, 47.102630359669817 ], [ 27.624972929346111, 47.102610240491792 ], [ 27.624788048511991, 47.102645612895287 ], [ 27.6246281455572, 47.10271818421586 ], [ 27.624515501343296, 47.10282435182431 ], [ 27.624460736835029, 47.102852818191124 ], [ 27.624315558813102, 47.102891989091482 ], [ 27.624362643333715, 47.102980162121035 ], [ 27.624388743181843, 47.103072306154438 ], [ 27.624396897419615, 47.103132171191874 ], [ 27.624399899193868, 47.103182069746197 ], [ 27.62439399958382, 47.103217336336158 ], [ 27.624381148567277, 47.103261060716477 ], [ 27.624376008783887, 47.10329404226615 ], [ 27.62434943547018, 47.103367829440131 ], [ 27.624304999069327, 47.103469170902812 ], [ 27.624226752439615, 47.103647610847155 ], [ 27.624072312488721, 47.103999812043547 ], [ 27.623996720419616, 47.10417219807745 ], [ 27.623986795718597, 47.104214777838912 ], [ 27.623985106318912, 47.10431082962203 ], [ 27.623980854884987, 47.104348661287169 ], [ 27.62396161256455, 47.104400804539594 ], [ 27.62394929315283, 47.104445064820275 ], [ 27.623918859917225, 47.104502570115294 ], [ 27.623885015949469, 47.104664654229516 ], [ 27.623838823041346, 47.104794018994738 ], [ 27.623827667472927, 47.104900271147358 ], [ 27.623790179749282, 47.104968866926903 ], [ 27.623750899700767, 47.10513425290506 ], [ 27.623731701137011, 47.105266989397769 ], [ 27.623688128237337, 47.105369985652871 ], [ 27.623644226471548, 47.105441583337885 ], [ 27.623575265452963, 47.105554048069607 ], [ 27.623563253407024, 47.105576082489087 ], [ 27.623497890744559, 47.10569597161944 ], [ 27.623436387704999, 47.105788192581784 ], [ 27.623378610817117, 47.105845456434594 ], [ 27.623322319094139, 47.105886291049082 ], [ 27.623271762628605, 47.105896286842558 ], [ 27.623218132667017, 47.105882768416272 ], [ 27.623089799439185, 47.105858584781139 ], [ 27.622892887933155, 47.105843438791524 ], [ 27.622854366126582, 47.105832751212233 ], [ 27.622808115844904, 47.105807889073617 ], [ 27.622768204106876, 47.105778346578731 ], [ 27.622716897819643, 47.105712121362359 ], [ 27.622667859603425, 47.105630269873835 ], [ 27.622592509313996, 47.105504499698071 ], [ 27.622562542322964, 47.105425905808907 ], [ 27.622546556223504, 47.105345429624123 ], [ 27.62211933475211, 47.105348921116828 ], [ 27.622120698581398, 47.105426726194949 ], [ 27.622079906568004, 47.105499380272029 ], [ 27.62205944893449, 47.105564400573144 ], [ 27.62205427062641, 47.105673706119354 ], [ 27.622068430136359, 47.105697991956546 ], [ 27.622184793753298, 47.105781823610961 ], [ 27.622252657963038, 47.105906312378302 ], [ 27.622228199849975, 47.105982344816155 ], [ 27.622196118840677, 47.106082080224439 ], [ 27.621327989881806, 47.105951896291685 ], [ 27.620626659114812, 47.105846720818001 ], [ 27.620408135164773, 47.105815015590345 ], [ 27.620242823823418, 47.105798043319965 ], [ 27.620138580871309, 47.105799554196565 ], [ 27.620068807423792, 47.10581792878088 ], [ 27.620014987710874, 47.105853381824154 ], [ 27.619943108681603, 47.10593634297377 ], [ 27.619894509129029, 47.105992436726439 ], [ 27.619905221108048, 47.106044795409012 ], [ 27.619891853826452, 47.106081759973812 ], [ 27.619750213110098, 47.106101656840892 ], [ 27.619501871486698, 47.106094301718805 ], [ 27.619365567250409, 47.106090265492213 ], [ 27.619300880009476, 47.106069974829161 ], [ 27.619080435948447, 47.105964223687188 ], [ 27.618856510625484, 47.105896913322553 ], [ 27.618575742146039, 47.105803415654542 ], [ 27.618147977803574, 47.105660966244109 ], [ 27.618177891293872, 47.105623079802776 ], [ 27.618157708770319, 47.105580624014991 ], [ 27.618055378641117, 47.10536536603859 ], [ 27.6179907561955, 47.105253856459342 ], [ 27.617922387313328, 47.10519124827632 ], [ 27.617674333469246, 47.105187632684114 ], [ 27.617340900223248, 47.105127299045762 ], [ 27.617056134633074, 47.105075771018072 ], [ 27.616741020635786, 47.10501875084509 ], [ 27.616498904617092, 47.104993549797832 ], [ 27.616346359752015, 47.105005129505429 ], [ 27.616051243238648, 47.104965684327333 ], [ 27.615861278592011, 47.104940293724596 ], [ 27.615595150587922, 47.104904722120665 ], [ 27.615307042108732, 47.104855322683036 ], [ 27.615016197913594, 47.104814065642152 ], [ 27.614785866391298, 47.104781393223504 ], [ 27.614585610653503, 47.104752985660532 ], [ 27.614497009727657, 47.104740417471248 ], [ 27.614501973069554, 47.104781685715103 ], [ 27.614488201598686, 47.104849331302646 ], [ 27.614431069023066, 47.105073463389282 ], [ 27.614378713628405, 47.105278855598684 ], [ 27.614346218345002, 47.105380230483782 ], [ 27.614321705027169, 47.105456707828623 ], [ 27.614287602183452, 47.105604612893266 ], [ 27.614178765906342, 47.106076629331994 ], [ 27.614102104591613, 47.106409100311652 ], [ 27.614082068379659, 47.106530451943144 ], [ 27.614058478995823, 47.106606077671778 ], [ 27.614025008542853, 47.106685621971238 ], [ 27.613975937147472, 47.106932235484493 ], [ 27.613938591869157, 47.10708392493148 ], [ 27.613898810781912, 47.107245503667272 ], [ 27.61386350086384, 47.107314615467843 ], [ 27.613837168364078, 47.10742724084438 ], [ 27.613802807391373, 47.107515747588415 ], [ 27.613791346647627, 47.107606975046785 ], [ 27.613782203556561, 47.107651524891651 ], [ 27.613751148885139, 47.107739667945651 ], [ 27.613732737906069, 47.107835922020826 ], [ 27.613727417492584, 47.107902017391631 ], [ 27.613727082583107, 47.107955575841423 ], [ 27.613739379686105, 47.10800847327647 ], [ 27.61374758722204, 47.108043779114162 ], [ 27.613766919634216, 47.108076999275269 ], [ 27.613814390255602, 47.108134740746152 ], [ 27.613880244705523, 47.108214843002386 ], [ 27.613941710513789, 47.108296555452341 ], [ 27.614051054291053, 47.108441916028703 ], [ 27.614211138230651, 47.108643969236589 ], [ 27.614313739018264, 47.108768263179513 ], [ 27.614495494817103, 47.108996822905461 ], [ 27.614584229670914, 47.109096419201109 ], [ 27.614617654986166, 47.109137515787708 ], [ 27.614538448638552, 47.109167544524723 ], [ 27.61452374149432, 47.109205617683408 ], [ 27.614479958425008, 47.109240003097476 ], [ 27.614411888392187, 47.10929346175098 ], [ 27.614376592815439, 47.109332415594132 ], [ 27.614305513966379, 47.109433760696753 ], [ 27.614289474386307, 47.109487863439391 ], [ 27.614106783076931, 47.109775434660065 ], [ 27.614022796227275, 47.109894543310283 ], [ 27.613924645159003, 47.11003373700462 ], [ 27.613682348577552, 47.110377351363631 ], [ 27.613627865452248, 47.110453661301129 ], [ 27.613589585238469, 47.110507274392432 ], [ 27.613503598728133, 47.110586526819489 ], [ 27.613435251714868, 47.110664211227572 ], [ 27.613402206665082, 47.110730207360589 ], [ 27.613356363370659, 47.110821758757957 ], [ 27.613274004168744, 47.110946714466024 ], [ 27.613227533880849, 47.111005304659741 ], [ 27.613180218483997, 47.111061122431387 ], [ 27.613129178547858, 47.111099513108066 ], [ 27.613115849733774, 47.111130598585959 ], [ 27.613068174914517, 47.111241795755916 ], [ 27.612993370132934, 47.111487592766771 ], [ 27.612892456612649, 47.111819178844492 ], [ 27.612856458265533, 47.111985633436461 ], [ 27.612823066512377, 47.112079127567064 ], [ 27.612759923154314, 47.112255920317473 ], [ 27.612684135067788, 47.112443901306136 ], [ 27.612589508076255, 47.112709399627924 ], [ 27.612532360919804, 47.112883852750734 ], [ 27.612525976928989, 47.112934013026184 ], [ 27.612525271893773, 47.113035178520505 ], [ 27.612524629693567, 47.113127449709431 ], [ 27.612523987494825, 47.113219720895628 ], [ 27.612492689741448, 47.113357383559688 ], [ 27.612435247179324, 47.113610029871936 ], [ 27.612391927564278, 47.113839770073469 ], [ 27.612331144848795, 47.114067657970558 ], [ 27.612282373918333, 47.114196996356753 ], [ 27.612234394302082, 47.11437873998355 ], [ 27.612186415735348, 47.11456048445163 ], [ 27.612167321814486, 47.114624117426516 ], [ 27.612155781374405, 47.114688592937348 ], [ 27.612119498104708, 47.114790828108312 ], [ 27.612039154081714, 47.115133285867259 ], [ 27.611977761677949, 47.115346162391596 ], [ 27.611923624522273, 47.115594505751154 ], [ 27.61189432532192, 47.115728911168837 ], [ 27.611886427887779, 47.115875488200565 ], [ 27.611880616577235, 47.115944403874941 ], [ 27.61186326254677, 47.116150190680003 ], [ 27.611842256918532, 47.11632034993665 ], [ 27.611800928864657, 47.116896538965705 ], [ 27.61176111060265, 47.117385723260014 ], [ 27.611744889134084, 47.117554701600831 ], [ 27.611729796760574, 47.117711925941201 ], [ 27.611670723922195, 47.1183272647081 ], [ 27.611557850342852, 47.119335651347036 ], [ 27.611513505010844, 47.11964606153586 ], [ 27.611462408583446, 47.120067251325672 ], [ 27.611441494069155, 47.120312459343737 ], [ 27.611439556694915, 47.120424542152264 ], [ 27.611436025118191, 47.120628846306964 ], [ 27.611538254839623, 47.120633482404457 ], [ 27.611537239646314, 47.120669278353468 ], [ 27.611358182254481, 47.120668014431082 ], [ 27.610821407160952, 47.120531983668691 ], [ 27.610125634598464, 47.120355656194469 ], [ 27.609506022882098, 47.120187141043957 ], [ 27.608932651824794, 47.120045210211046 ], [ 27.608426767901765, 47.119910071048153 ], [ 27.608035984031815, 47.1198101028248 ], [ 27.607879408818562, 47.119781558495426 ], [ 27.607320254068206, 47.119911645849029 ], [ 27.607266365490648, 47.119954328387905 ], [ 27.607270883951667, 47.119986489794698 ], [ 27.60729511357291, 47.120158945131749 ], [ 27.607319142817637, 47.120234178469516 ], [ 27.607356881577395, 47.120497768200011 ], [ 27.607361919621717, 47.120560502903466 ], [ 27.607376943839352, 47.120636673724718 ], [ 27.607417886481137, 47.120713420610677 ], [ 27.60743010807488, 47.121047861310288 ], [ 27.607419088467079, 47.121251128195347 ], [ 27.607410856161433, 47.12140297558232 ], [ 27.607415313780294, 47.121449774373652 ], [ 27.607429622183115, 47.121506121149103 ], [ 27.607447468695685, 47.121537439166509 ], [ 27.607462966611187, 47.121564635521906 ], [ 27.607539807399728, 47.121625068815376 ], [ 27.607611147376378, 47.121688566168729 ], [ 27.607764089489422, 47.121777870686785 ], [ 27.607975100081241, 47.121901081350259 ], [ 27.60803622826764, 47.121951619020827 ], [ 27.608124903128292, 47.122047760293768 ], [ 27.608235539722365, 47.122186229524736 ], [ 27.608333736699407, 47.122262117573094 ], [ 27.608343482155991, 47.122353874035205 ], [ 27.608325226603114, 47.12265574110522 ], [ 27.608392563222033, 47.122792625464989 ], [ 27.608411201371798, 47.122936458366077 ], [ 27.608471903476904, 47.123105492982532 ], [ 27.608556351673954, 47.123283679007855 ], [ 27.60857616609972, 47.123397598631932 ], [ 27.608567422454126, 47.123512162887799 ], [ 27.608513950012153, 47.123588684585911 ], [ 27.608460200613052, 47.123637424401025 ], [ 27.608353348860636, 47.123678109966463 ], [ 27.608066175986441, 47.123787453863052 ], [ 27.607839161439401, 47.123873891312982 ], [ 27.607729817932359, 47.123915524320317 ], [ 27.607703338801752, 47.123908793022132 ], [ 27.607625719400087, 47.12387228962676 ], [ 27.607543560936705, 47.123814369223531 ], [ 27.607436561277382, 47.123708341612797 ], [ 27.607414270972619, 47.123661155996182 ], [ 27.607387929056927, 47.123626682927096 ], [ 27.607353029058874, 47.123610912142674 ], [ 27.607329240116826, 47.123581782676069 ], [ 27.607287063730446, 47.123530133134558 ], [ 27.607260472702894, 47.123462989285009 ], [ 27.607217836093689, 47.123235080726438 ], [ 27.607181310073383, 47.122928120886925 ], [ 27.60715760915792, 47.122820730233052 ], [ 27.607107515352538, 47.122764459162205 ], [ 27.607024452746813, 47.12273097496265 ], [ 27.606812143439356, 47.122645388927026 ], [ 27.606693722888746, 47.122597651207521 ], [ 27.606552070571542, 47.122564185194214 ], [ 27.606432172929921, 47.12254616832552 ], [ 27.60620720145085, 47.122551242231353 ], [ 27.606101515160876, 47.122575193653198 ], [ 27.605961167781476, 47.122637563240687 ], [ 27.605820821391546, 47.122699932629843 ], [ 27.605797424786314, 47.122719361759692 ], [ 27.605804528406484, 47.122788494092092 ], [ 27.605658111589815, 47.122796222178039 ], [ 27.605415473373839, 47.122874420303788 ], [ 27.605431500277305, 47.122955796221348 ], [ 27.60545857428302, 47.123093262369302 ], [ 27.605409141153878, 47.123147218254445 ], [ 27.605410195087952, 47.123193352294145 ], [ 27.605414971920712, 47.12340247733016 ], [ 27.605418102034797, 47.12353948800142 ], [ 27.605386789929895, 47.123578199523443 ], [ 27.605316063554959, 47.123635459306286 ], [ 27.605203865882057, 47.123705871937347 ], [ 27.605079245306346, 47.123765765670761 ], [ 27.604842495364988, 47.123879549585105 ], [ 27.604577177555363, 47.123958702503629 ], [ 27.604392506172573, 47.124025028838282 ], [ 27.604301840818955, 47.124047494460207 ], [ 27.604211175388539, 47.124069960011745 ], [ 27.60378091033121, 47.124153511051333 ], [ 27.603660151171816, 47.124193575962629 ], [ 27.603585857109934, 47.124223274536732 ], [ 27.603563260837443, 47.124251294515915 ], [ 27.603551071173303, 47.124273614934395 ], [ 27.603550913146233, 47.124288340888434 ], [ 27.603573511626024, 47.12430428646676 ], [ 27.603607333536655, 47.124352140772224 ], [ 27.60360073285409, 47.12438571993534 ], [ 27.603500761468066, 47.124416706067414 ], [ 27.603422792359815, 47.124469469014365 ], [ 27.603283178629585, 47.124506166083513 ], [ 27.6032052574392, 47.124531951445505 ], [ 27.603119174227309, 47.124525522347071 ], [ 27.603035732218949, 47.124472851639602 ], [ 27.60298638744753, 47.124419689133745 ], [ 27.602923043621381, 47.124362199325603 ], [ 27.602767465097148, 47.124321869215379 ], [ 27.602714923711595, 47.124438860899332 ], [ 27.602672824803818, 47.124545223509301 ], [ 27.602671790548818, 47.124613446741613 ], [ 27.602708515280778, 47.12468663924242 ], [ 27.601942071213788, 47.125107738978258 ], [ 27.601835671568136, 47.124992588519994 ], [ 27.601710135194573, 47.124843157801138 ], [ 27.601568342309232, 47.124674376075568 ], [ 27.601375162151765, 47.124401816136114 ], [ 27.601204095076589, 47.12416045356175 ], [ 27.601087642196898, 47.124004162040109 ], [ 27.601019407967772, 47.123872004876226 ], [ 27.600954932002136, 47.123713464363568 ], [ 27.600924690357544, 47.123588196592394 ], [ 27.600815999386437, 47.123600420231973 ], [ 27.600707308363972, 47.123612643769761 ], [ 27.600537633698593, 47.123633170589194 ], [ 27.600351697164164, 47.123649195510097 ], [ 27.600129522907313, 47.123674478346722 ], [ 27.5999884229246, 47.123702406546975 ], [ 27.599894194097654, 47.123723784396233 ], [ 27.599783002473686, 47.123759234871756 ], [ 27.599515049003099, 47.123825825060813 ], [ 27.59939229484381, 47.12386047336058 ], [ 27.599414880308881, 47.123897751285028 ], [ 27.599410270284324, 47.123926545626354 ], [ 27.599418131193584, 47.123965079852006 ], [ 27.599477645301967, 47.124070151760684 ], [ 27.599686767577833, 47.124391847997373 ], [ 27.599795720269171, 47.124577733661269 ], [ 27.599891197308025, 47.124693560033151 ], [ 27.599645849302316, 47.124765541633948 ], [ 27.599400499314179, 47.12483752274845 ], [ 27.598709312424088, 47.125040300919856 ], [ 27.598612673551305, 47.125070153143128 ], [ 27.598589417163524, 47.125092834339824 ], [ 27.59860067667794, 47.125119430590928 ], [ 27.598657795906309, 47.125254352435526 ], [ 27.598786137357607, 47.125557505471406 ], [ 27.598975644917211, 47.125939864375205 ], [ 27.598993195166777, 47.125999773807948 ], [ 27.59901261171796, 47.126139058370306 ], [ 27.599020414390804, 47.126196130051689 ], [ 27.599030512418668, 47.126207371281573 ], [ 27.598895148178496, 47.126301299110203 ], [ 27.598759782149241, 47.126395226811773 ], [ 27.598611496999212, 47.126498118981097 ], [ 27.598473836156014, 47.126598282942965 ], [ 27.59832211517864, 47.126727700934893 ], [ 27.598165834463597, 47.126861008003416 ], [ 27.598180915723564, 47.126912227813989 ], [ 27.598002938150536, 47.126890993978805 ], [ 27.597811335372207, 47.126841243257708 ], [ 27.597700668938778, 47.126821668012361 ], [ 27.597468495175388, 47.126780601105708 ], [ 27.597295644070904, 47.12675902419204 ], [ 27.597239715284275, 47.126752042561151 ], [ 27.596923302930392, 47.126691658869049 ], [ 27.596569366942234, 47.126613936736469 ], [ 27.596214449740017, 47.126521889373358 ], [ 27.596113746410683, 47.126502622438963 ], [ 27.595852013446198, 47.126452547810636 ], [ 27.595782025263016, 47.126439157230699 ], [ 27.595529496843842, 47.126393607702944 ], [ 27.595484152932006, 47.126449315674137 ], [ 27.595462922163325, 47.126525042984312 ], [ 27.595425500693413, 47.126687617839067 ], [ 27.595388078964518, 47.126850191775645 ], [ 27.595353323801007, 47.127224594288784 ], [ 27.595337999776639, 47.127389672177522 ], [ 27.59532267694296, 47.127554749127462 ], [ 27.59525759731957, 47.127788642846028 ], [ 27.595202686375341, 47.127959805671871 ], [ 27.595202882242621, 47.128126682138152 ], [ 27.595157733065236, 47.128377261358111 ], [ 27.595035781967244, 47.128696800133724 ], [ 27.594939001033893, 47.128953149628764 ], [ 27.594808853747796, 47.129271486259306 ], [ 27.594825660013143, 47.129328261474392 ], [ 27.594876439433776, 47.129448895609151 ], [ 27.594911508143763, 47.129547241029321 ], [ 27.594930979717972, 47.129635776790728 ], [ 27.595170664797472, 47.129636109194742 ], [ 27.595271678475221, 47.129633282921255 ], [ 27.595330235239697, 47.129620107283074 ], [ 27.595421157531451, 47.129619658254612 ], [ 27.595477306132324, 47.129619711137295 ], [ 27.595479363678514, 47.129632848442697 ], [ 27.595479022541156, 47.129639173391944 ], [ 27.59632993063067, 47.129684181693996 ], [ 27.596215496847353, 47.130083624092393 ], [ 27.596251999494608, 47.130229042402767 ], [ 27.596429741119408, 47.130220829429682 ], [ 27.59618201712269, 47.131245096217945 ], [ 27.597526645396226, 47.131396548165114 ], [ 27.597929657998673, 47.131609143700665 ], [ 27.597957760834976, 47.132264669526606 ], [ 27.598616208549778, 47.132720533476004 ], [ 27.599171204921618, 47.133008640921581 ], [ 27.599195549663328, 47.133517183490895 ], [ 27.599974149272843, 47.134127768579106 ], [ 27.600500995799198, 47.13556753578154 ], [ 27.600987139774414, 47.136040533126959 ], [ 27.601151075276029, 47.135829913509291 ], [ 27.602620056356209, 47.136315391161112 ], [ 27.604190076930589, 47.136080015182152 ], [ 27.604703170890712, 47.1366231413541 ], [ 27.605971738056159, 47.136302003983019 ], [ 27.60551816213291, 47.135844096458897 ], [ 27.605899155744346, 47.135616338629262 ], [ 27.60587270097059, 47.135569751814749 ], [ 27.606252223691961, 47.135351488107609 ], [ 27.606358042751062, 47.135296361172486 ], [ 27.606450750610982, 47.135225830117705 ], [ 27.606500701041046, 47.135193945971189 ], [ 27.606545055074864, 47.135153280724772 ], [ 27.606948752245788, 47.134774227542209 ], [ 27.606997434029942, 47.134767002408573 ], [ 27.6070754467829, 47.134827377300738 ], [ 27.607178230957249, 47.13492271820872 ], [ 27.608368194514345, 47.135695572428595 ], [ 27.608369439295242, 47.135696542970294 ], [ 27.606682560012466, 47.136843722049363 ], [ 27.610635488085862, 47.137574041567994 ], [ 27.614804026671791, 47.138230606226649 ], [ 27.616067943399237, 47.138498094746787 ], [ 27.617256673878515, 47.138739804217636 ], [ 27.617663860483734, 47.138786729801929 ], [ 27.618498594523832, 47.138814897593825 ], [ 27.618690663758276, 47.138828253104705 ], [ 27.619800234032127, 47.139056833466064 ], [ 27.626296280157263, 47.137742302592471 ], [ 27.626303002979281, 47.137731940792243 ], [ 27.626555158785411, 47.137730117481965 ], [ 27.626564437356148, 47.137730050379176 ], [ 27.630571451671607, 47.137701001958362 ], [ 27.630615030722481, 47.137700685273053 ], [ 27.633489947607451, 47.137679757198903 ], [ 27.633627117745302, 47.138100676816372 ], [ 27.638686806136803, 47.138228785802056 ] ] ] } },
{ "type": "Feature", "properties": { "zone_id": "IAS-Z11", "zone_name": "Nicolina", "Id": 2771, "Shape_Area": 1236338.9863400001, "denumire": "NICOLINA", "acces_mult": "BUNĂ" }, "geometry": { "type": "Polygon", "coordinates": [ [ [ 27.578361008700625, 47.133649561216643 ], [ 27.577801301184923, 47.133802531855061 ], [ 27.577057114411264, 47.133981815302555 ], [ 27.576901035487865, 47.133992354520231 ], [ 27.576682674407891, 47.133982754573786 ], [ 27.57634956373365, 47.133945542852643 ], [ 27.575867790433474, 47.133890737702785 ], [ 27.575221345156319, 47.133838473056699 ], [ 27.574082232203715, 47.133868049964356 ], [ 27.573142878263596, 47.134038154532988 ], [ 27.572828937690733, 47.134208144349536 ], [ 27.57290952190208, 47.134332339227193 ], [ 27.572520123021135, 47.134538409353446 ], [ 27.57221899208724, 47.134627216649427 ], [ 27.571952651877716, 47.134722639063106 ], [ 27.571839741209857, 47.13476005764965 ], [ 27.571696578192007, 47.134795196353487 ], [ 27.57155893924449, 47.134808150765359 ], [ 27.571150141465424, 47.134920208186365 ], [ 27.571111032021985, 47.134925710444215 ], [ 27.571110724746255, 47.134925753765771 ], [ 27.571183619704165, 47.135166517981716 ], [ 27.571262524425503, 47.135427129209845 ], [ 27.572929773613765, 47.136703923818317 ], [ 27.574221207591943, 47.137751248489586 ], [ 27.575611553629653, 47.138909625572495 ], [ 27.576446464372331, 47.139743007623721 ], [ 27.577348673646814, 47.14039381382112 ], [ 27.578540470861444, 47.139215864103519 ], [ 27.579518906023175, 47.140684071655713 ], [ 27.577757518424256, 47.141789786901654 ], [ 27.574745286507351, 47.143675481747223 ], [ 27.574117387266458, 47.144423607403709 ], [ 27.573914638855978, 47.145193728982697 ], [ 27.573640078743406, 47.146046946834304 ], [ 27.573183707760737, 47.147005034964288 ], [ 27.57284310311498, 47.147452756084661 ], [ 27.570904791649617, 47.148897660833349 ], [ 27.568891736748039, 47.150375253935955 ], [ 27.569382009416149, 47.150905866940519 ], [ 27.571851058928161, 47.152150773124184 ], [ 27.573345598983128, 47.152824916345963 ], [ 27.573402777906747, 47.152810251125288 ], [ 27.57437450280586, 47.151388759911868 ], [ 27.576263627871093, 47.149784645298205 ], [ 27.577471955500485, 47.148965725596518 ], [ 27.577538707922397, 47.148920484396669 ], [ 27.581864178591101, 47.145988669624415 ], [ 27.584397461129178, 47.144109238160652 ], [ 27.585713493060844, 47.141806043811769 ], [ 27.585795263959142, 47.140336073013266 ], [ 27.584629476688093, 47.137951960246674 ], [ 27.582312528087311, 47.136117796108358 ], [ 27.578361008700625, 47.133649561216643 ] ] ] } },
{ "type": "Feature", "properties": { "zone_id": "IAS-Z12", "zone_name": "Frumoasa", "Id": 2771, "Shape_Area": 1146267.35448, "denumire": "FRUMOASA", "acces_mult": "MEDIE" }, "geometry": { "type": "Polygon", "coordinates": [ [ [ 27.594422467198022, 47.131831614818722 ], [ 27.594299819949867, 47.13163410474646 ], [ 27.594127138764271, 47.13138996903254 ], [ 27.594033189379932, 47.131088803220166 ], [ 27.593919095327053, 47.130835856025826 ], [ 27.593825046116123, 47.130608096929478 ], [ 27.593779425545637, 47.130463967265818 ], [ 27.593611742505374, 47.13016936029581 ], [ 27.593373396365582, 47.129913873501778 ], [ 27.593150406372139, 47.12961333472925 ], [ 27.592985742974275, 47.129376630524959 ], [ 27.592844689848562, 47.1291701639026 ], [ 27.592757333638705, 47.129039316760462 ], [ 27.592651469467473, 47.12886749843679 ], [ 27.592562809659086, 47.12871230214828 ], [ 27.592398938859386, 47.128431160343567 ], [ 27.592249389238912, 47.128196014839773 ], [ 27.592122451655808, 47.128063499319602 ], [ 27.591987444396423, 47.127916181341931 ], [ 27.591835591409438, 47.127776080234085 ], [ 27.591749553767666, 47.127644311856791 ], [ 27.591729929963396, 47.127494702882963 ], [ 27.591690275231635, 47.127498138885734 ], [ 27.591593956930833, 47.1275266568706 ], [ 27.59141391979168, 47.127598915322928 ], [ 27.590907485571243, 47.12779002477113 ], [ 27.590681952965095, 47.1278734438499 ], [ 27.590365945981866, 47.127992879559912 ], [ 27.590383965960314, 47.12804593859655 ], [ 27.590458350857102, 47.128195643130411 ], [ 27.590551988162531, 47.128278512593219 ], [ 27.590760993203332, 47.12866505805026 ], [ 27.590894195620105, 47.128895721410231 ], [ 27.591061615546291, 47.129220322709401 ], [ 27.591183426424525, 47.129455335655855 ], [ 27.591283732613313, 47.129707343762639 ], [ 27.591266459987779, 47.1298371993147 ], [ 27.591286584970998, 47.129899713918029 ], [ 27.59138356594449, 47.130053590652288 ], [ 27.591470644462035, 47.130329616464927 ], [ 27.591619760984528, 47.130650469787938 ], [ 27.5914716417041, 47.130688032260757 ], [ 27.591378152223871, 47.130729688027373 ], [ 27.591336329444928, 47.130769762314145 ], [ 27.591297943983378, 47.130834947641318 ], [ 27.591268475504098, 47.130921836524209 ], [ 27.591161079546602, 47.131196166365662 ], [ 27.591086541955789, 47.13134145207561 ], [ 27.591036370497346, 47.131413281800498 ], [ 27.590959530383302, 47.131491297732488 ], [ 27.590873938921831, 47.131548317218098 ], [ 27.590740472941054, 47.131610936306174 ], [ 27.590460604341278, 47.131715082416939 ], [ 27.589961022242139, 47.13190174984188 ], [ 27.58978824268652, 47.131970072240321 ], [ 27.589554000876998, 47.132054583816249 ], [ 27.589423997612755, 47.132071921948345 ], [ 27.589329505079828, 47.132063753192249 ], [ 27.58922726919085, 47.132024549423761 ], [ 27.589156767559519, 47.131968499494349 ], [ 27.588818277684698, 47.131575817092269 ], [ 27.588519961105167, 47.131233366067924 ], [ 27.588211133312612, 47.130875167511768 ], [ 27.587794172723306, 47.13040512952594 ], [ 27.587570625613871, 47.130167000707367 ], [ 27.587465359203566, 47.130097018405621 ], [ 27.5875553571727, 47.130078423757062 ], [ 27.587779522747557, 47.130032108377982 ], [ 27.588224288137926, 47.129945693451063 ], [ 27.588606808069258, 47.129851204089853 ], [ 27.588659539526002, 47.12982297207148 ], [ 27.588589519776093, 47.12970119151867 ], [ 27.588432372555392, 47.129465995533138 ], [ 27.588267902395334, 47.12920023184536 ], [ 27.588063003773041, 47.128913493176739 ], [ 27.587862820654745, 47.128596050246223 ], [ 27.587654415959832, 47.128275313846515 ], [ 27.58750530394876, 47.128049925537653 ], [ 27.587420923006391, 47.127925802105281 ], [ 27.587319089518161, 47.127756237559481 ], [ 27.587283018871812, 47.127705040021702 ], [ 27.58723109394267, 47.127656474144004 ], [ 27.587171200483326, 47.127630035129648 ], [ 27.587007073882742, 47.127663012589807 ], [ 27.586923891237273, 47.127649474664331 ], [ 27.586864670631027, 47.127530025035441 ], [ 27.586766724379885, 47.127316179036306 ], [ 27.586639687849111, 47.1270248639496 ], [ 27.586190052378534, 47.127131863774068 ], [ 27.586023527796552, 47.127153138156942 ], [ 27.58589648372374, 47.127175859640545 ], [ 27.585733337096478, 47.12721366112261 ], [ 27.585510253270535, 47.12725264133153 ], [ 27.585227258106464, 47.127300205492908 ], [ 27.584291546447581, 47.127443393308752 ], [ 27.584288865776667, 47.12744962654552 ], [ 27.584294598741494, 47.12750285323385 ], [ 27.584112776127917, 47.127514217098835 ], [ 27.583959487473006, 47.127522298801232 ], [ 27.583944950953203, 47.12744058742441 ], [ 27.5838717291542, 47.12725812364183 ], [ 27.583796666916214, 47.127070544546015 ], [ 27.583771190810371, 47.126957871094035 ], [ 27.583712220742154, 47.126757216611871 ], [ 27.583613519029825, 47.126554534669999 ], [ 27.583488616522935, 47.12629437699929 ], [ 27.583360312221643, 47.126020454811083 ], [ 27.583238375759969, 47.125775069855528 ], [ 27.583169183781131, 47.125609442572362 ], [ 27.583089465919137, 47.125421184125813 ], [ 27.582988595180193, 47.125104218146348 ], [ 27.582912291915736, 47.124842550605877 ], [ 27.582834551226998, 47.124598724097908 ], [ 27.582765632374876, 47.124402178958924 ], [ 27.582681689081568, 47.124033153217518 ], [ 27.582676266929539, 47.123966025046599 ], [ 27.58266911278287, 47.123831461256685 ], [ 27.582671901677784, 47.123659833438126 ], [ 27.582673606305175, 47.123413934282198 ], [ 27.582687511777454, 47.123171443015465 ], [ 27.582719549303903, 47.123016700493274 ], [ 27.582784016665261, 47.122795378628652 ], [ 27.582871193938868, 47.122613504604693 ], [ 27.582991848064012, 47.122439656250123 ], [ 27.58313327319394, 47.122261275922135 ], [ 27.583238146563097, 47.122134736705227 ], [ 27.583280773448006, 47.121991356923878 ], [ 27.58329807866615, 47.121827476547303 ], [ 27.58333595771369, 47.121643680434133 ], [ 27.583360104790415, 47.121491057790742 ], [ 27.583388950124789, 47.121300894322772 ], [ 27.583417639307989, 47.120936028002141 ], [ 27.583408246619918, 47.12077489514472 ], [ 27.583363470043217, 47.120465413072921 ], [ 27.583348593342723, 47.120343575381114 ], [ 27.583340702169586, 47.120063703260605 ], [ 27.583341409652427, 47.11985698065773 ], [ 27.583334056432562, 47.119625412046958 ], [ 27.583332398082803, 47.119445766272861 ], [ 27.583331363964902, 47.119232693277766 ], [ 27.583341265528432, 47.119067844369184 ], [ 27.583332579968076, 47.118905498738492 ], [ 27.583318691860153, 47.118697914477764 ], [ 27.583313864876036, 47.118486294068148 ], [ 27.583311898148349, 47.118256251753607 ], [ 27.58332601745651, 47.118166126145333 ], [ 27.583325481982751, 47.118016475830757 ], [ 27.583343288686521, 47.117867468341579 ], [ 27.583414250905921, 47.117730582009145 ], [ 27.583511679785889, 47.117582611075207 ], [ 27.583574343578196, 47.117440663735188 ], [ 27.583577251873855, 47.117342743612575 ], [ 27.58353899939771, 47.117122205498838 ], [ 27.583538464364953, 47.117051431339455 ], [ 27.583551669013552, 47.116905163356755 ], [ 27.583557721303176, 47.116869472996342 ], [ 27.583602379834009, 47.116722375768695 ], [ 27.583652789459165, 47.116613269692252 ], [ 27.583733241734745, 47.116494258882355 ], [ 27.583835315316261, 47.116220890627226 ], [ 27.583852789554669, 47.116121285902373 ], [ 27.581553089179184, 47.116388652269933 ], [ 27.581348862791025, 47.116397462130614 ], [ 27.581303909849719, 47.11648464069583 ], [ 27.581230767521117, 47.116506549284139 ], [ 27.580929422713552, 47.116488119038785 ], [ 27.58073399829313, 47.116471821996974 ], [ 27.580455279030389, 47.116401473959222 ], [ 27.580182297543704, 47.116305592980197 ], [ 27.580142654654718, 47.11628903359513 ], [ 27.580084084016537, 47.116261192721495 ], [ 27.580053624211484, 47.116289424136404 ], [ 27.579877600470898, 47.116492312909578 ], [ 27.579808357625367, 47.11661103467987 ], [ 27.579706876038774, 47.116775717548592 ], [ 27.580026672065973, 47.11778257127682 ], [ 27.580269402023625, 47.118257531766353 ], [ 27.580160891649875, 47.119271151694477 ], [ 27.57965906702076, 47.120446759536378 ], [ 27.579314309976255, 47.120932741662429 ], [ 27.578707467256251, 47.121099755284682 ], [ 27.578451069224176, 47.121636576890815 ], [ 27.578589887874596, 47.122624931064166 ], [ 27.578705805052625, 47.124146967636094 ], [ 27.578491669520844, 47.125371078203962 ], [ 27.577811835451634, 47.127539772682745 ], [ 27.577445984915308, 47.128719155560553 ], [ 27.577898856625506, 47.130364723842646 ], [ 27.578229475457629, 47.131530808633521 ], [ 27.579330441336154, 47.133165543795414 ], [ 27.579730055997821, 47.133542008758731 ], [ 27.579674463929788, 47.133532013804327 ], [ 27.579465684587454, 47.13349447688077 ], [ 27.579331558306691, 47.133494688929161 ], [ 27.579036985478844, 47.13349515409098 ], [ 27.578901000006166, 47.133513381719716 ], [ 27.578637455053183, 47.133572929137593 ], [ 27.578361008700625, 47.133649561216643 ], [ 27.582312528087311, 47.136117796108358 ], [ 27.584629476688093, 47.137951960246674 ], [ 27.585795263959142, 47.140336073013266 ], [ 27.585713493060844, 47.141806043811769 ], [ 27.584397461129178, 47.144109238160652 ], [ 27.587353479139271, 47.141876475187779 ], [ 27.589096793897422, 47.140559579040449 ], [ 27.594547603018363, 47.138693899897518 ], [ 27.600950141791426, 47.138384416528631 ], [ 27.604050773956516, 47.138794469535512 ], [ 27.606682560012466, 47.136843722049363 ], [ 27.608369439295242, 47.135696542970294 ], [ 27.608368194514345, 47.135695572428595 ], [ 27.607178230957249, 47.13492271820872 ], [ 27.6070754467829, 47.134827377300738 ], [ 27.606997434029942, 47.134767002408573 ], [ 27.606948752245788, 47.134774227542209 ], [ 27.606545055074864, 47.135153280724772 ], [ 27.606500701041046, 47.135193945971189 ], [ 27.606450750610982, 47.135225830117705 ], [ 27.606358042751062, 47.135296361172486 ], [ 27.606252223691961, 47.135351488107609 ], [ 27.60587270097059, 47.135569751814749 ], [ 27.605899155744346, 47.135616338629262 ], [ 27.60551816213291, 47.135844096458897 ], [ 27.605971738056159, 47.136302003983019 ], [ 27.604703170890712, 47.1366231413541 ], [ 27.604190076930589, 47.136080015182152 ], [ 27.602620056356209, 47.136315391161112 ], [ 27.601151075276029, 47.135829913509262 ], [ 27.600987139774414, 47.136040533126959 ], [ 27.600500995799198, 47.13556753578154 ], [ 27.599974149272843, 47.134127768579106 ], [ 27.599195549663328, 47.133517183490895 ], [ 27.599171204921618, 47.133008640921581 ], [ 27.598616208549778, 47.132720533476004 ], [ 27.597957760834976, 47.132264669526606 ], [ 27.597929657998673, 47.131609143700665 ], [ 27.597526645396226, 47.131396548165114 ], [ 27.59618201712269, 47.131245096217945 ], [ 27.596429741119408, 47.130220829429682 ], [ 27.596251999494608, 47.130229042402767 ], [ 27.596215496847353, 47.130083624092393 ], [ 27.59632993063067, 47.129684181693996 ], [ 27.595479022541156, 47.129639173391944 ], [ 27.595478681403495, 47.129645498340885 ], [ 27.5954649121005, 47.129670462855032 ], [ 27.59537196059846, 47.129838988468919 ], [ 27.595274777239542, 47.130041326279645 ], [ 27.595165096795583, 47.130309115244337 ], [ 27.595107188117705, 47.130477697659252 ], [ 27.595007213372089, 47.130826493280011 ], [ 27.59494210802541, 47.131058616978279 ], [ 27.594869618659668, 47.131284742102437 ], [ 27.594776585918225, 47.131566978068825 ], [ 27.594736494650704, 47.131697913399648 ], [ 27.594649093111929, 47.131771471487539 ], [ 27.594555175152756, 47.131818178863711 ], [ 27.594515922678777, 47.131833305433965 ], [ 27.594422467198022, 47.131831614818722 ] ], [ [ 27.580434646040942, 47.133915560903596 ], [ 27.580853591505537, 47.134267138069738 ], [ 27.580434646040938, 47.133915560903624 ], [ 27.580249266424367, 47.133767880949968 ], [ 27.580434646040942, 47.133915560903596 ] ], [ [ 27.587162061169483, 47.135421369451777 ], [ 27.587839843796655, 47.134766578163294 ], [ 27.587162061169479, 47.135421369451805 ], [ 27.586814752531854, 47.135362712160671 ], [ 27.587162061169483, 47.135421369451777 ] ], [ [ 27.589785097400892, 47.133817739347442 ], [ 27.590742015096797, 47.133417988148793 ], [ 27.589785097400888, 47.133817739347464 ], [ 27.587839843796655, 47.134766578163294 ], [ 27.589785097400892, 47.133817739347442 ] ] ] } },
{ "type": "Feature", "properties": { "zone_id": "IAS-Z13", "zone_name": "Alexandru cel Bun", "Id": 2771, "Shape_Area": 1160846.95578, "denumire": "ALEXANDRU CEL BUN", "acces_mult": "MEDIE" }, "geometry": { "type": "Polygon", "coordinates": [ [ [ 27.568003928965137, 47.166723497079531 ], [ 27.567644540621146, 47.166496653725126 ], [ 27.568283737302611, 47.166138699243653 ], [ 27.568373152119179, 47.166086846984577 ], [ 27.570300291911526, 47.165023344236239 ], [ 27.570622903082167, 47.16483576779904 ], [ 27.571925040612104, 47.163771702477639 ], [ 27.572451709862126, 47.162742879949704 ], [ 27.572708094576512, 47.16218981433294 ], [ 27.572815380716946, 47.161299718161708 ], [ 27.57276866045013, 47.160077343400438 ], [ 27.572858512170448, 47.158019369740579 ], [ 27.572870146262684, 47.157752892422735 ], [ 27.571041631844867, 47.157740728427783 ], [ 27.5674641039666, 47.157608442619043 ], [ 27.565224344572083, 47.158248573014653 ], [ 27.562243872558195, 47.159451477349272 ], [ 27.558200751177505, 47.161141981481407 ], [ 27.555682184405153, 47.162284633222242 ], [ 27.556152334537064, 47.16238786017869 ], [ 27.556479711067208, 47.162514201122796 ], [ 27.556569248777361, 47.16286719674892 ], [ 27.556699621205862, 47.163484956017413 ], [ 27.556719214471087, 47.163532474584251 ], [ 27.55676203639289, 47.163696147234234 ], [ 27.556763810391775, 47.163770444032103 ], [ 27.556797658673155, 47.163919504643445 ], [ 27.556817086172842, 47.164023946377078 ], [ 27.556836958072857, 47.164122055917552 ], [ 27.556841568566114, 47.164143434192425 ], [ 27.556867632197353, 47.164264287613754 ], [ 27.556871508542198, 47.164282261634725 ], [ 27.556875829567968, 47.164300483579517 ], [ 27.556903331837102, 47.164435071460908 ], [ 27.556956049666304, 47.16468048976369 ], [ 27.55697608487856, 47.16475277113878 ], [ 27.557148100331261, 47.165581225828568 ], [ 27.55718452381311, 47.165735111478114 ], [ 27.557308566535177, 47.166337446388766 ], [ 27.557321727384817, 47.166367736336881 ], [ 27.557334388603476, 47.166389772454735 ], [ 27.557355414258129, 47.166414993572651 ], [ 27.5573868150443, 47.166436550472518 ], [ 27.557405654119329, 47.166446593153481 ], [ 27.557426521641528, 47.166453949812883 ], [ 27.557450307336733, 47.166460115061568 ], [ 27.557485091129056, 47.166465622742386 ], [ 27.557552144507596, 47.166753488812091 ], [ 27.55751051144701, 47.166809005714107 ], [ 27.557479375346166, 47.16688126911135 ], [ 27.557477262571137, 47.166910632595453 ], [ 27.557513856236575, 47.166942162800936 ], [ 27.557599255182172, 47.166933552594912 ], [ 27.557758809138093, 47.167689451984998 ], [ 27.557805573660019, 47.167908652140952 ], [ 27.557831185896145, 47.168014740056023 ], [ 27.557858588277984, 47.168153606531739 ], [ 27.557864718331519, 47.168184119790411 ], [ 27.55787513006938, 47.168205287105835 ], [ 27.557894343873766, 47.168225600526434 ], [ 27.558084908099726, 47.168466861001768 ], [ 27.558023825625909, 47.168538336502984 ], [ 27.558005067859646, 47.168560285810749 ], [ 27.557979666596609, 47.16861721563437 ], [ 27.557972105602314, 47.168650723424001 ], [ 27.557977006105308, 47.168699431863246 ], [ 27.558009206502781, 47.168760899017968 ], [ 27.558028589498125, 47.168783918077196 ], [ 27.558709466063473, 47.169345543590701 ], [ 27.558740312839092, 47.169348622814269 ], [ 27.558761342877283, 47.169338373643249 ], [ 27.558807424732233, 47.169377296469989 ], [ 27.558785917060703, 47.169393028772923 ], [ 27.558785802167318, 47.169409343406485 ], [ 27.559288470671191, 47.169829794089033 ], [ 27.559541102579132, 47.17003968999925 ], [ 27.559746775840605, 47.170217168728421 ], [ 27.559758742361417, 47.170219597566167 ], [ 27.559772161984565, 47.170220242020612 ], [ 27.559966811258818, 47.170407486978526 ], [ 27.559967375619017, 47.170407207749392 ], [ 27.560007270648573, 47.170442277611507 ], [ 27.560063947342421, 47.170486725810512 ], [ 27.560071610379712, 47.17049273547245 ], [ 27.560099404519182, 47.170514532737471 ], [ 27.560087826015337, 47.170523897583365 ], [ 27.560082741953721, 47.170528009637778 ], [ 27.560197850657179, 47.170629735647289 ], [ 27.562756960570638, 47.169380638498502 ], [ 27.563833192974307, 47.169028459264986 ], [ 27.566492448237362, 47.167558858776296 ], [ 27.568003928965137, 47.166723497079531 ] ] ] } },
{ "type": "Feature", "properties": { "zone_id": "IAS-Z14", "zone_name": "Cantemir – Socola", "Id": 2771, "Shape_Area": 1420458.2652100001, "denumire": "CANTEMIR-SOCOLA", "acces_mult": "BUNĂ" }, "geometry": { "type": "Polygon", "coordinates": [ [ [ 27.600539708815159, 47.153771853027138 ], [ 27.5919629046926, 47.147375875220305 ], [ 27.595393449195928, 47.144601069350998 ], [ 27.593753613178876, 47.143723765396054 ], [ 27.593434264575539, 47.144041498666809 ], [ 27.592862819091451, 47.1446764420702 ], [ 27.592437145277433, 47.144847544973601 ], [ 27.587978069772625, 47.14533969274251 ], [ 27.587353479139271, 47.141876475187779 ], [ 27.584397461129178, 47.144109238160652 ], [ 27.583426247711298, 47.144829799230287 ], [ 27.581864178591101, 47.145988669624415 ], [ 27.577538707922397, 47.148920484396669 ], [ 27.577471955500492, 47.148965725596618 ], [ 27.576263627871093, 47.149784645298205 ], [ 27.57437450280586, 47.151388759911868 ], [ 27.573402777906747, 47.152810251125288 ], [ 27.573345598983128, 47.152824916345963 ], [ 27.57351924683589, 47.152903241427666 ], [ 27.573049476896962, 47.153893644220275 ], [ 27.57286830785198, 47.154963720356768 ], [ 27.572917255094474, 47.156673850336759 ], [ 27.572870146262684, 47.157752892422735 ], [ 27.57323775918837, 47.157755334435606 ], [ 27.575750297305106, 47.156984171306107 ], [ 27.577978137169442, 47.156151968425561 ], [ 27.580586972407737, 47.154859050708758 ], [ 27.587908494891298, 47.151611991305856 ], [ 27.589198090138652, 47.151260167894335 ], [ 27.592141344789653, 47.151911245267023 ], [ 27.597918686144112, 47.153193188613166 ], [ 27.600539708815159, 47.153771853027138 ] ] ] } },
{ "type": "Feature", "properties": { "zone_id": "IAS-Z15", "zone_name": "Centru", "Id": 2771, "Shape_Area": 2522915.74181, "denumire": "CENTRU", "acces_mult": "BUNĂ" }, "geometry": { "type": "Polygon", "coordinates": [ [ [ 27.57620152702177, 47.170109680684419 ], [ 27.576311066909028, 47.170101577298432 ], [ 27.576487196814764, 47.170098341704701 ], [ 27.57664115575178, 47.170095395091415 ], [ 27.57675815973284, 47.170092417495596 ], [ 27.576793782755932, 47.17008928237788 ], [ 27.576831535190838, 47.170083638885977 ], [ 27.576857917939513, 47.170077211979212 ], [ 27.577003425677582, 47.170027428433862 ], [ 27.577154924445651, 47.169976241046847 ], [ 27.577412367534343, 47.169892002094713 ], [ 27.577414936687532, 47.169891161427842 ], [ 27.577476658600958, 47.169870965035258 ], [ 27.57764013619677, 47.169821687984758 ], [ 27.577682942927609, 47.169810150170186 ], [ 27.577725749640031, 47.169798612339569 ], [ 27.577846580939774, 47.169764565089316 ], [ 27.577954963743849, 47.169734981903289 ], [ 27.578043880143777, 47.169710257854014 ], [ 27.578160177611537, 47.16967882540613 ], [ 27.578229662326354, 47.169659977414263 ], [ 27.57828816986326, 47.16964446368133 ], [ 27.578311518563961, 47.169639690278956 ], [ 27.578324564946232, 47.169637856353162 ], [ 27.578502173122381, 47.169590395467416 ], [ 27.578506727006793, 47.169587000280117 ], [ 27.578512787022216, 47.169583778008437 ], [ 27.578607493285826, 47.16955832825645 ], [ 27.578715221983916, 47.169530925765855 ], [ 27.578887162599724, 47.16948749434723 ], [ 27.579005734475714, 47.169457761961731 ], [ 27.57913897411272, 47.169428000188013 ], [ 27.57922156496835, 47.169412869092376 ], [ 27.579248291190595, 47.169407972688106 ], [ 27.579405806566779, 47.169383788373075 ], [ 27.57955167522098, 47.16936531608723 ], [ 27.579700230493732, 47.169347505190778 ], [ 27.579727599202929, 47.169344020046758 ], [ 27.579727620815312, 47.169343999312368 ], [ 27.579778521244112, 47.169338595589167 ], [ 27.579779014024552, 47.169338983341383 ], [ 27.579859964320779, 47.169330858333275 ], [ 27.579935543357145, 47.169323999812981 ], [ 27.579959637757028, 47.169321813323819 ], [ 27.580078326539326, 47.169311028570483 ], [ 27.580374363481791, 47.1692329796116 ], [ 27.581591313080963, 47.168828245071843 ], [ 27.58091484791268, 47.167849452774725 ], [ 27.590269058586657, 47.165485102924954 ], [ 27.593204231924449, 47.166269398594622 ], [ 27.594388291197944, 47.166958943626724 ], [ 27.594391847530627, 47.166882252007063 ], [ 27.596682934827772, 47.163708803489619 ], [ 27.597969757082161, 47.161926207673417 ], [ 27.600843633520597, 47.158992309026814 ], [ 27.600757555230235, 47.15896208562026 ], [ 27.601009810799166, 47.158713238860827 ], [ 27.599772048478872, 47.158352657335712 ], [ 27.598520299906397, 47.15805463953879 ], [ 27.597144135101523, 47.157871793485988 ], [ 27.59693893614649, 47.15783064942525 ], [ 27.596098886685013, 47.157781083247968 ], [ 27.595091094569224, 47.157752382484574 ], [ 27.594613947924746, 47.157763345785149 ], [ 27.593932796712568, 47.157838472261538 ], [ 27.593851275916247, 47.157837625230385 ], [ 27.593591624471102, 47.1578629124513 ], [ 27.593285033988494, 47.157935829408657 ], [ 27.593036363510816, 47.158017119779345 ], [ 27.59223132050052, 47.158233191594299 ], [ 27.592121895159977, 47.158258054170716 ], [ 27.592072986413296, 47.158226037626889 ], [ 27.587975783676047, 47.151926818646508 ], [ 27.588053043126045, 47.151772513666828 ], [ 27.587908494891298, 47.151611991305856 ], [ 27.580586972407737, 47.154859050708758 ], [ 27.577978137169442, 47.156151968425561 ], [ 27.575750297305106, 47.156984171306107 ], [ 27.57323775918837, 47.157755334435606 ], [ 27.572870146262684, 47.157752892422735 ], [ 27.572858512170448, 47.158019369740579 ], [ 27.572807576386992, 47.159186023283162 ], [ 27.57276866045013, 47.160077343400438 ], [ 27.572815380716946, 47.161299718161708 ], [ 27.572708094576512, 47.16218981433294 ], [ 27.572451709862126, 47.162742879949704 ], [ 27.571925040612104, 47.163771702477639 ], [ 27.570622903082167, 47.16483576779904 ], [ 27.570300291911526, 47.165023344236239 ], [ 27.568373152119179, 47.166086846984577 ], [ 27.568283737302611, 47.166138699243653 ], [ 27.567644540621146, 47.166496653725126 ], [ 27.568003928965137, 47.166723497079531 ], [ 27.568589758467407, 47.16639170987736 ], [ 27.568999522893453, 47.166159633747434 ], [ 27.569053107900874, 47.166128168359599 ], [ 27.569879933973244, 47.166775105152993 ], [ 27.570759045064769, 47.166311628619496 ], [ 27.570838760578486, 47.166277511904568 ], [ 27.570903796204732, 47.16626072166784 ], [ 27.570978562088413, 47.16624767101473 ], [ 27.571026922831191, 47.16624603772236 ], [ 27.571052018700968, 47.166246778321465 ], [ 27.571079273567374, 47.166248743497015 ], [ 27.571115823146307, 47.166256425453533 ], [ 27.571374369832029, 47.166337234955982 ], [ 27.571947567761697, 47.166555884308778 ], [ 27.572289043602879, 47.166685213795013 ], [ 27.572310284025171, 47.16669503706165 ], [ 27.57252329081695, 47.166777179601745 ], [ 27.574262560063762, 47.167293048281174 ], [ 27.575953384223951, 47.168215928789593 ], [ 27.576018186895151, 47.168409094196839 ], [ 27.576085534298947, 47.169540667156618 ], [ 27.576070487244351, 47.169596711374496 ], [ 27.575831263368212, 47.169966006128938 ], [ 27.57620152702177, 47.170109680684419 ] ] ] } },
{ "type": "Feature", "properties": { "zone_id": "IAS-Z16", "zone_name": "Studențesc", "Id": 2771, "Shape_Area": 860358.98172200006, "denumire": "STUDENTESC", "acces_mult": "BUNĂ" }, "geometry": { "type": "Polygon", "coordinates": [ [ [ 27.610783586343423, 47.1531450673018 ], [ 27.610661888241566, 47.152820362733145 ], [ 27.603841162741414, 47.153968116199664 ], [ 27.602599925763005, 47.154153236444145 ], [ 27.601734923399366, 47.154035706234176 ], [ 27.600539708815159, 47.153771853027138 ], [ 27.597918686144112, 47.153193188613166 ], [ 27.592141344789653, 47.151911245267023 ], [ 27.589198090138652, 47.151260167894335 ], [ 27.587908494891298, 47.151611991305856 ], [ 27.588053043126045, 47.151772513666828 ], [ 27.587975783676047, 47.151926818646508 ], [ 27.592072986413296, 47.158226037626889 ], [ 27.592121895159977, 47.158258054170716 ], [ 27.59223132050052, 47.158233191594299 ], [ 27.593036363510816, 47.158017119779345 ], [ 27.593285033988494, 47.157935829408657 ], [ 27.593591624471102, 47.1578629124513 ], [ 27.593851275916247, 47.157837625230385 ], [ 27.593932796712568, 47.157838472261538 ], [ 27.594613947924746, 47.157763345785149 ], [ 27.595091094569224, 47.157752382484574 ], [ 27.596098886685013, 47.157781083247968 ], [ 27.59693893614649, 47.15783064942525 ], [ 27.597144135101523, 47.157871793485988 ], [ 27.598520299906397, 47.15805463953879 ], [ 27.599772048478872, 47.158352657335712 ], [ 27.601009810799166, 47.158713238860827 ], [ 27.601122328197238, 47.158602241030749 ], [ 27.601550798390367, 47.158163680455338 ], [ 27.601807950711535, 47.158272461562753 ], [ 27.601856302167139, 47.158308392019656 ], [ 27.60203372803446, 47.158373472375089 ], [ 27.602073101391571, 47.158361473576143 ], [ 27.602177007864956, 47.158267001189962 ], [ 27.602238886722677, 47.158294749894111 ], [ 27.602470357976223, 47.158362368039718 ], [ 27.602618698779377, 47.158387860368521 ], [ 27.602653425186695, 47.158383177164872 ], [ 27.603459234427923, 47.158272798222512 ], [ 27.603681728204094, 47.158252644119251 ], [ 27.604141782367645, 47.158230397683759 ], [ 27.604415360137473, 47.158235133598858 ], [ 27.604589251116053, 47.158256488226783 ], [ 27.604735137113046, 47.158263310914194 ], [ 27.604841672924071, 47.158285355676433 ], [ 27.604993301429342, 47.158283839008753 ], [ 27.605117503822246, 47.15826765903558 ], [ 27.605199395308404, 47.158240618321244 ], [ 27.605628440655366, 47.158113805305774 ], [ 27.605824554847366, 47.158052735354111 ], [ 27.606052301115898, 47.157976932774531 ], [ 27.606426206067656, 47.157856274540379 ], [ 27.60691311276161, 47.157685958668765 ], [ 27.607179197822528, 47.157579495109694 ], [ 27.60736362372884, 47.157496351389099 ], [ 27.607378336239332, 47.157496340633315 ], [ 27.607979430748273, 47.157080839327392 ], [ 27.608027179111335, 47.157053632187733 ], [ 27.608213039721218, 47.156967957599228 ], [ 27.608299690636972, 47.156931347646363 ], [ 27.608464948093733, 47.156865941929091 ], [ 27.608645804290767, 47.156809148834547 ], [ 27.608911925580774, 47.156723395835492 ], [ 27.609130094240086, 47.156639942251907 ], [ 27.609697691692809, 47.156467771534544 ], [ 27.609862158084113, 47.156427078506802 ], [ 27.610375656976785, 47.156296269931381 ], [ 27.610488825116999, 47.156272883292431 ], [ 27.611879166987837, 47.156117974955848 ], [ 27.610783586343423, 47.1531450673018 ] ] ] } },
{ "type": "Feature", "properties": { "zone_id": "IAS-Z17", "zone_name": "Tătărași", "Id": 2771, "Shape_Area": 1910970.3402799999, "denumire": "TATARASI", "acces_mult": "MEDIE" }, "geometry": { "type": "Polygon", "coordinates": [ [ [ 27.615581937109869, 47.165192388731867 ], [ 27.617834365655462, 47.163633213509975 ], [ 27.6178421946924, 47.163624836021775 ], [ 27.617753618019542, 47.163545765097759 ], [ 27.617926940240647, 47.163477191492717 ], [ 27.618289846853024, 47.163216796617441 ], [ 27.61912148391222, 47.162255886176808 ], [ 27.619959802989527, 47.16128599301301 ], [ 27.620570950501172, 47.160577245161107 ], [ 27.621244738219517, 47.159985966926556 ], [ 27.621803257153104, 47.159510793645943 ], [ 27.62209999130625, 47.159139718995611 ], [ 27.622387722478603, 47.158805781475401 ], [ 27.622564066938512, 47.158463722235659 ], [ 27.623005004633814, 47.157940760057009 ], [ 27.625172296543081, 47.155731263388354 ], [ 27.626401759703647, 47.155513407982006 ], [ 27.627753732703283, 47.154596672006598 ], [ 27.627998661526124, 47.154343710694612 ], [ 27.627899418416167, 47.154020302743724 ], [ 27.627848026698377, 47.153776365751845 ], [ 27.627825675683329, 47.153673703009481 ], [ 27.627882643682899, 47.153361138708796 ], [ 27.627440019019858, 47.152808079307619 ], [ 27.627374757675373, 47.152512732978551 ], [ 27.627913626227041, 47.152240492095729 ], [ 27.628263489408539, 47.150352100585032 ], [ 27.628257352854742, 47.15033004661624 ], [ 27.628317970974763, 47.150322196780884 ], [ 27.62831657530263, 47.150317180935751 ], [ 27.628086457854511, 47.1499281918612 ], [ 27.622580234025168, 47.150838315920822 ], [ 27.611706187050086, 47.152644594233081 ], [ 27.610661888241566, 47.152820362733145 ], [ 27.610783586343423, 47.1531450673018 ], [ 27.611879166987837, 47.156117974955848 ], [ 27.610488825116999, 47.156272883292431 ], [ 27.610375656976785, 47.156296269931381 ], [ 27.609862158084113, 47.156427078506802 ], [ 27.609697691692809, 47.156467771534544 ], [ 27.609130094240086, 47.156639942251907 ], [ 27.608911925580774, 47.156723395835492 ], [ 27.608645804290767, 47.156809148834547 ], [ 27.608464948093733, 47.156865941929091 ], [ 27.608299690636972, 47.156931347646363 ], [ 27.608213039721218, 47.156967957599228 ], [ 27.608027179111335, 47.157053632187733 ], [ 27.607979430748273, 47.157080839327392 ], [ 27.607378336239332, 47.157496340633315 ], [ 27.60736362372884, 47.157496351389099 ], [ 27.607179197822528, 47.157579495109694 ], [ 27.60691311276161, 47.157685958668765 ], [ 27.606426206067656, 47.157856274540379 ], [ 27.606052301115898, 47.157976932774531 ], [ 27.605824554847366, 47.158052735354111 ], [ 27.605628440655366, 47.158113805305774 ], [ 27.605199395308404, 47.158240618321244 ], [ 27.605117503822246, 47.15826765903558 ], [ 27.604993301429342, 47.158283839008753 ], [ 27.604841672924071, 47.158285355676433 ], [ 27.604735137113046, 47.158263310914194 ], [ 27.604589251116053, 47.158256488226783 ], [ 27.604415360137473, 47.158235133598858 ], [ 27.604141782367645, 47.158230397683759 ], [ 27.603681728204094, 47.158252644119251 ], [ 27.603459234427923, 47.158272798222512 ], [ 27.602653425186695, 47.158383177164872 ], [ 27.602618698779377, 47.158387860368521 ], [ 27.602470357976223, 47.158362368039718 ], [ 27.602238886722677, 47.158294749894111 ], [ 27.602177007864956, 47.158267001189962 ], [ 27.602073101391571, 47.158361473576143 ], [ 27.60203372803446, 47.158373472375089 ], [ 27.601856302167139, 47.158308392019656 ], [ 27.601807950711535, 47.158272461562753 ], [ 27.601550798390367, 47.158163680455338 ], [ 27.601122328197238, 47.158602241030749 ], [ 27.601009810799166, 47.158713238860827 ], [ 27.600757555230235, 47.15896208562026 ], [ 27.600843633520597, 47.158992309026814 ], [ 27.597969757082161, 47.161926207673417 ], [ 27.598332382361001, 47.162057028435953 ], [ 27.598780065931482, 47.162198915924478 ], [ 27.599031826227094, 47.162292041643028 ], [ 27.599099201274949, 47.162299603997013 ], [ 27.599303880409483, 47.162323961478094 ], [ 27.600137269981751, 47.162369389341251 ], [ 27.600371578016286, 47.162378011731491 ], [ 27.601251420169902, 47.162363523364249 ], [ 27.601501015598767, 47.16240306914014 ], [ 27.602252512219199, 47.162478232800304 ], [ 27.602422671345511, 47.162498815903639 ], [ 27.603359204401649, 47.162606215951008 ], [ 27.60386377450136, 47.162626910383388 ], [ 27.604637128233723, 47.162599557422908 ], [ 27.605204644193815, 47.162627445656909 ], [ 27.605251554745671, 47.162661454357838 ], [ 27.605266295702371, 47.16270466648443 ], [ 27.605076087864116, 47.164748866914373 ], [ 27.605292097570274, 47.164720725420423 ], [ 27.605621573777881, 47.164650650312652 ], [ 27.606207509491451, 47.164529573399541 ], [ 27.606374227545189, 47.164496031812483 ], [ 27.606651300794454, 47.164455074996276 ], [ 27.607029206886256, 47.164419953557584 ], [ 27.607363493761849, 47.164399200604059 ], [ 27.607734391627741, 47.164362134745801 ], [ 27.607818054276034, 47.164379646464724 ], [ 27.60825164595774, 47.164339716866287 ], [ 27.608410752494898, 47.164358884812174 ], [ 27.608748340895453, 47.164322931768083 ], [ 27.608747210989304, 47.1642448341048 ], [ 27.609375830010652, 47.164207895752419 ], [ 27.609930883146966, 47.164196004691462 ], [ 27.610203456724744, 47.164190544118917 ], [ 27.61085332764393, 47.164219060732435 ], [ 27.611216808898554, 47.164235186380189 ], [ 27.612053759911838, 47.164272243579184 ], [ 27.612177242880485, 47.164281014716117 ], [ 27.612301696620815, 47.164308460683827 ], [ 27.612722171882801, 47.164426525684448 ], [ 27.613077297482945, 47.164525094695399 ], [ 27.613389405521509, 47.164614054119411 ], [ 27.613509395937459, 47.164684373362668 ], [ 27.614117121045393, 47.164982427772735 ], [ 27.614264679952836, 47.164901685603624 ], [ 27.614699245824362, 47.165074070994066 ], [ 27.614781526256348, 47.165071223684315 ], [ 27.615581937109869, 47.165192388731867 ] ] ] } }
]
}
