{
"type": "FeatureCollection",
"name": "zmi_uat_web",
"crs": { "type": "name", "properties": { "name": "urn:ogc:def:crs:OGC:1.3:CRS84" } },
"features": [
{ "type": "Feature", "properties": { "siruta_uat": "95060", "canonical_name": "Iași", "name": "IAŞI", "natLevName": "Municipiu resedinta de judet", "resOfAut": "IAŞI", "zmi_member": true, "zmi_role": "municipiu_pol", "Shape_Leng": 85706.047416200003, "Shape_Area": 91510397.084700003 }, "geometry": { "type": "Polygon", "coordinates": [ [ [ 27.568519522945884, 47.209902879819829 ], [ 27.568355707229422, 47.208215743238391 ], [ 27.57336301591203, 47.202184100648424 ], [ 27.579959512334923, 47.202506680591867 ], [ 27.582925265574705, 47.205439361080991 ], [ 27.584466081452749, 47.204038002360889 ], [ 27.587821831017045, 47.199393107311664 ], [ 27.591016003201492, 47.200280918859448 ], [ 27.595029687704091, 47.193781953968063 ], [ 27.596035922424758, 47.193164213224996 ], [ 27.59785955432648, 47.193834867517317 ], [ 27.610059096892531, 47.195455981827479 ], [ 27.62701311402083, 47.171644647766414 ], [ 27.628865001706028, 47.172253943516843 ], [ 27.629828253167659, 47.170989344417933 ], [ 27.633144472443387, 47.172733865617474 ], [ 27.634255666509876, 47.171544320165474 ], [ 27.634085331199476, 47.170904486924371 ], [ 27.636372223831614, 47.169440512967498 ], [ 27.642876911394325, 47.166856441712113 ], [ 27.644010902511528, 47.166871295224205 ], [ 27.644359942382735, 47.170040598629491 ], [ 27.645339711158623, 47.170481986075735 ], [ 27.649134213007375, 47.174768899219153 ], [ 27.648087489852017, 47.180441843521294 ], [ 27.652260079914978, 47.180656903560021 ], [ 27.652687533155522, 47.17887218234516 ], [ 27.652411224559735, 47.174533798650288 ], [ 27.655438082990774, 47.170535098834399 ], [ 27.655563392899218, 47.16813853583816 ], [ 27.654458955338214, 47.166645528613131 ], [ 27.653400717945864, 47.166022439255251 ], [ 27.653230179913891, 47.165166851643946 ], [ 27.652341875555031, 47.164286566951375 ], [ 27.650160973073973, 47.163446743810368 ], [ 27.649116275541576, 47.161826900426291 ], [ 27.645909103939296, 47.160800801555133 ], [ 27.6460764156595, 47.160581946487 ], [ 27.648948454707654, 47.16023714041097 ], [ 27.64973495051969, 47.159322441560654 ], [ 27.649949026999028, 47.15830062648925 ], [ 27.651144338980185, 47.15752147852988 ], [ 27.651917584845343, 47.157454927639954 ], [ 27.653286978730254, 47.155904611402441 ], [ 27.654293417500181, 47.155315467024543 ], [ 27.6557108781187, 47.15236526864922 ], [ 27.655635816847013, 47.151235392920889 ], [ 27.661720880722246, 47.150739853955393 ], [ 27.661791228039565, 47.151705111925651 ], [ 27.665654430330193, 47.151342960570162 ], [ 27.665588145815327, 47.150873435595656 ], [ 27.667492760327626, 47.150345883769369 ], [ 27.668440190704111, 47.151090443279884 ], [ 27.673530327365636, 47.150629934620483 ], [ 27.682630265844757, 47.148239413846575 ], [ 27.68677456521695, 47.148323652758748 ], [ 27.691446507564486, 47.14156586585829 ], [ 27.691952569745304, 47.140633129478914 ], [ 27.689362728499486, 47.13957706094056 ], [ 27.685765693003713, 47.140507773815145 ], [ 27.682288638145888, 47.140509546093952 ], [ 27.681268176902915, 47.139856232277026 ], [ 27.680556210919129, 47.140058833431738 ], [ 27.678060944315092, 47.138879334972835 ], [ 27.677377080770192, 47.139124113903286 ], [ 27.673402082839377, 47.137339978324484 ], [ 27.674738179815709, 47.13634266847729 ], [ 27.674601326264007, 47.135583027691702 ], [ 27.672699786568323, 47.136072720616703 ], [ 27.660718745633147, 47.140855396224104 ], [ 27.647026157316652, 47.140345544243161 ], [ 27.647137969463056, 47.139352599729435 ], [ 27.645114172826776, 47.139292104377382 ], [ 27.645225208334011, 47.137432296054627 ], [ 27.641942523454407, 47.137635040680337 ], [ 27.641810982659305, 47.137908179344478 ], [ 27.640473791852376, 47.138249702042899 ], [ 27.638686806136704, 47.13822878580195 ], [ 27.638305218338662, 47.13675852800111 ], [ 27.639966657892611, 47.136006404095504 ], [ 27.641705078059321, 47.135754489011546 ], [ 27.643099670778899, 47.134905043731862 ], [ 27.645370318467169, 47.1321840939165 ], [ 27.646529441127598, 47.129269913422661 ], [ 27.648524134140416, 47.127083633540714 ], [ 27.649018861059059, 47.125211602773376 ], [ 27.64979871323299, 47.124194363170588 ], [ 27.64925408407953, 47.123997386723161 ], [ 27.649210152154325, 47.123619333127216 ], [ 27.651011775592156, 47.122959245731074 ], [ 27.650046759852003, 47.121791498812485 ], [ 27.652694164393456, 47.121650286596036 ], [ 27.654145789304238, 47.120550323389502 ], [ 27.65586368834407, 47.12018124185952 ], [ 27.657763737906208, 47.119345299055261 ], [ 27.659556019820219, 47.118037729001003 ], [ 27.660234090290281, 47.11689000776596 ], [ 27.660146154095145, 47.115992424834126 ], [ 27.658787367060544, 47.113722122713149 ], [ 27.65638566253347, 47.113170861111087 ], [ 27.65575457802089, 47.1126692289033 ], [ 27.655580255680047, 47.111724666022049 ], [ 27.653535376422777, 47.110814407901081 ], [ 27.656787680849252, 47.109827084523751 ], [ 27.657778669564546, 47.109908119843517 ], [ 27.659847118738163, 47.109218990299887 ], [ 27.66090271223813, 47.10930192398844 ], [ 27.662813791818959, 47.108887819582677 ], [ 27.665394100567035, 47.107722726308559 ], [ 27.664643311439601, 47.103141744624331 ], [ 27.661289436063679, 47.101038279548071 ], [ 27.660337955899564, 47.100882162512541 ], [ 27.659978672377008, 47.101574667140255 ], [ 27.659252995278312, 47.101520657619552 ], [ 27.659303840264741, 47.100379118907675 ], [ 27.65824654629083, 47.100497974785817 ], [ 27.657404797438922, 47.09912081762748 ], [ 27.658856165253479, 47.098432823758024 ], [ 27.657475316176424, 47.097116808561516 ], [ 27.657847656930599, 47.09535178881405 ], [ 27.659146222692069, 47.094584602500483 ], [ 27.659155884067388, 47.093587305646878 ], [ 27.658500670674318, 47.093568754661 ], [ 27.657999187139069, 47.092845221149332 ], [ 27.658129466725295, 47.091970599799005 ], [ 27.657031359418305, 47.091599907489254 ], [ 27.656472360916641, 47.091995274468218 ], [ 27.655566875392381, 47.091395233763983 ], [ 27.654235245315469, 47.092586960665763 ], [ 27.652394745314435, 47.092120022381387 ], [ 27.652420096900237, 47.09181899606601 ], [ 27.651253781472644, 47.091301390433991 ], [ 27.652346434668484, 47.090751573922404 ], [ 27.652466571215633, 47.090371541203361 ], [ 27.649800316465694, 47.089029972055407 ], [ 27.650548606854805, 47.088790241770361 ], [ 27.65050509370284, 47.088403498773403 ], [ 27.649213540513134, 47.085395072061601 ], [ 27.644686071579986, 47.08478779721078 ], [ 27.64450964915509, 47.085980592613843 ], [ 27.643640515021279, 47.086519038442667 ], [ 27.644347835329651, 47.087620721315737 ], [ 27.642578340949445, 47.088223408826515 ], [ 27.642838812806719, 47.089319730301803 ], [ 27.64174349647859, 47.089741153457339 ], [ 27.642319740075994, 47.090088037737019 ], [ 27.641625776929192, 47.090045727201193 ], [ 27.640754250145104, 47.090489657661841 ], [ 27.6397781277193, 47.090023173297411 ], [ 27.638359039756971, 47.089866715596393 ], [ 27.638140059152331, 47.090115870160105 ], [ 27.638977826447647, 47.090455311474201 ], [ 27.638651945834404, 47.091119792714913 ], [ 27.63643985581502, 47.091039109053739 ], [ 27.636116058794357, 47.091493572379086 ], [ 27.636578761597466, 47.091928407782007 ], [ 27.634819991260141, 47.094310849360554 ], [ 27.635424928576427, 47.094806781994066 ], [ 27.635384614409489, 47.095557612474522 ], [ 27.634416720125746, 47.096611579950519 ], [ 27.631897223895148, 47.097158647368524 ], [ 27.631420580819356, 47.099532767176221 ], [ 27.630546281625843, 47.10057875553823 ], [ 27.630230205736957, 47.101700539656264 ], [ 27.6275591579594, 47.103043584560226 ], [ 27.624972929346029, 47.102610240491835 ], [ 27.624315558813208, 47.102891989091432 ], [ 27.623322319094033, 47.105886291049053 ], [ 27.622119334752014, 47.105348921116786 ], [ 27.622196118840581, 47.106082080224361 ], [ 27.620242823823492, 47.105798043319837 ], [ 27.619365567250426, 47.106090265492121 ], [ 27.618147977803595, 47.105660966244024 ], [ 27.617922387313179, 47.105191248276263 ], [ 27.614497009727593, 47.104740417471248 ], [ 27.61372708258304, 47.107955575841331 ], [ 27.614617654986187, 47.109137515787708 ], [ 27.613129178547759, 47.111099513108009 ], [ 27.612532360919641, 47.112883852750606 ], [ 27.611894325321856, 47.115728911168915 ], [ 27.611537239646328, 47.120669278353347 ], [ 27.607879408818579, 47.119781558495426 ], [ 27.607320254068028, 47.119911645849065 ], [ 27.607429622183098, 47.121506121149004 ], [ 27.608333736699343, 47.122262117572966 ], [ 27.608460200612956, 47.123637424401068 ], [ 27.607625719399973, 47.123872289626682 ], [ 27.60710751535245, 47.122764459162184 ], [ 27.606207201450967, 47.122551242231332 ], [ 27.605415473373675, 47.122874420303624 ], [ 27.605203865881986, 47.12370587193729 ], [ 27.60320525743921, 47.124531951445476 ], [ 27.602767465097262, 47.124321869215379 ], [ 27.60194207121377, 47.125107738978208 ], [ 27.600924690357395, 47.123588196592394 ], [ 27.599988422924632, 47.123702406546883 ], [ 27.599392294843735, 47.123860473360516 ], [ 27.599891197307937, 47.124693560033172 ], [ 27.598589417163545, 47.125092834339796 ], [ 27.599030512418686, 47.126207371281545 ], [ 27.598180915723404, 47.126912227813946 ], [ 27.595529496843785, 47.126393607702909 ], [ 27.594808853747825, 47.129271486259285 ], [ 27.594930979717891, 47.129635776790529 ], [ 27.595478681403605, 47.129645498340821 ], [ 27.594515922678884, 47.131833305433851 ], [ 27.591729929963371, 47.127494702882913 ], [ 27.590365945981894, 47.127992879559869 ], [ 27.591619760984546, 47.130650469787867 ], [ 27.590873938921817, 47.131548317218147 ], [ 27.589423997612773, 47.132071921948132 ], [ 27.587465359203495, 47.130097018405586 ], [ 27.588659539525988, 47.129822972071352 ], [ 27.586639687849043, 47.127024863949593 ], [ 27.583959487472853, 47.127522298801225 ], [ 27.582669112782796, 47.123831461256628 ], [ 27.583360104790319, 47.121491057790749 ], [ 27.583325481982776, 47.118016475830785 ], [ 27.583852789554605, 47.116121285902324 ], [ 27.581230767520925, 47.116506549284161 ], [ 27.580084084016647, 47.116261192721439 ], [ 27.579790560788261, 47.116614059703899 ], [ 27.57886233140237, 47.115992448851195 ], [ 27.577463457363379, 47.116369405052318 ], [ 27.577429813190431, 47.115658879887725 ], [ 27.576070375870746, 47.113528752406395 ], [ 27.570163494594166, 47.108373696088833 ], [ 27.569137981780745, 47.105468654078003 ], [ 27.565870553521716, 47.105158751128897 ], [ 27.559681001244162, 47.10511127544661 ], [ 27.559066310192925, 47.109988307416273 ], [ 27.560479997557103, 47.111934909050959 ], [ 27.560819306876283, 47.113707708962664 ], [ 27.565253888264085, 47.120631604816637 ], [ 27.562376696333644, 47.121995542791375 ], [ 27.55985602035447, 47.12364953939246 ], [ 27.563010593097808, 47.125637010999149 ], [ 27.565063723512022, 47.126309379596208 ], [ 27.565252216980628, 47.12683563784806 ], [ 27.560039421528963, 47.130714349835657 ], [ 27.563760682100636, 47.13437820606444 ], [ 27.553556404005761, 47.139155065026067 ], [ 27.548753920534597, 47.141803862673584 ], [ 27.553452077254075, 47.146407769055948 ], [ 27.545505480103323, 47.14510993604415 ], [ 27.538730982269225, 47.144883455210945 ], [ 27.538926381332598, 47.147522296868509 ], [ 27.537815537851788, 47.147539599033166 ], [ 27.536820432363069, 47.149685079424088 ], [ 27.536644982679526, 47.15122713085465 ], [ 27.53580477259451, 47.151449036675913 ], [ 27.535715353026443, 47.151728970993865 ], [ 27.535673355192785, 47.152665739908002 ], [ 27.536558905545796, 47.153994736480939 ], [ 27.536656184121238, 47.155937968180261 ], [ 27.536268781168015, 47.158054532571029 ], [ 27.535302259938259, 47.160013909129603 ], [ 27.532729135787481, 47.160168653161818 ], [ 27.530571367244406, 47.159544983467136 ], [ 27.530313422449819, 47.16011387794947 ], [ 27.526107405979676, 47.158849062093317 ], [ 27.518823013553249, 47.157666052586514 ], [ 27.509907631771195, 47.158425162925035 ], [ 27.499388880623101, 47.160283774588869 ], [ 27.492751713015114, 47.160110011291451 ], [ 27.492184870570988, 47.159735936245752 ], [ 27.491201961304839, 47.160832057599258 ], [ 27.486698305679361, 47.16304213430184 ], [ 27.486335212662134, 47.167697416118422 ], [ 27.486607060819786, 47.172347179569847 ], [ 27.484662198233373, 47.17217959893015 ], [ 27.484397572061589, 47.172617518080315 ], [ 27.481260714038992, 47.17325593422003 ], [ 27.481447760096433, 47.173566179144601 ], [ 27.478734384639846, 47.17500911099571 ], [ 27.477380480553283, 47.176868838488403 ], [ 27.476533545268932, 47.180074644180905 ], [ 27.499181914241657, 47.175084704482153 ], [ 27.516966350679006, 47.172449234620629 ], [ 27.520074777039845, 47.172482214691719 ], [ 27.519111992732491, 47.177774421152684 ], [ 27.528785623165618, 47.17696972413443 ], [ 27.529289209706111, 47.176470701917182 ], [ 27.530222710019601, 47.176473093326564 ], [ 27.530285691197392, 47.176184272949435 ], [ 27.532017987407574, 47.176363622363361 ], [ 27.532201554702649, 47.174732344801157 ], [ 27.537014391126462, 47.175023499107589 ], [ 27.536242612973357, 47.176319064328446 ], [ 27.534015540675878, 47.183904736528774 ], [ 27.531705107088605, 47.183630433509791 ], [ 27.531554400273087, 47.186882828871475 ], [ 27.530543514015164, 47.190349868156382 ], [ 27.528992796746081, 47.19032165846145 ], [ 27.5270739291865, 47.196425104153029 ], [ 27.527681898816319, 47.197359635435802 ], [ 27.527050998867779, 47.197186373671414 ], [ 27.526321616695938, 47.199616637235742 ], [ 27.52669113296038, 47.201026272413394 ], [ 27.527492471662747, 47.20185071772655 ], [ 27.527012783967692, 47.202547688790602 ], [ 27.527145591078948, 47.203881698777238 ], [ 27.524990613775305, 47.205426096617202 ], [ 27.525459306610493, 47.206788052985665 ], [ 27.52372868745989, 47.20843660227289 ], [ 27.523100399356434, 47.209607177106939 ], [ 27.527600678538938, 47.21286306376669 ], [ 27.528452398730021, 47.211464047249912 ], [ 27.529688376252416, 47.212183015141129 ], [ 27.526268267124461, 47.214933490571617 ], [ 27.524177200518356, 47.219538255178641 ], [ 27.521023073120194, 47.223595957737949 ], [ 27.520417600502093, 47.225905434651558 ], [ 27.523753224070592, 47.226223622699472 ], [ 27.530229323526665, 47.227866965393297 ], [ 27.531865538815392, 47.224728573748955 ], [ 27.533917602444461, 47.225432015645822 ], [ 27.534845117802476, 47.225582678770834 ], [ 27.535401615203352, 47.225378958757474 ], [ 27.53958333097907, 47.226797955978448 ], [ 27.541509033236476, 47.22546297306809 ], [ 27.540720711433828, 47.225074007007223 ], [ 27.542468164429017, 47.221834828000127 ], [ 27.544577140740429, 47.22257845491044 ], [ 27.545359921603886, 47.221191566773179 ], [ 27.546661552043322, 47.221690227690715 ], [ 27.547128306685195, 47.22107237675317 ], [ 27.54840735272467, 47.21863900469976 ], [ 27.549029240932732, 47.216414281679015 ], [ 27.55034439501333, 47.214905745897489 ], [ 27.55153611460111, 47.212367882833981 ], [ 27.552618236549144, 47.211078841795747 ], [ 27.552156714017361, 47.210242974452264 ], [ 27.554145547095597, 47.207503266822144 ], [ 27.555437652384455, 47.204288082515141 ], [ 27.555108607653889, 47.203825126076268 ], [ 27.559196122639271, 47.206014914501125 ], [ 27.560557895515064, 47.203178320312873 ], [ 27.560978032515994, 47.203238146385701 ], [ 27.56225883060921, 47.203957607264748 ], [ 27.563629825855514, 47.205431064674855 ], [ 27.566327810181622, 47.206170873359284 ], [ 27.564790542445149, 47.208327410117995 ], [ 27.566264584279516, 47.208592320287863 ], [ 27.565940682363305, 47.209533227277085 ], [ 27.568519522945884, 47.209902879819829 ] ] ] } },
{ "type": "Feature", "properties": { "siruta_uat": "95747", "canonical_name": "Aroneanu", "name": "ARONEANU", "natLevName": "Comuna", "resOfAut": "ARONEANU", "zmi_member": true, "zmi_role": "comuna", "Shape_Leng": 33963.8784571, "Shape_Area": 39285785.660899997 }, "geometry": { "type": "Polygon", "coordinates": [ [ [ 27.618089500095166, 47.256802645663562 ], [ 27.621307765692727, 47.251190772185552 ], [ 27.625026465862128, 47.252982652389498 ], [ 27.627628242228038, 47.253855893269815 ], [ 27.630282263671713, 47.25532332204623 ], [ 27.630761916645703, 47.254960183957444 ], [ 27.631042937995527, 47.253843538531719 ], [ 27.633736236025875, 47.254354633447299 ], [ 27.635305755982291, 47.254974491870144 ], [ 27.636289083086112, 47.254737008196756 ], [ 27.638178628940569, 47.255176258379628 ], [ 27.639859534044337, 47.253239408311366 ], [ 27.645249389959343, 47.256564117273946 ], [ 27.646925589310413, 47.255213302166382 ], [ 27.647932834068779, 47.255136464721076 ], [ 27.649943469094797, 47.254044474689465 ], [ 27.651169876398555, 47.253849196915048 ], [ 27.652051270652731, 47.253139356615044 ], [ 27.648001882762156, 47.251317045037318 ], [ 27.650681618859224, 47.249296759204782 ], [ 27.648930624461265, 47.248485567075569 ], [ 27.649196418918134, 47.248311196892566 ], [ 27.646366208373923, 47.246626992135432 ], [ 27.658187028954572, 47.23997113643604 ], [ 27.65722023811232, 47.238790063054935 ], [ 27.659292283550567, 47.237448108149643 ], [ 27.669182618734776, 47.232994112913879 ], [ 27.66726692479806, 47.231897754726951 ], [ 27.663619583258548, 47.228919641242889 ], [ 27.666425058890997, 47.221224249426292 ], [ 27.663625012273386, 47.220443052101992 ], [ 27.66382632012451, 47.220094746850464 ], [ 27.659518814547422, 47.218719254426247 ], [ 27.659475943315257, 47.218434435759555 ], [ 27.652364597416199, 47.216796654494722 ], [ 27.653575843667372, 47.211882103264998 ], [ 27.648131460747859, 47.210744092549248 ], [ 27.635620851610089, 47.208999920853273 ], [ 27.632948168602578, 47.208452450786893 ], [ 27.633073539472036, 47.208272736658913 ], [ 27.631925563216065, 47.207930618890053 ], [ 27.630750154613345, 47.207973992468297 ], [ 27.62838400818131, 47.205165036724175 ], [ 27.624889266715723, 47.199459674594024 ], [ 27.624001242265646, 47.197353058924264 ], [ 27.59785955432648, 47.193834867517317 ], [ 27.596035922424758, 47.193164213224996 ], [ 27.595029687704091, 47.193781953968063 ], [ 27.591016003201492, 47.200280918859448 ], [ 27.587821831017045, 47.199393107311664 ], [ 27.584466081452749, 47.204038002360889 ], [ 27.582925265574705, 47.205439361080991 ], [ 27.579959512334923, 47.202506680591867 ], [ 27.57336301591203, 47.202184100648424 ], [ 27.568320608123962, 47.208273664270607 ], [ 27.568347095832028, 47.211027665418911 ], [ 27.568848762788228, 47.212701420114186 ], [ 27.568282742542323, 47.214486592299984 ], [ 27.567673848486564, 47.214290557624516 ], [ 27.566050422695074, 47.214825323757672 ], [ 27.564663819063956, 47.213960752574629 ], [ 27.561668578888057, 47.214433294330576 ], [ 27.559570038668795, 47.213517683846668 ], [ 27.55838825625472, 47.221712063735033 ], [ 27.559983071124357, 47.223090971615001 ], [ 27.561880154112391, 47.223547446322719 ], [ 27.563868592544647, 47.224627288438576 ], [ 27.564512219685039, 47.225451784902916 ], [ 27.567336321386268, 47.225645383966317 ], [ 27.571229724831674, 47.226354847154674 ], [ 27.569658268179658, 47.228410252215809 ], [ 27.574432159033357, 47.231444445869037 ], [ 27.575231259823212, 47.230956951215028 ], [ 27.576854522953113, 47.230732250709622 ], [ 27.578975771698637, 47.232034610054683 ], [ 27.582219482061209, 47.229253621491182 ], [ 27.586129948910141, 47.230122635021466 ], [ 27.585997785173934, 47.231064248033363 ], [ 27.584378826347432, 47.233513455589296 ], [ 27.58406044592024, 47.234916939940327 ], [ 27.584308363653278, 47.235371835975471 ], [ 27.583540363824149, 47.236162015294575 ], [ 27.583592235778958, 47.236790572327294 ], [ 27.58302618139593, 47.237388229617018 ], [ 27.581226745116776, 47.238098793718216 ], [ 27.5819486102131, 47.238401310753702 ], [ 27.581507573135504, 47.238961453348956 ], [ 27.581672967723897, 47.239415126965177 ], [ 27.580445207821164, 47.241074071430226 ], [ 27.579287204917481, 47.24390462078788 ], [ 27.577953093640101, 47.24507066699848 ], [ 27.577099646527333, 47.249249984687872 ], [ 27.577788905451719, 47.249996461203864 ], [ 27.575289862423841, 47.25317726109953 ], [ 27.57518534777148, 47.25444540541249 ], [ 27.576503704324864, 47.255140184027894 ], [ 27.576713577494399, 47.256324805589664 ], [ 27.579139921591345, 47.258905940533531 ], [ 27.581320440794418, 47.26038102621326 ], [ 27.582967362345173, 47.263295102931046 ], [ 27.582900101013365, 47.264561955942028 ], [ 27.588237292824182, 47.267822992025756 ], [ 27.589375157212128, 47.267677265578058 ], [ 27.585039025542983, 47.259179825727088 ], [ 27.585158054912537, 47.258275462075815 ], [ 27.61535604327419, 47.259614159861712 ], [ 27.615837318569294, 47.259470844363868 ], [ 27.618089500095166, 47.256802645663562 ] ] ] } },
{ "type": "Feature", "properties": { "siruta_uat": "95088", "canonical_name": "Bârnova", "name": "BÂRNOVA", "natLevName": "Comuna", "resOfAut": "BÂRNOVA", "zmi_member": true, "zmi_role": "comuna", "Shape_Leng": 45550.912943000003, "Shape_Area": 41192392.966200002 }, "geometry": { "type": "Polygon", "coordinates": [ [ [ 27.660234090290281, 47.11689000776596 ], [ 27.661680941652751, 47.116345527890466 ], [ 27.662536626321451, 47.116503239195872 ], [ 27.66452890236101, 47.116174017615812 ], [ 27.665873268087065, 47.115290527696054 ], [ 27.664248839285669, 47.114114435335466 ], [ 27.665455246239379, 47.111862411513613 ], [ 27.668764605442256, 47.108519417275481 ], [ 27.670731571532286, 47.107189352341287 ], [ 27.67142866341268, 47.105901890863272 ], [ 27.67437242463566, 47.102731128137599 ], [ 27.674222494911895, 47.101573469012479 ], [ 27.673658089906642, 47.101005966964713 ], [ 27.674299555378344, 47.100601176180383 ], [ 27.673784878595754, 47.10043308772817 ], [ 27.673121612388034, 47.100671637754985 ], [ 27.672453840692572, 47.099887282174144 ], [ 27.672747996569676, 47.099532245634165 ], [ 27.673837188311452, 47.099606225798034 ], [ 27.673893336890629, 47.098702150346554 ], [ 27.674415457790889, 47.09875024905967 ], [ 27.675045573069678, 47.098269387263926 ], [ 27.676651401395386, 47.099507303103266 ], [ 27.681275412012564, 47.095934493709848 ], [ 27.670879665537747, 47.08906088902453 ], [ 27.671971310286207, 47.087808242786181 ], [ 27.655184480557924, 47.087925569511569 ], [ 27.655121486273107, 47.087530061194968 ], [ 27.65461938833683, 47.087550302970065 ], [ 27.654348178445638, 47.086602616274128 ], [ 27.653143480942333, 47.085578551267467 ], [ 27.651589145350506, 47.085651254786839 ], [ 27.650518847029165, 47.083524353229464 ], [ 27.650643283610329, 47.082794908337405 ], [ 27.653134221619677, 47.080159652794237 ], [ 27.657438538193862, 47.07646736975132 ], [ 27.662114878652268, 47.070515400163004 ], [ 27.663717923765457, 47.067909470454246 ], [ 27.664845216206306, 47.066872077055422 ], [ 27.664457286026376, 47.066024607571975 ], [ 27.665300024259473, 47.064940434079126 ], [ 27.663285147459277, 47.064630516724428 ], [ 27.663046546967738, 47.06148303392569 ], [ 27.663639899781927, 47.059450790611692 ], [ 27.663482911449126, 47.058688721012579 ], [ 27.664500508330608, 47.057174721516731 ], [ 27.663601876079973, 47.056369996824507 ], [ 27.665477630402808, 47.055026444662921 ], [ 27.65988170710914, 47.053682626014876 ], [ 27.658665895215474, 47.053020285357945 ], [ 27.658447232045027, 47.051969174578652 ], [ 27.657138571259949, 47.049866630404097 ], [ 27.656060131245205, 47.049816711171758 ], [ 27.655162069354276, 47.048556991857318 ], [ 27.654662491239314, 47.047413321882267 ], [ 27.654755696460171, 47.046507986001856 ], [ 27.653255974797872, 47.04487878277547 ], [ 27.65300034502738, 47.043784107309769 ], [ 27.652306848576814, 47.04310803408648 ], [ 27.652991089317158, 47.042005761981493 ], [ 27.650414334808165, 47.040641626603282 ], [ 27.649257709484019, 47.039039667770012 ], [ 27.645237367442515, 47.036647514778686 ], [ 27.644090306497603, 47.037359689439342 ], [ 27.642873689849651, 47.037419626883604 ], [ 27.641487048449708, 47.038034906462471 ], [ 27.639801547942668, 47.037969892340989 ], [ 27.631237994556635, 47.038997048109366 ], [ 27.624714919756016, 47.040437528353564 ], [ 27.622938765050446, 47.039221395457474 ], [ 27.621758303528534, 47.038913057922741 ], [ 27.619653906420435, 47.037689136728758 ], [ 27.618524616793003, 47.038090030336917 ], [ 27.618454535083718, 47.038807549215257 ], [ 27.617051790540998, 47.039564369618894 ], [ 27.615991166787548, 47.040745318013009 ], [ 27.613582418108049, 47.041043079428654 ], [ 27.612234160686299, 47.041754177259513 ], [ 27.612836949133044, 47.042838160344076 ], [ 27.612203521490866, 47.044100646673158 ], [ 27.608777564545711, 47.045832791702303 ], [ 27.601748430682559, 47.048135778766827 ], [ 27.600847211409672, 47.049359459739904 ], [ 27.598179658940065, 47.051513742616045 ], [ 27.597059478186292, 47.053189557597314 ], [ 27.596909135043834, 47.055122478409118 ], [ 27.596434389574284, 47.055178217043718 ], [ 27.595230896337675, 47.056836294358803 ], [ 27.594029932596314, 47.05681614953923 ], [ 27.593514695399151, 47.057254688820599 ], [ 27.594192529369192, 47.063942108639168 ], [ 27.594621028130064, 47.064458881506887 ], [ 27.594373286692473, 47.065192427136886 ], [ 27.593158886538284, 47.064714569889155 ], [ 27.590686970195851, 47.064803351842315 ], [ 27.590610729475102, 47.064143205620326 ], [ 27.591671837428549, 47.064113091199005 ], [ 27.591623148254179, 47.063829311421252 ], [ 27.589424199802892, 47.063730131798586 ], [ 27.589671301369588, 47.067920996862583 ], [ 27.588451224245535, 47.067696622058172 ], [ 27.587640323260977, 47.0698247334767 ], [ 27.586423612165191, 47.070039213682563 ], [ 27.586832362587963, 47.070534193370626 ], [ 27.586451416672514, 47.070620701463199 ], [ 27.586445922194677, 47.070985196125328 ], [ 27.583709981752595, 47.072796376307529 ], [ 27.582718246534771, 47.074165810286807 ], [ 27.581719134924903, 47.074753039416784 ], [ 27.581840775569372, 47.07509313023332 ], [ 27.582741619122768, 47.075302865763348 ], [ 27.582530816816082, 47.076470372356255 ], [ 27.581588183228344, 47.077434032039662 ], [ 27.581448500687564, 47.078631343798001 ], [ 27.580704564291644, 47.078678249231288 ], [ 27.58064848596203, 47.07922218236493 ], [ 27.580110277215582, 47.079604897387277 ], [ 27.579571863009818, 47.080861919085947 ], [ 27.579494822025914, 47.083466498615337 ], [ 27.57771029649259, 47.085551369265282 ], [ 27.582286343706496, 47.088114441004315 ], [ 27.582856015941445, 47.090020431693922 ], [ 27.582383730364974, 47.091210888438454 ], [ 27.583760286440292, 47.091418130267975 ], [ 27.583442548839059, 47.092171872195038 ], [ 27.584511686539511, 47.092676447181034 ], [ 27.584802956643458, 47.095139713615524 ], [ 27.585354421552957, 47.095113226582427 ], [ 27.585526678753844, 47.096528466666378 ], [ 27.586600022900068, 47.095841822283781 ], [ 27.587081092014557, 47.096312299163664 ], [ 27.58697056320862, 47.096801858563936 ], [ 27.585725619426743, 47.097655971234481 ], [ 27.586244158916347, 47.098198309905641 ], [ 27.586354881542647, 47.099438820834884 ], [ 27.584747754824491, 47.100976573733249 ], [ 27.584505909081653, 47.102520163936809 ], [ 27.584564912707709, 47.10359214092118 ], [ 27.585463088455047, 47.104883599978088 ], [ 27.586122666460891, 47.107400577155609 ], [ 27.585941885016812, 47.108554801080842 ], [ 27.58629045587487, 47.109491925264599 ], [ 27.58556025037165, 47.111974470681872 ], [ 27.585625942931269, 47.11532707502144 ], [ 27.586696186870437, 47.117642602148763 ], [ 27.589338540378403, 47.117041775816105 ], [ 27.589572212390628, 47.119099702459437 ], [ 27.590384801281957, 47.120944225336309 ], [ 27.592785014681581, 47.123104177302601 ], [ 27.593986399295783, 47.122651274866946 ], [ 27.595460970140813, 47.124316643601972 ], [ 27.594929230840961, 47.125797510101108 ], [ 27.595529496843785, 47.126393607702909 ], [ 27.598180915723404, 47.126912227813946 ], [ 27.599030512418686, 47.126207371281545 ], [ 27.598589417163545, 47.125092834339796 ], [ 27.599891197307937, 47.124693560033172 ], [ 27.599392294843735, 47.123860473360516 ], [ 27.599988422924632, 47.123702406546883 ], [ 27.600924690357395, 47.123588196592394 ], [ 27.60194207121377, 47.125107738978208 ], [ 27.602767465097262, 47.124321869215379 ], [ 27.60320525743921, 47.124531951445476 ], [ 27.605203865881986, 47.12370587193729 ], [ 27.605415473373675, 47.122874420303624 ], [ 27.606207201450967, 47.122551242231332 ], [ 27.60710751535245, 47.122764459162184 ], [ 27.607625719399973, 47.123872289626682 ], [ 27.608460200612956, 47.123637424401068 ], [ 27.608333736699343, 47.122262117572966 ], [ 27.607429622183098, 47.121506121149004 ], [ 27.607266365490762, 47.119954328387855 ], [ 27.607879408818579, 47.119781558495426 ], [ 27.611537239646328, 47.120669278353347 ], [ 27.611894325321856, 47.115728911168915 ], [ 27.612532360919641, 47.112883852750606 ], [ 27.613129178547759, 47.111099513108009 ], [ 27.614617654986187, 47.109137515787708 ], [ 27.61372708258304, 47.107955575841331 ], [ 27.614497009727593, 47.104740417471248 ], [ 27.617922387313179, 47.105191248276263 ], [ 27.618147977803595, 47.105660966244024 ], [ 27.619365567250426, 47.106090265492121 ], [ 27.620242823823492, 47.105798043319837 ], [ 27.622196118840581, 47.106082080224361 ], [ 27.622119334752014, 47.105348921116786 ], [ 27.623271762628523, 47.105896286842608 ], [ 27.624315558813208, 47.102891989091432 ], [ 27.624972929346029, 47.102610240491835 ], [ 27.6275591579594, 47.103043584560226 ], [ 27.630230205736957, 47.101700539656264 ], [ 27.630546281625843, 47.10057875553823 ], [ 27.631420580819356, 47.099532767176221 ], [ 27.631897223895148, 47.097158647368524 ], [ 27.634416720125746, 47.096611579950519 ], [ 27.635384614409489, 47.095557612474522 ], [ 27.635424928576427, 47.094806781994066 ], [ 27.634819991260141, 47.094310849360554 ], [ 27.636578761597466, 47.091928407782007 ], [ 27.636116058794357, 47.091493572379086 ], [ 27.63638315531411, 47.091104419665726 ], [ 27.638744371687729, 47.091063295854973 ], [ 27.638977826447647, 47.090455311474201 ], [ 27.638140059152331, 47.090115870160105 ], [ 27.638359039756971, 47.089866715596393 ], [ 27.6397781277193, 47.090023173297411 ], [ 27.640754250145104, 47.090489657661841 ], [ 27.641625776929192, 47.090045727201193 ], [ 27.642319740075994, 47.090088037737019 ], [ 27.64174349647859, 47.089741153457339 ], [ 27.642838812806719, 47.089319730301803 ], [ 27.642578340949445, 47.088223408826515 ], [ 27.644347835329651, 47.087620721315737 ], [ 27.643640515021279, 47.086519038442667 ], [ 27.64450964915509, 47.085980592613843 ], [ 27.644686071579986, 47.08478779721078 ], [ 27.649213540513134, 47.085395072061601 ], [ 27.65050509370284, 47.088403498773403 ], [ 27.650548606854805, 47.088790241770361 ], [ 27.649800316465694, 47.089029972055407 ], [ 27.652466571215633, 47.090371541203361 ], [ 27.652346434668484, 47.090751573922404 ], [ 27.651168318877854, 47.091213512626631 ], [ 27.652420096900237, 47.09181899606601 ], [ 27.652394745314435, 47.092120022381387 ], [ 27.654235245315469, 47.092586960665763 ], [ 27.655566875392381, 47.091395233763983 ], [ 27.656472360916641, 47.091995274468218 ], [ 27.657031359418305, 47.091599907489254 ], [ 27.657975429313154, 47.091828229672608 ], [ 27.657999187139069, 47.092845221149332 ], [ 27.658500670674318, 47.093568754661 ], [ 27.659064558843106, 47.093541099915349 ], [ 27.659192319042116, 47.093776674605117 ], [ 27.659094339920465, 47.094676802262654 ], [ 27.6582440854555, 47.094985112516817 ], [ 27.65760509285542, 47.095921537195373 ], [ 27.657475316176424, 47.097116808561516 ], [ 27.658852291960901, 47.098340273221041 ], [ 27.658668350741131, 47.098701085695851 ], [ 27.657404797438922, 47.09912081762748 ], [ 27.657993106714674, 47.100298250522684 ], [ 27.65824654629083, 47.100497974785817 ], [ 27.659303840264741, 47.100379118907675 ], [ 27.659252995278312, 47.101520657619552 ], [ 27.659978672377008, 47.101574667140255 ], [ 27.660337955899564, 47.100882162512541 ], [ 27.661289436063679, 47.101038279548071 ], [ 27.664737855734899, 47.103251709511078 ], [ 27.665335373683764, 47.107862860374084 ], [ 27.662813791818959, 47.108887819582677 ], [ 27.66090271223813, 47.10930192398844 ], [ 27.659847118738163, 47.109218990299887 ], [ 27.657778669564546, 47.109908119843517 ], [ 27.656787680849252, 47.109827084523751 ], [ 27.653535376422777, 47.110814407901081 ], [ 27.655580255680047, 47.111724666022049 ], [ 27.65575457802089, 47.1126692289033 ], [ 27.65638566253347, 47.113170861111087 ], [ 27.658787367060544, 47.113722122713149 ], [ 27.660146154095145, 47.115992424834126 ], [ 27.660234090290281, 47.11689000776596 ] ] ] } },
{ "type": "Feature", "properties": { "siruta_uat": "96254", "canonical_name": "Ciurea", "name": "CIUREA", "natLevName": "Comuna", "resOfAut": "CIUREA", "zmi_member": true, "zmi_role": "comuna", "Shape_Leng": 57854.971736799998, "Shape_Area": 47694651.168200001 }, "geometry": { "type": "Polygon", "coordinates": [ [ [ 27.595529496843785, 47.126393607702909 ], [ 27.594929230840961, 47.125797510101108 ], [ 27.595460970140813, 47.124316643601972 ], [ 27.593986399295783, 47.122651274866946 ], [ 27.592785014681581, 47.123104177302601 ], [ 27.590384801281957, 47.120944225336309 ], [ 27.589572212390628, 47.119099702459437 ], [ 27.589338540378403, 47.117041775816105 ], [ 27.586696186870437, 47.117642602148763 ], [ 27.585636073641236, 47.11543521618799 ], [ 27.58556025037165, 47.111974470681872 ], [ 27.58629045587487, 47.109491925264599 ], [ 27.585941885016812, 47.108554801080842 ], [ 27.586122666460891, 47.107400577155609 ], [ 27.585463088455047, 47.104883599978088 ], [ 27.584564912707709, 47.10359214092118 ], [ 27.584505909081653, 47.102520163936809 ], [ 27.584747754824491, 47.100976573733249 ], [ 27.586354881542647, 47.099438820834884 ], [ 27.586244158916347, 47.098198309905641 ], [ 27.585725619426743, 47.097655971234481 ], [ 27.58697056320862, 47.096801858563936 ], [ 27.587081092014557, 47.096312299163664 ], [ 27.586600022900068, 47.095841822283781 ], [ 27.585526678753844, 47.096528466666378 ], [ 27.585354421552957, 47.095113226582427 ], [ 27.584802956643458, 47.095139713615524 ], [ 27.584511686539511, 47.092676447181034 ], [ 27.583442548839059, 47.092171872195038 ], [ 27.583760286440292, 47.091418130267975 ], [ 27.582383730364974, 47.091210888438454 ], [ 27.582856015941445, 47.090020431693922 ], [ 27.582286343706496, 47.088114441004315 ], [ 27.57771029649259, 47.085551369265282 ], [ 27.579494822025914, 47.083466498615337 ], [ 27.579571863009818, 47.080861919085947 ], [ 27.580110277215582, 47.079604897387277 ], [ 27.58064848596203, 47.07922218236493 ], [ 27.580704564291644, 47.078678249231288 ], [ 27.581448500687564, 47.078631343798001 ], [ 27.581588183228344, 47.077434032039662 ], [ 27.582530816816082, 47.076470372356255 ], [ 27.582741619122768, 47.075302865763348 ], [ 27.581840775569372, 47.07509313023332 ], [ 27.581719134924903, 47.074753039416784 ], [ 27.582718246534771, 47.074165810286807 ], [ 27.583709981752595, 47.072796376307529 ], [ 27.586445922194677, 47.070985196125328 ], [ 27.586451416672514, 47.070620701463199 ], [ 27.586832362587963, 47.070534193370626 ], [ 27.586423612165191, 47.070039213682563 ], [ 27.587640323260977, 47.0698247334767 ], [ 27.588451224245535, 47.067696622058172 ], [ 27.589671301369588, 47.067920996862583 ], [ 27.589424199802892, 47.063730131798586 ], [ 27.591623148254179, 47.063829311421252 ], [ 27.591671837428549, 47.064113091199005 ], [ 27.590610729475102, 47.064143205620326 ], [ 27.590686970195851, 47.064803351842315 ], [ 27.593158886538284, 47.064714569889155 ], [ 27.594373286692473, 47.065192427136886 ], [ 27.594621028130064, 47.064458881506887 ], [ 27.594192529369192, 47.063942108639168 ], [ 27.593514695399151, 47.057254688820599 ], [ 27.594029932596314, 47.05681614953923 ], [ 27.595230896337675, 47.056836294358803 ], [ 27.596434389574284, 47.055178217043718 ], [ 27.596909135043834, 47.055122478409118 ], [ 27.597059478186292, 47.053189557597314 ], [ 27.598179658940065, 47.051513742616045 ], [ 27.600847211409672, 47.049359459739904 ], [ 27.601748430682559, 47.048135778766827 ], [ 27.608777564545711, 47.045832791702303 ], [ 27.612203521490866, 47.044100646673158 ], [ 27.612836949133044, 47.042838160344076 ], [ 27.612234160686299, 47.041754177259513 ], [ 27.613582418108049, 47.041043079428654 ], [ 27.615991166787548, 47.040745318013009 ], [ 27.617051790540998, 47.039564369618894 ], [ 27.618454535083718, 47.038807549215257 ], [ 27.618758622451555, 47.037717492019119 ], [ 27.617937081086797, 47.037118914746614 ], [ 27.61814732696703, 47.036500295724942 ], [ 27.617682142692338, 47.035628002626353 ], [ 27.616201069891176, 47.034323052260106 ], [ 27.614888897062205, 47.032301566555653 ], [ 27.611392761686091, 47.031243393328204 ], [ 27.60646737098963, 47.027759151702647 ], [ 27.604620153729847, 47.026923212050804 ], [ 27.604119148758073, 47.025968789919737 ], [ 27.60620842272823, 47.026064722407625 ], [ 27.611995388921091, 47.027284110609209 ], [ 27.615439078891647, 47.027065916789731 ], [ 27.617699307299784, 47.024383993587463 ], [ 27.621608860116208, 47.022708564586893 ], [ 27.622802494345724, 47.022744851612401 ], [ 27.62775873726633, 47.020850137398988 ], [ 27.628212703890668, 47.021531377217549 ], [ 27.630956490605953, 47.021939462003097 ], [ 27.633381381753729, 47.021019780077559 ], [ 27.63649085233369, 47.020349453512338 ], [ 27.639129395529157, 47.017996347466479 ], [ 27.641237587461017, 47.0182052868429 ], [ 27.643885287790287, 47.019090836084537 ], [ 27.645450702977357, 47.017628069157404 ], [ 27.647527048031829, 47.016441273223123 ], [ 27.648142447911781, 47.014304389420467 ], [ 27.649237974572788, 47.012820100084816 ], [ 27.647427417650515, 47.011823610476497 ], [ 27.64571133853158, 47.012778794523832 ], [ 27.644349994159896, 47.012609410914628 ], [ 27.644496006912775, 47.011107615457576 ], [ 27.645549274446328, 47.011098364196762 ], [ 27.645166389855103, 47.010283214010983 ], [ 27.645948955339225, 47.01012156517541 ], [ 27.645760955947996, 47.009597373623841 ], [ 27.646854375430227, 47.009271912196418 ], [ 27.647004341730419, 47.008730351286594 ], [ 27.647440215930711, 47.00875843103244 ], [ 27.647217155310251, 47.008441924996234 ], [ 27.646633526763182, 47.008659839622062 ], [ 27.646416066832483, 47.008128359904553 ], [ 27.6477360275126, 47.007565842238265 ], [ 27.646951389043696, 47.007103457615599 ], [ 27.648278509997198, 47.006021662407676 ], [ 27.645491593202895, 47.004496991611958 ], [ 27.643527900486532, 47.004065104421358 ], [ 27.64235891688568, 47.004388846141936 ], [ 27.640186601436511, 47.00416241110814 ], [ 27.637465810753238, 47.004821667791546 ], [ 27.636296060089737, 47.004598703263639 ], [ 27.628416901870846, 47.01033347165383 ], [ 27.616878260863523, 47.015118706744467 ], [ 27.609579201468545, 47.011565515790927 ], [ 27.609290858780124, 47.010041954001842 ], [ 27.60975060047905, 47.009122606254437 ], [ 27.609241965335151, 47.007896386520805 ], [ 27.608986201740564, 47.008333111788197 ], [ 27.607654485218703, 47.008314078415751 ], [ 27.606437192275031, 47.009006284180394 ], [ 27.605036858012056, 47.008918970861828 ], [ 27.603640202420991, 47.009900095829451 ], [ 27.601659958399573, 47.01010756350194 ], [ 27.600710129940396, 47.011120624247539 ], [ 27.600898854690435, 47.011888515370728 ], [ 27.596184620117153, 47.013765504709035 ], [ 27.588918604068727, 47.018074372665353 ], [ 27.588111898032139, 47.016574775498945 ], [ 27.584088469832359, 47.014410185381436 ], [ 27.583114081051725, 47.012871002981669 ], [ 27.582877898431196, 47.012217827224426 ], [ 27.584062696021295, 47.008218212900935 ], [ 27.583905929370829, 47.007522290125323 ], [ 27.576150521321825, 47.010046492567042 ], [ 27.572332611233247, 47.008278740165345 ], [ 27.563089641601849, 47.006215964290114 ], [ 27.562346151105629, 47.006589086392431 ], [ 27.560803773051429, 47.008977777465404 ], [ 27.558329566777601, 47.010101548253694 ], [ 27.558771710663088, 47.010864882971539 ], [ 27.559783607357048, 47.011160507873448 ], [ 27.559499956994664, 47.011423123731078 ], [ 27.557831129472167, 47.011466082608919 ], [ 27.556387491461109, 47.011074541022765 ], [ 27.552476078496312, 47.008743687033686 ], [ 27.549714644068736, 47.00982720432696 ], [ 27.547712842109156, 47.009648179525868 ], [ 27.546687607789668, 47.010112495539531 ], [ 27.547384073584553, 47.011017128020548 ], [ 27.548551854286128, 47.011426706424018 ], [ 27.550862685373492, 47.013261191597771 ], [ 27.551762173083755, 47.015393252303518 ], [ 27.551263944316723, 47.016667252576788 ], [ 27.551446589418081, 47.018466264120796 ], [ 27.550647767597908, 47.020893547248271 ], [ 27.549430600916295, 47.029630694031773 ], [ 27.547580397310384, 47.032730437166819 ], [ 27.544541128733346, 47.042109207366487 ], [ 27.544576909653955, 47.042658572168001 ], [ 27.548193188043296, 47.043669374663665 ], [ 27.547777023725505, 47.045090171921878 ], [ 27.549043779020753, 47.046435222090871 ], [ 27.54780361034657, 47.048071357896212 ], [ 27.545523304894314, 47.047671628819693 ], [ 27.543587515307543, 47.052360771334719 ], [ 27.543532350431967, 47.053104205687262 ], [ 27.54539269098774, 47.058561305890549 ], [ 27.54239949863948, 47.058267194547184 ], [ 27.543570166958034, 47.05984110343821 ], [ 27.544908792082136, 47.060151247581075 ], [ 27.544965022376225, 47.060591872634177 ], [ 27.543555141216686, 47.062189591871785 ], [ 27.539710581833628, 47.069775816236017 ], [ 27.539483615670388, 47.072978805880091 ], [ 27.535799488270911, 47.071095428542371 ], [ 27.526221640060367, 47.070266831220138 ], [ 27.526825866800799, 47.07171463188287 ], [ 27.527549623001878, 47.072423397995621 ], [ 27.527571405512386, 47.073493670036541 ], [ 27.526452863149764, 47.075916287425088 ], [ 27.525935965586008, 47.076176241316134 ], [ 27.526068115894422, 47.076724162281423 ], [ 27.527441924512967, 47.07810024029429 ], [ 27.528733385065895, 47.078674764257052 ], [ 27.544574749929421, 47.083170645582541 ], [ 27.544673203929825, 47.083859922697442 ], [ 27.547361588487306, 47.084283042887208 ], [ 27.549464858124303, 47.082637516427027 ], [ 27.551608309252938, 47.081649874086835 ], [ 27.552945428766972, 47.084702289836152 ], [ 27.552091257243848, 47.085070883298499 ], [ 27.551194080554001, 47.084877499389634 ], [ 27.551441600670156, 47.085470074745899 ], [ 27.55230227301405, 47.08597211378973 ], [ 27.548362130775374, 47.089511453460354 ], [ 27.549829340681303, 47.090101442082918 ], [ 27.549394324368052, 47.090727159923453 ], [ 27.550420240441579, 47.091267152451799 ], [ 27.549227564239771, 47.092827202689122 ], [ 27.548467041970596, 47.092576105923371 ], [ 27.548096219963764, 47.093170941817228 ], [ 27.545228749953402, 47.09278158210536 ], [ 27.542123505427149, 47.095825103499216 ], [ 27.544989992042883, 47.096096511934284 ], [ 27.544440332387143, 47.10041552441043 ], [ 27.544039601488105, 47.100881163440121 ], [ 27.551455725264749, 47.102285372103644 ], [ 27.551473984742906, 47.103663085383531 ], [ 27.556111868363175, 47.103995810028998 ], [ 27.556466605246552, 47.107914556899281 ], [ 27.559535626931869, 47.107907069530341 ], [ 27.559681001244162, 47.10511127544661 ], [ 27.565870553521716, 47.105158751128897 ], [ 27.569137981780745, 47.105468654078003 ], [ 27.570163494594166, 47.108373696088833 ], [ 27.576070375870746, 47.113528752406395 ], [ 27.577429813190431, 47.115658879887725 ], [ 27.577463457363379, 47.116369405052318 ], [ 27.57886233140237, 47.115992448851195 ], [ 27.579790560788261, 47.116614059703899 ], [ 27.580084084016647, 47.116261192721439 ], [ 27.581230767520925, 47.116506549284161 ], [ 27.583852789554605, 47.116121285902324 ], [ 27.583325481982776, 47.118016475830785 ], [ 27.583280773448124, 47.121991356923822 ], [ 27.582687511777387, 47.123171443015494 ], [ 27.583089465918981, 47.125421184125692 ], [ 27.583959487472853, 47.127522298801225 ], [ 27.586639687849043, 47.127024863949593 ], [ 27.587283018871716, 47.127705040021667 ], [ 27.588659539525988, 47.129822972071352 ], [ 27.587465359203495, 47.130097018405586 ], [ 27.589227269190772, 47.132024549423861 ], [ 27.590873938921817, 47.131548317218147 ], [ 27.591619760984546, 47.130650469787867 ], [ 27.590365945981894, 47.127992879559869 ], [ 27.591729929963371, 47.127494702882913 ], [ 27.59442246719804, 47.131831614818722 ], [ 27.594736494650633, 47.131697913399648 ], [ 27.595478681403605, 47.129645498340821 ], [ 27.594930979717891, 47.129635776790529 ], [ 27.594808853747825, 47.129271486259285 ], [ 27.595529496843785, 47.126393607702909 ] ] ] } },
{ "type": "Feature", "properties": { "siruta_uat": "96370", "canonical_name": "Comarna", "name": "COMARNA", "natLevName": "Comuna", "resOfAut": "OSOI", "zmi_member": true, "zmi_role": "comuna", "Shape_Leng": 41911.782729899998, "Shape_Area": 47197037.194600001 }, "geometry": { "type": "Polygon", "coordinates": [ [ [ 27.818709766093637, 47.108578396714279 ], [ 27.821368765609272, 47.107089797024898 ], [ 27.815341140531526, 47.099658290933121 ], [ 27.811326210166449, 47.098743221362128 ], [ 27.811813521921334, 47.09767343781715 ], [ 27.814341542313109, 47.096404218632472 ], [ 27.815961499539881, 47.096052402543535 ], [ 27.817017407705215, 47.095193397744737 ], [ 27.81661662794324, 47.094522875273476 ], [ 27.814533236848142, 47.094179114068645 ], [ 27.8141173548353, 47.093649875342294 ], [ 27.814316170017264, 47.092950328413139 ], [ 27.816627221468814, 47.092288788823879 ], [ 27.817518246647275, 47.090352696147143 ], [ 27.818753657884209, 47.089299924234908 ], [ 27.821967753842468, 47.090647684981384 ], [ 27.82339444795408, 47.091696543893008 ], [ 27.825270771492104, 47.092011155184899 ], [ 27.827541443152551, 47.091329890120456 ], [ 27.829727601340164, 47.08990711122744 ], [ 27.829629873528177, 47.088357072321593 ], [ 27.830605622769991, 47.087111782228149 ], [ 27.831468193892928, 47.086599126720415 ], [ 27.834500582453725, 47.085833320281964 ], [ 27.834942550578504, 47.084761200732707 ], [ 27.832345876808105, 47.082195859008472 ], [ 27.832618910870355, 47.080526011732729 ], [ 27.833935121760533, 47.079761837014395 ], [ 27.83539441557177, 47.079940636541778 ], [ 27.836293922746158, 47.079591350556981 ], [ 27.8414485817996, 47.076590895834997 ], [ 27.842101781250893, 47.075907119665509 ], [ 27.841438540156389, 47.07487051265349 ], [ 27.839936444969986, 47.074366452019021 ], [ 27.837662080312473, 47.072218623446737 ], [ 27.840356076336281, 47.069886061056373 ], [ 27.842154201791214, 47.070210216217212 ], [ 27.84297984388035, 47.071449203321933 ], [ 27.843858144617844, 47.071765202357057 ], [ 27.844818536371346, 47.071697819608879 ], [ 27.846295499648964, 47.070791850149284 ], [ 27.850859147922705, 47.070619688303907 ], [ 27.851927037575656, 47.070147178985209 ], [ 27.851676951718677, 47.069222882763228 ], [ 27.850549920644209, 47.068810755869251 ], [ 27.847765218827096, 47.068877406031 ], [ 27.8460803760102, 47.0678343406613 ], [ 27.84298630407844, 47.068099032826751 ], [ 27.842615862364436, 47.067906432427989 ], [ 27.84433262246252, 47.065820480990702 ], [ 27.84397654247195, 47.065503920185236 ], [ 27.842401173369534, 47.065516679204983 ], [ 27.841822502827554, 47.065236342453382 ], [ 27.842865285837295, 47.063738890283865 ], [ 27.842123491938814, 47.062813970325408 ], [ 27.842094876074455, 47.061669118579594 ], [ 27.842711110912003, 47.061076843098263 ], [ 27.846570437864475, 47.059658910185192 ], [ 27.846424380829269, 47.058506872435693 ], [ 27.846939943312172, 47.057521389582739 ], [ 27.846326815727124, 47.056052555022994 ], [ 27.84420699605899, 47.055759955103277 ], [ 27.843776414960075, 47.055452716427837 ], [ 27.843620414458577, 47.054269789321467 ], [ 27.828764288637068, 47.046921060756247 ], [ 27.82905421093918, 47.045038520529829 ], [ 27.827344628768294, 47.044975299044147 ], [ 27.827254516339433, 47.044452677201086 ], [ 27.825742304978665, 47.044678125168893 ], [ 27.824834418747081, 47.044139775474925 ], [ 27.8249143985683, 47.043726620875745 ], [ 27.823309562146314, 47.044432539918233 ], [ 27.821741785724861, 47.042605673725916 ], [ 27.823597000495173, 47.041995007494585 ], [ 27.820130812921313, 47.038407359140535 ], [ 27.817376448878747, 47.039383013901684 ], [ 27.817386767385209, 47.039821669774469 ], [ 27.803334936556535, 47.041875339135558 ], [ 27.807193814203679, 47.04674514092688 ], [ 27.804925295960302, 47.047566847881868 ], [ 27.803705079242608, 47.047179214558312 ], [ 27.801985966620986, 47.045088158858618 ], [ 27.80021873063156, 47.044281446060097 ], [ 27.797292054552713, 47.042162194289325 ], [ 27.79644221199931, 47.040935903596647 ], [ 27.793792854709363, 47.038925025560189 ], [ 27.794318451640063, 47.038722799272435 ], [ 27.795698045273785, 47.03901224553065 ], [ 27.798552275800144, 47.038128433060884 ], [ 27.799316438676946, 47.038244704287912 ], [ 27.799858163759648, 47.038712025317437 ], [ 27.800279298980346, 47.038473435185828 ], [ 27.800801046675247, 47.038733469559531 ], [ 27.801917411737495, 47.038113283481813 ], [ 27.800904110534393, 47.037647028051431 ], [ 27.800330329343637, 47.036960482785304 ], [ 27.799435149579082, 47.03737759442744 ], [ 27.797224415187387, 47.037448009048582 ], [ 27.79695244846506, 47.037745216115859 ], [ 27.796597688854689, 47.037469159118885 ], [ 27.796074502758515, 47.037553405883301 ], [ 27.795592272492495, 47.038110068856803 ], [ 27.794789237903682, 47.03819086214444 ], [ 27.79440885342429, 47.038687501378973 ], [ 27.793711789961314, 47.038836837454483 ], [ 27.787895679754133, 47.035132429915812 ], [ 27.784175014950435, 47.033438557010442 ], [ 27.783026758617627, 47.033848225563624 ], [ 27.781323983287336, 47.035507796502699 ], [ 27.780030096735423, 47.035685655492223 ], [ 27.779527558527572, 47.036389388039495 ], [ 27.769704599350003, 47.042333196472192 ], [ 27.769417480177491, 47.04255250171807 ], [ 27.769911181950352, 47.042931592586562 ], [ 27.769202846782786, 47.043462290672338 ], [ 27.768492226655031, 47.043709614326517 ], [ 27.764974889901421, 47.043347547358628 ], [ 27.762557269581116, 47.045222688561935 ], [ 27.761888035717138, 47.045362362363818 ], [ 27.759718475154035, 47.046798212723267 ], [ 27.757703036285807, 47.046327658568153 ], [ 27.756944769459171, 47.045727594822544 ], [ 27.754194001042233, 47.04583079919955 ], [ 27.751528543004678, 47.045572156343319 ], [ 27.748773716963949, 47.045938853242554 ], [ 27.745125468371644, 47.047001793517083 ], [ 27.748006050606332, 47.05256228004469 ], [ 27.744447353232307, 47.056666346457398 ], [ 27.742403556980612, 47.05735885345706 ], [ 27.740797818289039, 47.058925713324172 ], [ 27.741344732017843, 47.058833706716868 ], [ 27.742274411172577, 47.059956181103878 ], [ 27.743176887104113, 47.059850322174043 ], [ 27.743487920710361, 47.059407897089919 ], [ 27.744615049309601, 47.0605264000502 ], [ 27.746190727979613, 47.061344208252969 ], [ 27.745495993387884, 47.062097921731251 ], [ 27.74658046571054, 47.063456005718614 ], [ 27.747843580400321, 47.064188260588004 ], [ 27.748717936579038, 47.064093332780409 ], [ 27.749468324492064, 47.064598827026209 ], [ 27.749760360671516, 47.065368540038961 ], [ 27.750501032712265, 47.065362610256784 ], [ 27.751678484209844, 47.066155378964318 ], [ 27.744275850648037, 47.074024655228854 ], [ 27.746557858801619, 47.074643992811453 ], [ 27.746736678428618, 47.075361569648813 ], [ 27.744917865632718, 47.078192122455931 ], [ 27.744863101606455, 47.079090813472291 ], [ 27.745721167361879, 47.081259679222001 ], [ 27.746976751923384, 47.081004578001355 ], [ 27.747712865730723, 47.081486337100564 ], [ 27.747822319689689, 47.082027719513746 ], [ 27.748533262486156, 47.081951189270249 ], [ 27.749095818695302, 47.083566738142338 ], [ 27.749720717073892, 47.083632849818017 ], [ 27.748832407547969, 47.085452407157774 ], [ 27.751900244633784, 47.087172787578531 ], [ 27.759575183065987, 47.088302915953875 ], [ 27.757667698375229, 47.090797201933178 ], [ 27.757316082338253, 47.093492621691055 ], [ 27.755201231449565, 47.095841553788802 ], [ 27.75731993552845, 47.097505829046213 ], [ 27.75761381495192, 47.098342508705542 ], [ 27.758272222893119, 47.098651218827889 ], [ 27.758876665581852, 47.098434361536547 ], [ 27.760065961435089, 47.099311611040896 ], [ 27.760646074333, 47.100406776251937 ], [ 27.760733693289406, 47.102116378911425 ], [ 27.761693181893385, 47.102143873102676 ], [ 27.761688768985969, 47.102656756608113 ], [ 27.762571479820323, 47.10266185879297 ], [ 27.762816199392333, 47.103132238185992 ], [ 27.762775928014193, 47.104766361789338 ], [ 27.759869570406945, 47.104349587846045 ], [ 27.758981981235639, 47.107581631011165 ], [ 27.757452112144374, 47.109124454429519 ], [ 27.758773884085134, 47.109786727519605 ], [ 27.759421892812615, 47.109985546482427 ], [ 27.759740590220286, 47.109741754473227 ], [ 27.760689493406829, 47.110225076306328 ], [ 27.761298743721962, 47.112291502117849 ], [ 27.76261347263479, 47.112268217886161 ], [ 27.767599290661405, 47.111029899942459 ], [ 27.769200852336667, 47.109568157583936 ], [ 27.770843602135301, 47.108819676818271 ], [ 27.780016245502829, 47.106349672137476 ], [ 27.782031631173453, 47.109646609563335 ], [ 27.782067182669387, 47.110270104326879 ], [ 27.782939960512575, 47.110555823244141 ], [ 27.783555175771372, 47.111193020985795 ], [ 27.784359933146959, 47.110479237342894 ], [ 27.785027630288731, 47.110438199032281 ], [ 27.787585722711501, 47.11285083827309 ], [ 27.788783839348373, 47.112538395529775 ], [ 27.788931514910562, 47.111363478401387 ], [ 27.78952328404127, 47.111198831437434 ], [ 27.78991626270987, 47.11194472306012 ], [ 27.789028925946493, 47.113507165125775 ], [ 27.791903417230333, 47.114152305958136 ], [ 27.792364470653322, 47.115275465333447 ], [ 27.793578488261868, 47.115567926617707 ], [ 27.797547270058253, 47.114468304407666 ], [ 27.798919387213132, 47.113101665091733 ], [ 27.799191296944894, 47.112087517489215 ], [ 27.801116510350205, 47.110420941530819 ], [ 27.803828833767163, 47.109830525340207 ], [ 27.803952540388917, 47.111331918540138 ], [ 27.80506370487322, 47.111879054059195 ], [ 27.807934884586516, 47.111025228848938 ], [ 27.808400002106993, 47.109656456436724 ], [ 27.807495185464497, 47.108075530707865 ], [ 27.808087508492086, 47.106148408624399 ], [ 27.810584721908402, 47.106094861368341 ], [ 27.811938284204807, 47.105530800956302 ], [ 27.814294116093112, 47.105894963149652 ], [ 27.815213058749805, 47.10513084396031 ], [ 27.816713050444694, 47.106130453229355 ], [ 27.818709766093637, 47.108578396714279 ] ] ] } },
{ "type": "Feature", "properties": { "siruta_uat": "96423", "canonical_name": "Costuleni", "name": "COSTULENI", "natLevName": "Comuna", "resOfAut": "COSTULENI", "zmi_member": true, "zmi_role": "comuna", "Shape_Leng": 46515.136726600002, "Shape_Area": 69909031.319199994 }, "geometry": { "type": "Polygon", "coordinates": [ [ [ 27.960733549099647, 47.01338713051905 ], [ 27.962580415159611, 47.012078374323409 ], [ 27.958022999720445, 47.007275930068694 ], [ 27.954542698918107, 47.002823966330602 ], [ 27.953141174304495, 47.003869614859099 ], [ 27.945372742655941, 47.005938154362923 ], [ 27.943688423927622, 47.006647762393413 ], [ 27.91780471265962, 46.988011296249404 ], [ 27.918205860638576, 46.987651110421375 ], [ 27.907008606196335, 46.980092801236907 ], [ 27.897364572663243, 46.972951533079588 ], [ 27.897452128977889, 46.972644365876356 ], [ 27.896562018342255, 46.97229474390037 ], [ 27.896292556343319, 46.972457518572668 ], [ 27.895245944921641, 46.971798135223246 ], [ 27.895173043247993, 46.97140523595359 ], [ 27.893158544651936, 46.970195808742936 ], [ 27.884797577929035, 46.963365618128961 ], [ 27.879272483537292, 46.959826811315267 ], [ 27.874437776300354, 46.956242573103424 ], [ 27.872760987589018, 46.957880710593948 ], [ 27.870181975738436, 46.958929357556158 ], [ 27.86863494430424, 46.960450625839961 ], [ 27.867184335477361, 46.962753220415976 ], [ 27.866016721197024, 46.96374420701671 ], [ 27.863029006223069, 46.964352327515932 ], [ 27.861517947865796, 46.965179105236786 ], [ 27.858971955125341, 46.967947684812721 ], [ 27.858813013385166, 46.969926777601316 ], [ 27.855542263502098, 46.968662148715396 ], [ 27.854071533136128, 46.971022018326735 ], [ 27.852870327802794, 46.97171139731639 ], [ 27.85210253531546, 46.971818086163353 ], [ 27.848553516276009, 46.971084778573967 ], [ 27.847764547389684, 46.973131404085905 ], [ 27.845904061420434, 46.974742695103451 ], [ 27.844973638117398, 46.976111841639515 ], [ 27.839499306305889, 46.979844071810916 ], [ 27.838869380780039, 46.980809301630188 ], [ 27.8172390178641, 46.972748505860615 ], [ 27.814121159870883, 46.972676918731757 ], [ 27.813933509307372, 46.972062041100934 ], [ 27.812744625209213, 46.972496938260491 ], [ 27.812817412650613, 46.973400481106161 ], [ 27.812183660928525, 46.97456820488032 ], [ 27.812233393798557, 46.977109121794733 ], [ 27.811196945331023, 46.98401540883421 ], [ 27.812025776540953, 46.988049616842567 ], [ 27.808184845789654, 46.98835979986287 ], [ 27.807904233116759, 46.989532603172222 ], [ 27.808489212241067, 46.990192205249762 ], [ 27.809705938961542, 46.990345291105108 ], [ 27.810349441996816, 46.991164228658448 ], [ 27.812090158706013, 46.991962957756307 ], [ 27.811944414582591, 46.992791425559702 ], [ 27.812577897514345, 46.993169802381779 ], [ 27.812769558544026, 46.994576279582603 ], [ 27.811984403749307, 46.995156754794529 ], [ 27.809731870829367, 46.995343117831531 ], [ 27.809459639483951, 46.997323443106708 ], [ 27.811055166290512, 47.000632958021995 ], [ 27.812810912413234, 47.001585089322091 ], [ 27.812022024695739, 47.004088687491837 ], [ 27.809092734111214, 47.002892788707967 ], [ 27.806687641740314, 47.003065333888266 ], [ 27.805127049085289, 47.002171903207099 ], [ 27.8040571647329, 47.003842014049013 ], [ 27.810377924052126, 47.006465517984232 ], [ 27.80912766303036, 47.007514066899525 ], [ 27.806569410307812, 47.008716888460761 ], [ 27.806798609167917, 47.009184736970411 ], [ 27.80852737067033, 47.010231362290142 ], [ 27.809476386063963, 47.012168075457282 ], [ 27.811587712809509, 47.013335738304548 ], [ 27.801502870426503, 47.030740409318291 ], [ 27.804218421438229, 47.032764652671595 ], [ 27.809709596423598, 47.034262722052439 ], [ 27.817347308947429, 47.039377568295116 ], [ 27.820130812921313, 47.038407359140535 ], [ 27.823597000495173, 47.041995007494585 ], [ 27.821741785724861, 47.042605673725916 ], [ 27.823309562146314, 47.044432539918233 ], [ 27.8249143985683, 47.043726620875745 ], [ 27.824834418747081, 47.044139775474925 ], [ 27.825742304978665, 47.044678125168893 ], [ 27.827254516339433, 47.044452677201086 ], [ 27.827344628768294, 47.044975299044147 ], [ 27.82905421093918, 47.045038520529829 ], [ 27.828764288637068, 47.046921060756247 ], [ 27.843620414458577, 47.054269789321467 ], [ 27.843670299603112, 47.055141733821934 ], [ 27.843776414960075, 47.055452716427837 ], [ 27.843951280400582, 47.055593539518618 ], [ 27.843795180215871, 47.054827618200925 ], [ 27.844590648255426, 47.054291042986122 ], [ 27.846210080576647, 47.054121584785079 ], [ 27.848742694726951, 47.054619192994338 ], [ 27.849500848319874, 47.05401613160376 ], [ 27.848815389155114, 47.053324656489387 ], [ 27.846951883755612, 47.052591941615667 ], [ 27.84436889033778, 47.05265176596771 ], [ 27.843776699381877, 47.05229286284569 ], [ 27.843608633067337, 47.051499030124347 ], [ 27.844953160529027, 47.047555333809541 ], [ 27.847913268815521, 47.047269324129196 ], [ 27.85027927380516, 47.047648707030341 ], [ 27.850654016556014, 47.047018407547135 ], [ 27.849037247475451, 47.045721540944243 ], [ 27.848989275032032, 47.044907416495406 ], [ 27.85022257579611, 47.044452493035614 ], [ 27.852277795663881, 47.04509735868433 ], [ 27.853200300047266, 47.044868172771551 ], [ 27.854199335363166, 47.043135003241723 ], [ 27.853371432977394, 47.042124513381594 ], [ 27.853569008300422, 47.041182660756576 ], [ 27.854686731115468, 47.04071607234016 ], [ 27.857930872518569, 47.040684967393283 ], [ 27.858473315140056, 47.040318718321487 ], [ 27.8590015353751, 47.038688937839432 ], [ 27.860093957129102, 47.038061770999391 ], [ 27.86262020905907, 47.03730454150989 ], [ 27.865663744563861, 47.038762336034168 ], [ 27.86823088491872, 47.038271119729743 ], [ 27.868636884844285, 47.037425378266043 ], [ 27.869798196687938, 47.03669880218532 ], [ 27.874622197160658, 47.035456445984423 ], [ 27.878332068131542, 47.036328074314667 ], [ 27.880824373668492, 47.037940091656793 ], [ 27.883910920274662, 47.038333362777472 ], [ 27.884608170582659, 47.0379866552409 ], [ 27.884727444230613, 47.037257375210118 ], [ 27.885458085607386, 47.036588657733468 ], [ 27.886182355347714, 47.036404612745578 ], [ 27.88835494113447, 47.036945664080648 ], [ 27.890239234616004, 47.036049796013053 ], [ 27.889499730284836, 47.034780835901167 ], [ 27.889384180199869, 47.033634503147894 ], [ 27.888216251990393, 47.032836935300395 ], [ 27.890327549989319, 47.030571445654168 ], [ 27.891654306478749, 47.029604881420987 ], [ 27.893488876631462, 47.030061385755843 ], [ 27.895909255106499, 47.029013389892491 ], [ 27.898150746907604, 47.030941729859499 ], [ 27.899223222378996, 47.031459547455121 ], [ 27.900409847091922, 47.031408265215426 ], [ 27.90195942279848, 47.030877159094487 ], [ 27.902906265811126, 47.032044135091866 ], [ 27.904337701482532, 47.032644030069676 ], [ 27.907495688537978, 47.032238367062654 ], [ 27.907987033168347, 47.033380612518066 ], [ 27.909753660258886, 47.033543113410204 ], [ 27.910404930501141, 47.034049638066712 ], [ 27.910798247501969, 47.035404258197815 ], [ 27.911860365345714, 47.035416847315815 ], [ 27.913932803643473, 47.034608107461921 ], [ 27.913876192040043, 47.033277937983428 ], [ 27.914852215155737, 47.032843015788849 ], [ 27.916554975408555, 47.031075756820805 ], [ 27.916131375631444, 47.029774180795897 ], [ 27.916716850141757, 47.029020661379434 ], [ 27.917909154915201, 47.028590443207946 ], [ 27.917507060663741, 47.027882434675185 ], [ 27.917605506674491, 47.026816849644739 ], [ 27.918663422078385, 47.026259978417201 ], [ 27.920230953089153, 47.02632034947915 ], [ 27.921352067225108, 47.024047542098153 ], [ 27.924277103654948, 47.02373563163647 ], [ 27.925574442537709, 47.024532351483572 ], [ 27.926443916830291, 47.02460482008285 ], [ 27.92972937258352, 47.022125975010447 ], [ 27.934775313977674, 47.02182397834018 ], [ 27.936452036293343, 47.022395937955302 ], [ 27.93761356468455, 47.023367601704578 ], [ 27.938735622922245, 47.023641099197093 ], [ 27.941878123311472, 47.023477572882591 ], [ 27.944033072720863, 47.022724053056912 ], [ 27.94593157121038, 47.023583675842914 ], [ 27.948686332773729, 47.023516682830234 ], [ 27.94928751180144, 47.023165035560552 ], [ 27.950303934648289, 47.021511341342844 ], [ 27.951665216926326, 47.021432437314971 ], [ 27.952408345097584, 47.021099094046285 ], [ 27.952434909586671, 47.020069848256632 ], [ 27.955983374326081, 47.019772364471514 ], [ 27.959490660686086, 47.018159596519425 ], [ 27.959340692834335, 47.016562753316109 ], [ 27.960733549099647, 47.01338713051905 ] ] ] } },
{ "type": "Feature", "properties": { "siruta_uat": "96888", "canonical_name": "Dobrovăţ", "name": "DOBROVĂŢ", "natLevName": "Comuna", "resOfAut": "DOBROVĂŢ", "zmi_member": true, "zmi_role": "comuna", "Shape_Leng": 72429.125767499994, "Shape_Area": 92593106.268900007 }, "geometry": { "type": "Polygon", "coordinates": [ [ [ 27.771204479289878, 46.952764448013987 ], [ 27.770441097816075, 46.942029477911341 ], [ 27.769232274957698, 46.9383729369492 ], [ 27.769528157323954, 46.933661309269134 ], [ 27.770140618549028, 46.93212104824881 ], [ 27.772755750124055, 46.928606804775917 ], [ 27.77655985400127, 46.925029643945123 ], [ 27.777155280072961, 46.918010326327135 ], [ 27.777933047863762, 46.915340564942106 ], [ 27.781640505142398, 46.90837584890695 ], [ 27.783998713125943, 46.906672328492455 ], [ 27.784202187896383, 46.904280158490607 ], [ 27.782448953473587, 46.897950035967931 ], [ 27.784239428311469, 46.892623843278514 ], [ 27.786307707515867, 46.889756578603482 ], [ 27.78962393510292, 46.887348321049643 ], [ 27.7904732583061, 46.885933109713775 ], [ 27.790880133933342, 46.878102530924181 ], [ 27.791638591461471, 46.874281358159678 ], [ 27.787290296197366, 46.873188645687527 ], [ 27.785941807511534, 46.875216228234493 ], [ 27.785872924767546, 46.882666293771159 ], [ 27.78308929924491, 46.881333971380258 ], [ 27.782862595771682, 46.878698198864157 ], [ 27.782351114078654, 46.878085004792197 ], [ 27.779241212272318, 46.877403652058625 ], [ 27.77935292325424, 46.879544000119637 ], [ 27.776572459430493, 46.878739015495491 ], [ 27.773658545842391, 46.876515190228673 ], [ 27.768481059653755, 46.876230913557926 ], [ 27.768501585909551, 46.882867570624548 ], [ 27.764513317025902, 46.881510441111629 ], [ 27.759415011483796, 46.887151531314416 ], [ 27.758989940433938, 46.887009647290483 ], [ 27.758016408261078, 46.887758396382374 ], [ 27.752529331930379, 46.893766077326582 ], [ 27.753491615822242, 46.894176962576687 ], [ 27.753041458006905, 46.894672372199032 ], [ 27.748827293381868, 46.89902952013216 ], [ 27.748495630438004, 46.8992179670404 ], [ 27.747783453061601, 46.898850066727789 ], [ 27.744507582422369, 46.902407051520427 ], [ 27.740052387078634, 46.910245588563363 ], [ 27.739272350197009, 46.913969356049222 ], [ 27.739640749049023, 46.915246809126486 ], [ 27.739422622128878, 46.916687695037268 ], [ 27.737093921640717, 46.916105053361385 ], [ 27.732907659018, 46.922235562332226 ], [ 27.72463954713113, 46.919961759976893 ], [ 27.719817276370843, 46.927275866224512 ], [ 27.715065716467056, 46.932266580437556 ], [ 27.710481672237226, 46.931135645214574 ], [ 27.706374716903895, 46.937593058614581 ], [ 27.705319741761514, 46.940055385550984 ], [ 27.69924853296304, 46.938461527292461 ], [ 27.697507423056582, 46.938526359407042 ], [ 27.69583176825202, 46.938207700501252 ], [ 27.695172200356197, 46.937473722039364 ], [ 27.693606304967243, 46.937113459611552 ], [ 27.691813665158683, 46.942036184496622 ], [ 27.687711712169861, 46.947282575002539 ], [ 27.687596760954449, 46.949384674543268 ], [ 27.686731261231557, 46.951145174456983 ], [ 27.685371540477224, 46.952297086366947 ], [ 27.683372046830403, 46.955092045984181 ], [ 27.67680677082981, 46.958462782573037 ], [ 27.674003872198995, 46.961281855727009 ], [ 27.667663512066341, 46.965349310451444 ], [ 27.663329208402526, 46.969444330346015 ], [ 27.662482185546502, 46.971062516331102 ], [ 27.660494794127324, 46.973167254198223 ], [ 27.658355954076793, 46.974734545874618 ], [ 27.656200560901041, 46.976003436365289 ], [ 27.654687991777557, 46.976431578235925 ], [ 27.65300007912192, 46.976200051044174 ], [ 27.650922534534544, 46.975342486182761 ], [ 27.647627964856607, 46.976466683882798 ], [ 27.645962595425239, 46.976471622300267 ], [ 27.64436184701113, 46.976086952714851 ], [ 27.640836136893853, 46.976250318691321 ], [ 27.637883427419698, 46.976977297559358 ], [ 27.636872834309788, 46.977713046998609 ], [ 27.632111405722831, 46.98316798614227 ], [ 27.631254222404362, 46.984938221910426 ], [ 27.632295662623093, 46.985521330840477 ], [ 27.632056549844197, 46.986145573032857 ], [ 27.630918876884703, 46.987301191924907 ], [ 27.630597931307317, 46.987149858842457 ], [ 27.630330787058568, 46.987403360082418 ], [ 27.629510739233407, 46.988787019093238 ], [ 27.625661397573996, 46.988942091600983 ], [ 27.621294720512402, 46.991648722371544 ], [ 27.618228949221212, 46.986896865496966 ], [ 27.616641616492306, 46.988071856987524 ], [ 27.61620179119485, 46.989023741860706 ], [ 27.615770646409317, 46.988942278340396 ], [ 27.613629892758404, 46.989689449709985 ], [ 27.611333881162917, 46.988435681467806 ], [ 27.610950648346964, 46.98792728181688 ], [ 27.608899447718183, 46.987514530779144 ], [ 27.603244256857561, 46.991815352624307 ], [ 27.602185001434854, 46.991543135075432 ], [ 27.601667634453989, 46.992262805986222 ], [ 27.601902335977755, 46.992620958873545 ], [ 27.601056293873512, 46.992972146158586 ], [ 27.595814347640943, 47.000414302080536 ], [ 27.596400374234495, 47.000731435340157 ], [ 27.596442652650119, 47.0021661648519 ], [ 27.594979662792944, 47.002389390541147 ], [ 27.593802203148883, 47.001933586462989 ], [ 27.591252256847991, 47.003340408620723 ], [ 27.589803639220598, 47.00509494536665 ], [ 27.587922919042992, 47.006481349271652 ], [ 27.585092658514377, 47.007005674588669 ], [ 27.583905929370829, 47.007522290125323 ], [ 27.584062696021295, 47.008218212900935 ], [ 27.582877039781298, 47.012298354196936 ], [ 27.583972430233533, 47.014312008891835 ], [ 27.5878285284351, 47.016344617914839 ], [ 27.589061719686278, 47.018043391019262 ], [ 27.595841152836197, 47.013943712492917 ], [ 27.600898854690435, 47.011888515370728 ], [ 27.600710129940396, 47.011120624247539 ], [ 27.601659958399573, 47.01010756350194 ], [ 27.602895182388909, 47.010155507648363 ], [ 27.605036858012056, 47.008918970861828 ], [ 27.606437192275031, 47.009006284180394 ], [ 27.607654485218703, 47.008314078415751 ], [ 27.608986201740564, 47.008333111788197 ], [ 27.609241965335151, 47.007896386520805 ], [ 27.60975060047905, 47.009122606254437 ], [ 27.609290858780124, 47.010041954001842 ], [ 27.609647822754209, 47.011629902674329 ], [ 27.617024976254523, 47.015098128738572 ], [ 27.628416901870846, 47.01033347165383 ], [ 27.636296060089737, 47.004598703263639 ], [ 27.637465810753238, 47.004821667791546 ], [ 27.640186601436511, 47.00416241110814 ], [ 27.64235891688568, 47.004388846141936 ], [ 27.643527900486532, 47.004065104421358 ], [ 27.645491593202895, 47.004496991611958 ], [ 27.648278509997198, 47.006021662407676 ], [ 27.646951389043696, 47.007103457615599 ], [ 27.6477360275126, 47.007565842238265 ], [ 27.646416066832483, 47.008128359904553 ], [ 27.646633526763182, 47.008659839622062 ], [ 27.647217155310251, 47.008441924996234 ], [ 27.647440215930711, 47.00875843103244 ], [ 27.647004341730419, 47.008730351286594 ], [ 27.646854375430227, 47.009271912196418 ], [ 27.645760955947996, 47.009597373623841 ], [ 27.645948955339225, 47.01012156517541 ], [ 27.645166389855103, 47.010283214010983 ], [ 27.645549274446328, 47.011098364196762 ], [ 27.644496006912775, 47.011107615457576 ], [ 27.644349994159896, 47.012609410914628 ], [ 27.64571133853158, 47.012778794523832 ], [ 27.647427417650515, 47.011823610476497 ], [ 27.649237974572788, 47.012820100084816 ], [ 27.648142447911781, 47.014304389420467 ], [ 27.647527048031829, 47.016441273223123 ], [ 27.645450702977357, 47.017628069157404 ], [ 27.643885287790287, 47.019090836084537 ], [ 27.641237587461017, 47.0182052868429 ], [ 27.639129395529157, 47.017996347466479 ], [ 27.63649085233369, 47.020349453512338 ], [ 27.633381381753729, 47.021019780077559 ], [ 27.630956490605953, 47.021939462003097 ], [ 27.628212703890668, 47.021531377217549 ], [ 27.62775873726633, 47.020850137398988 ], [ 27.622802494345724, 47.022744851612401 ], [ 27.621608860116208, 47.022708564586893 ], [ 27.617699307299784, 47.024383993587463 ], [ 27.615439078891647, 47.027065916789731 ], [ 27.611995388921091, 47.027284110609209 ], [ 27.60620842272823, 47.026064722407625 ], [ 27.604119148758073, 47.025968789919737 ], [ 27.604620153729847, 47.026923212050804 ], [ 27.60646737098963, 47.027759151702647 ], [ 27.611392761686091, 47.031243393328204 ], [ 27.614888897062205, 47.032301566555653 ], [ 27.616201069891176, 47.034323052260106 ], [ 27.617682142692338, 47.035628002626353 ], [ 27.61814732696703, 47.036500295724942 ], [ 27.617937081086797, 47.037118914746614 ], [ 27.618758622451555, 47.037717492019119 ], [ 27.618524616793003, 47.038090030336917 ], [ 27.619653906420435, 47.037689136728758 ], [ 27.620194029049323, 47.037811377781523 ], [ 27.624714919756016, 47.040437528353564 ], [ 27.631237994556635, 47.038997048109366 ], [ 27.639801547942668, 47.037969892340989 ], [ 27.641487048449708, 47.038034906462471 ], [ 27.642873689849651, 47.037419626883604 ], [ 27.644090306497603, 47.037359689439342 ], [ 27.645237367442515, 47.036647514778686 ], [ 27.649257709484019, 47.039039667770012 ], [ 27.650414334808165, 47.040641626603282 ], [ 27.652991050873005, 47.042005756565295 ], [ 27.657332406615744, 47.039112707346192 ], [ 27.665037257408997, 47.036027384046974 ], [ 27.668182911547454, 47.03354471276608 ], [ 27.670719766251803, 47.032057306371563 ], [ 27.672689841283905, 47.030373142683217 ], [ 27.67372356603126, 47.02809607870288 ], [ 27.675681189282678, 47.025610538580722 ], [ 27.679337590897241, 47.022437105192168 ], [ 27.679633997174687, 47.021652121337986 ], [ 27.681984255732086, 47.021625015606205 ], [ 27.684415315922941, 47.022196302761543 ], [ 27.686224335176671, 47.022015448401859 ], [ 27.687188401889134, 47.021452698630448 ], [ 27.690342583199442, 47.017160737847604 ], [ 27.696961127338536, 47.012905947373888 ], [ 27.698971006653359, 47.010493805689691 ], [ 27.702996493507637, 47.009464874243875 ], [ 27.707644002624768, 47.00927752786513 ], [ 27.710484700964955, 47.008925619626538 ], [ 27.711189914572181, 47.008586349276896 ], [ 27.712774401553503, 47.00714401295734 ], [ 27.712239884543258, 47.00702409219106 ], [ 27.713396491042801, 47.00504810747092 ], [ 27.713443389328177, 47.00335095839943 ], [ 27.71550282369218, 47.00174754134121 ], [ 27.718127003316553, 47.000604741408495 ], [ 27.719131770422468, 46.999059524070589 ], [ 27.718693815392449, 46.996176083336259 ], [ 27.71785661320828, 46.995480566570855 ], [ 27.718433459906592, 46.993198450013764 ], [ 27.719063708501196, 46.992819107138047 ], [ 27.719047037963129, 46.991396494020755 ], [ 27.718511728654718, 46.990703578687345 ], [ 27.718703247414926, 46.988919493733 ], [ 27.71992534750153, 46.987415902380889 ], [ 27.723825616818353, 46.984966006449852 ], [ 27.726742376215313, 46.984098530853863 ], [ 27.727786390439295, 46.982998906079715 ], [ 27.72888930081039, 46.980168315280125 ], [ 27.729643836117191, 46.979338667346461 ], [ 27.734225279067143, 46.977282318410779 ], [ 27.736235629529578, 46.975146273570445 ], [ 27.74112506068483, 46.972460300665936 ], [ 27.743398027518431, 46.97291063045607 ], [ 27.747463340426112, 46.971156306840456 ], [ 27.75217405664068, 46.966119483089045 ], [ 27.754808459342723, 46.961227492363903 ], [ 27.757355541124706, 46.958492442206307 ], [ 27.759544874244522, 46.957960470779611 ], [ 27.761823935659333, 46.956965094338265 ], [ 27.76238361621402, 46.957207603318317 ], [ 27.764564969365548, 46.956389045138856 ], [ 27.766534103967608, 46.956305413283161 ], [ 27.767834832580409, 46.9550567821626 ], [ 27.768698722297355, 46.955853776789027 ], [ 27.769399993965326, 46.955360049232596 ], [ 27.771204479289878, 46.952764448013987 ] ] ] } },
{ "type": "Feature", "properties": { "siruta_uat": "97090", "canonical_name": "Golăieşti", "name": "GOLĂIEŞTI", "natLevName": "Comuna", "resOfAut": "GOLĂIEŞTI", "zmi_member": true, "zmi_role": "comuna", "Shape_Leng": 45109.178852500001, "Shape_Area": 53968993.554300003 }, "geometry": { "type": "Polygon", "coordinates": [ [ [ 27.745855701319858, 47.24159652285995 ], [ 27.741732411331789, 47.241440399016277 ], [ 27.740246748685269, 47.242463427407586 ], [ 27.738297715733584, 47.242122544441671 ], [ 27.736026209497719, 47.242361443547225 ], [ 27.73381340720892, 47.240563747246711 ], [ 27.732177981686341, 47.23969785894451 ], [ 27.731364464872591, 47.239908618200751 ], [ 27.719763803842312, 47.233947525877788 ], [ 27.701277067364398, 47.226560668899651 ], [ 27.699529200740255, 47.225292244444091 ], [ 27.697363950899192, 47.224669929998143 ], [ 27.697603331509338, 47.22410802641285 ], [ 27.695875296179619, 47.223910396686911 ], [ 27.689707621681809, 47.220841303650793 ], [ 27.683211360554061, 47.219842498199796 ], [ 27.673869705261509, 47.230567249394056 ], [ 27.671611107509818, 47.230333193495113 ], [ 27.670514937649273, 47.233646341179018 ], [ 27.669182618734776, 47.232994112913879 ], [ 27.659761894444294, 47.237184537466661 ], [ 27.65722023811232, 47.238790063054935 ], [ 27.658187028954572, 47.23997113643604 ], [ 27.646366208373923, 47.246626992135432 ], [ 27.649196418918134, 47.248311196892566 ], [ 27.648930624461265, 47.248485567075569 ], [ 27.650681618859224, 47.249296759204782 ], [ 27.648001882762156, 47.251317045037318 ], [ 27.652051270652731, 47.253139356615044 ], [ 27.651169876398555, 47.253849196915048 ], [ 27.649943469094797, 47.254044474689465 ], [ 27.647932834068779, 47.255136464721076 ], [ 27.646925589310413, 47.255213302166382 ], [ 27.645249389959343, 47.256564117273946 ], [ 27.639859534044337, 47.253239408311366 ], [ 27.638178628940569, 47.255176258379628 ], [ 27.636289083086112, 47.254737008196756 ], [ 27.635305755982291, 47.254974491870144 ], [ 27.633736236025875, 47.254354633447299 ], [ 27.631042937995527, 47.253843538531719 ], [ 27.630761916645703, 47.254960183957444 ], [ 27.630282263671713, 47.25532332204623 ], [ 27.627628242228038, 47.253855893269815 ], [ 27.625026465862128, 47.252982652389498 ], [ 27.621307765692727, 47.251190772185552 ], [ 27.618412200258788, 47.255954644730146 ], [ 27.623095906711587, 47.258940686352894 ], [ 27.626836744688894, 47.260871029269587 ], [ 27.626807452090695, 47.261490153000551 ], [ 27.631706351680613, 47.264319911953372 ], [ 27.63086238609846, 47.264852454532104 ], [ 27.63830346976804, 47.270411668626387 ], [ 27.639162127207733, 47.272450297048302 ], [ 27.64240707707874, 47.276561796320131 ], [ 27.642877012738495, 47.276992863996412 ], [ 27.644620429078227, 47.277153479399622 ], [ 27.644922350304494, 47.279198628102257 ], [ 27.647667522924195, 47.28143561195207 ], [ 27.652898613079085, 47.287374032410071 ], [ 27.651975772960188, 47.287983938605372 ], [ 27.65467921691118, 47.291335499316453 ], [ 27.657318102601423, 47.294131771409482 ], [ 27.657830211886669, 47.293930414994477 ], [ 27.662170860026126, 47.299568489536689 ], [ 27.666781299193996, 47.303693868715513 ], [ 27.667158013372543, 47.303905466963734 ], [ 27.669329109713342, 47.300736958856632 ], [ 27.671254251018158, 47.299557517181725 ], [ 27.673532153562341, 47.29927819034797 ], [ 27.675490665350669, 47.300318964133474 ], [ 27.676206607588753, 47.301329295044532 ], [ 27.676768289801785, 47.304235282071865 ], [ 27.676449715512064, 47.305740564409909 ], [ 27.6746400164797, 47.308096679117575 ], [ 27.674440635131067, 47.309159447264427 ], [ 27.675197262321127, 47.310004303508002 ], [ 27.676320299518853, 47.310047055547827 ], [ 27.679021610426719, 47.309442195789529 ], [ 27.679712209003618, 47.309117014132312 ], [ 27.68007294687126, 47.308455897038556 ], [ 27.680588492996108, 47.304986038578704 ], [ 27.679550768481153, 47.300285457584884 ], [ 27.679655243625245, 47.298384858447974 ], [ 27.681410666803814, 47.297065975524227 ], [ 27.684392802646734, 47.296941894957968 ], [ 27.684887005578073, 47.296574421118457 ], [ 27.683032628917449, 47.293461186776533 ], [ 27.682652258467655, 47.29060224400785 ], [ 27.682925809593229, 47.28738027289593 ], [ 27.684092263993087, 47.285477384513563 ], [ 27.685831676246185, 47.284379080974354 ], [ 27.687289286423841, 47.28446206385069 ], [ 27.688322088658595, 47.285936015234114 ], [ 27.688401838167064, 47.288610023426422 ], [ 27.689401092783747, 47.291133108212371 ], [ 27.690162675387075, 47.291651365513857 ], [ 27.692349419113324, 47.291891087778062 ], [ 27.694855364108268, 47.291545163896131 ], [ 27.70339648704546, 47.289375258796163 ], [ 27.704529928389839, 47.289231971524295 ], [ 27.70615070619391, 47.289544531436299 ], [ 27.706526381738804, 47.290587051545799 ], [ 27.703542666885895, 47.294874007201237 ], [ 27.702852010619722, 47.297730968026748 ], [ 27.703409864324854, 47.299266986247872 ], [ 27.704154957381927, 47.299841888010995 ], [ 27.705228755347129, 47.300073921854128 ], [ 27.708483368870585, 47.300031051185535 ], [ 27.712314921431883, 47.298955074770333 ], [ 27.714439840683145, 47.297724398888811 ], [ 27.716809785094728, 47.295025603206426 ], [ 27.718980102701472, 47.29351355272513 ], [ 27.720252735787795, 47.293381411963466 ], [ 27.721366613971842, 47.293643003742403 ], [ 27.724031227999177, 47.29482404289066 ], [ 27.726865974966497, 47.295477503234927 ], [ 27.728488607508787, 47.295026993657174 ], [ 27.729535481826819, 47.293988371357599 ], [ 27.732555307158663, 47.292344937548727 ], [ 27.735420589891692, 47.288922476723975 ], [ 27.737993973057758, 47.284911074681062 ], [ 27.738979226552829, 47.2799969980965 ], [ 27.737502490190032, 47.277218179530664 ], [ 27.73737974098675, 47.276439461994798 ], [ 27.737851474113857, 47.275513437730027 ], [ 27.739496845245334, 47.275278420796738 ], [ 27.744640414104403, 47.277582015303381 ], [ 27.746835549663196, 47.277477631523404 ], [ 27.748137146599337, 47.27665956015187 ], [ 27.748142236230468, 47.2735033584066 ], [ 27.747485296525976, 47.271711784171984 ], [ 27.745080117619185, 47.268342183993973 ], [ 27.744250069295813, 47.26606593993953 ], [ 27.744267318241775, 47.264825385705969 ], [ 27.745207214995588, 47.263813612459231 ], [ 27.746976354297352, 47.262762523682127 ], [ 27.750944925796347, 47.261167587637537 ], [ 27.756374530189436, 47.259537468690745 ], [ 27.757429433966099, 47.259058827141644 ], [ 27.758614772705872, 47.257773515114927 ], [ 27.758755111845019, 47.257011864728433 ], [ 27.758228625993606, 47.256452685147664 ], [ 27.756711247205306, 47.255832613050679 ], [ 27.75186681982192, 47.255791598054643 ], [ 27.748300650085081, 47.257966411302334 ], [ 27.743791809288492, 47.257600062750932 ], [ 27.742172257376676, 47.256844892172566 ], [ 27.741937539837039, 47.255805509760435 ], [ 27.742654581769724, 47.253544754957808 ], [ 27.744176309757442, 47.251407734514494 ], [ 27.745802191988371, 47.250975461465593 ], [ 27.746434427574997, 47.251182379828521 ], [ 27.74689964293302, 47.251539852414453 ], [ 27.74694283161962, 47.252976676465657 ], [ 27.747556059220233, 47.253780633155273 ], [ 27.748513380693755, 47.254409790039446 ], [ 27.75013151566176, 47.254885885535806 ], [ 27.751991775532655, 47.254965341065073 ], [ 27.753171754054016, 47.253791887828676 ], [ 27.754388974143502, 47.253529290090405 ], [ 27.755483226288302, 47.25286119036631 ], [ 27.757378530519187, 47.249509753155763 ], [ 27.75631590199642, 47.24742001714651 ], [ 27.755372762582656, 47.246417380813966 ], [ 27.753559316309008, 47.245938143041933 ], [ 27.751983455495033, 47.24609374581285 ], [ 27.750651295586234, 47.246996278634967 ], [ 27.749828429860308, 47.248357977001341 ], [ 27.748500931090842, 47.248639472108678 ], [ 27.744843663181268, 47.245409285303118 ], [ 27.744760887963039, 47.243791176766912 ], [ 27.745855701319858, 47.24159652285995 ] ] ] } },
{ "type": "Feature", "properties": { "siruta_uat": "97241", "canonical_name": "Grajduri", "name": "GRAJDURI", "natLevName": "Comuna", "resOfAut": "GRAJDURI", "zmi_member": true, "zmi_role": "comuna", "Shape_Leng": 36777.9071979, "Shape_Area": 41258016.346199997 }, "geometry": { "type": "Polygon", "coordinates": [ [ [ 27.576150521321825, 47.010046492567042 ], [ 27.585092658514377, 47.007005674588669 ], [ 27.587922919042992, 47.006481349271652 ], [ 27.589803639220598, 47.00509494536665 ], [ 27.591252256847991, 47.003340408620723 ], [ 27.593802203148883, 47.001933586462989 ], [ 27.594979662792944, 47.002389390541147 ], [ 27.596442652650119, 47.0021661648519 ], [ 27.596400374234495, 47.000731435340157 ], [ 27.595814347640943, 47.000414302080536 ], [ 27.601056293873512, 46.992972146158586 ], [ 27.601902335977755, 46.992620958873545 ], [ 27.601667634453989, 46.992262805986222 ], [ 27.602262734841958, 46.991473977643246 ], [ 27.603244256857561, 46.991815352624307 ], [ 27.608899447718183, 46.987514530779144 ], [ 27.610950648346964, 46.98792728181688 ], [ 27.611333881162917, 46.988435681467806 ], [ 27.613629892758404, 46.989689449709985 ], [ 27.615770646409317, 46.988942278340396 ], [ 27.61620179119485, 46.989023741860706 ], [ 27.616641616492306, 46.988071856987524 ], [ 27.618228949221212, 46.986896865496966 ], [ 27.608659309506496, 46.9706565421791 ], [ 27.591808966332458, 46.969718393710615 ], [ 27.588645973314886, 46.966276769642015 ], [ 27.587907526427117, 46.966086636825104 ], [ 27.583175056814127, 46.968112748559811 ], [ 27.580496688477425, 46.970873229685765 ], [ 27.580343045857742, 46.972122571453482 ], [ 27.577273167144828, 46.97089230073113 ], [ 27.576650763947594, 46.970490087437128 ], [ 27.577424516518544, 46.97008649658131 ], [ 27.577332046374426, 46.969556031126857 ], [ 27.577808279994027, 46.969194027802388 ], [ 27.577310085421853, 46.968862055066992 ], [ 27.577664302194325, 46.968372718239351 ], [ 27.577287130374728, 46.968199608018665 ], [ 27.577591994972408, 46.967879104825805 ], [ 27.577295376324745, 46.967605912355417 ], [ 27.577862753976422, 46.96725916019971 ], [ 27.577757491040174, 46.966587185603387 ], [ 27.578145523806629, 46.966476857774872 ], [ 27.578440989102333, 46.965565911849822 ], [ 27.579821360179992, 46.964893871533619 ], [ 27.579507440644431, 46.964537601721197 ], [ 27.579747771279855, 46.964059316980112 ], [ 27.579245431288378, 46.963928222511477 ], [ 27.580063332469333, 46.962859574469434 ], [ 27.579627548100486, 46.962177748747628 ], [ 27.581528750469506, 46.961406258447006 ], [ 27.58146149202037, 46.960049396357775 ], [ 27.582194261364201, 46.958721966511298 ], [ 27.581618333522798, 46.957063585827711 ], [ 27.582413436240333, 46.956180366088518 ], [ 27.58188010515827, 46.954583461357991 ], [ 27.580059601591152, 46.953803063561836 ], [ 27.579483343384553, 46.952942120931731 ], [ 27.577263360318607, 46.953222918385151 ], [ 27.577233148136887, 46.954032806371885 ], [ 27.575048047057816, 46.953817586380744 ], [ 27.574727409963248, 46.955606381780193 ], [ 27.574003270728781, 46.95558595883525 ], [ 27.573380563986625, 46.958632022951186 ], [ 27.57484070968253, 46.961066250386857 ], [ 27.57378679910493, 46.960884535546818 ], [ 27.572168142114325, 46.959750422395118 ], [ 27.571087449966374, 46.95966265839543 ], [ 27.569308188877994, 46.957852970330826 ], [ 27.567367949191958, 46.957377844139209 ], [ 27.567813153386254, 46.956166880814756 ], [ 27.566425428946168, 46.956248914384901 ], [ 27.564638116139559, 46.956790110307992 ], [ 27.565433503191553, 46.955909677420784 ], [ 27.565170715952593, 46.955478023020696 ], [ 27.566127701512141, 46.953773549055036 ], [ 27.565783021837902, 46.95240009084435 ], [ 27.562845877417502, 46.95221269579379 ], [ 27.564235647076025, 46.942684966186064 ], [ 27.560668146006101, 46.941895898750452 ], [ 27.561149111567211, 46.939470026649452 ], [ 27.555739980031756, 46.939121677573013 ], [ 27.555957833176922, 46.93790477676017 ], [ 27.549958027263617, 46.938264696525721 ], [ 27.549981179979742, 46.938587309616345 ], [ 27.549105135673678, 46.93864734252552 ], [ 27.545559319828261, 46.938564427757754 ], [ 27.543490269829643, 46.938971417803224 ], [ 27.542377712622915, 46.938744700360232 ], [ 27.540890174359891, 46.938909715969459 ], [ 27.538653915573288, 46.943510950450367 ], [ 27.533476913996186, 46.948201250369941 ], [ 27.528891399350226, 46.950535135200575 ], [ 27.526348214732469, 46.952577090308878 ], [ 27.52259964600373, 46.956393498833812 ], [ 27.519576855772705, 46.955392083268954 ], [ 27.520540079965507, 46.960492829983004 ], [ 27.51967418053804, 46.962529535572507 ], [ 27.520852425955653, 46.96470169037579 ], [ 27.519306559027768, 46.965209710854431 ], [ 27.518487700211676, 46.966030650342177 ], [ 27.517386200054219, 46.966345546706243 ], [ 27.518112743466755, 46.966778433047359 ], [ 27.517650703609622, 46.968582246936499 ], [ 27.516999478802429, 46.968572895201596 ], [ 27.516787396190647, 46.968299434493673 ], [ 27.515339683882274, 46.968823499991217 ], [ 27.513738867578624, 46.968454121889451 ], [ 27.513405987909113, 46.969544590634463 ], [ 27.511842816862483, 46.969469803497752 ], [ 27.511355866240706, 46.968430295509094 ], [ 27.511533998199798, 46.966703910113459 ], [ 27.509668200404999, 46.966665091342854 ], [ 27.510383577332089, 46.964170872368385 ], [ 27.509603354316663, 46.964195387823544 ], [ 27.508594593121607, 46.963717415504362 ], [ 27.506767351522278, 46.964024815101652 ], [ 27.507140607695682, 46.965468334001926 ], [ 27.508082028001926, 46.965676472557469 ], [ 27.508206648004116, 46.966472755675682 ], [ 27.507137388115375, 46.966797156579105 ], [ 27.505978088158152, 46.96844123956523 ], [ 27.506921510999604, 46.968749101400448 ], [ 27.506627361049521, 46.970068827592101 ], [ 27.507402815640525, 46.970002014411278 ], [ 27.508812265856903, 46.970456652915196 ], [ 27.512525781188867, 46.97227113093188 ], [ 27.514592508541121, 46.972688392194108 ], [ 27.515768880774807, 46.973398997985527 ], [ 27.514591992058989, 46.980049424830497 ], [ 27.516076400002241, 46.982575537711178 ], [ 27.515268734931901, 46.984428478616834 ], [ 27.513271402637848, 46.985779324604515 ], [ 27.51148063221089, 46.989734964494041 ], [ 27.511199806395471, 46.991569581894218 ], [ 27.51117354646524, 46.99275624977296 ], [ 27.511984068531532, 46.994970370104376 ], [ 27.511898316792102, 46.996198252385867 ], [ 27.512674754974075, 46.997812933550456 ], [ 27.513801519734265, 46.99883941411359 ], [ 27.514415704785332, 47.002413061171978 ], [ 27.52094855247838, 47.004917951872493 ], [ 27.522616037200471, 47.00518007757946 ], [ 27.523789242337582, 47.00602766814638 ], [ 27.524844650507521, 47.006322879077075 ], [ 27.527337974338156, 47.006259771454836 ], [ 27.52810178339962, 47.006842490617721 ], [ 27.529337948580576, 47.006605232087701 ], [ 27.531251412435871, 47.007194112388511 ], [ 27.532871465775987, 47.007151652939498 ], [ 27.533375889394687, 47.007669961634292 ], [ 27.534801526165559, 47.007416489883887 ], [ 27.540225666810265, 47.008236808926078 ], [ 27.541444724945887, 47.009002968057906 ], [ 27.542061289032382, 47.009899419831065 ], [ 27.547803959050487, 47.008718571705536 ], [ 27.54847293665626, 47.009645690913572 ], [ 27.549714644068736, 47.00982720432696 ], [ 27.552476078496312, 47.008743687033686 ], [ 27.556387491461109, 47.011074541022765 ], [ 27.558223957113441, 47.011509095812507 ], [ 27.559712342669552, 47.011327467613626 ], [ 27.558559820980527, 47.010707467276568 ], [ 27.558329566777601, 47.010101548253694 ], [ 27.560803773051429, 47.008977777465404 ], [ 27.562346151105629, 47.006589086392431 ], [ 27.562978420260013, 47.006223950605118 ], [ 27.572332611233247, 47.008278740165345 ], [ 27.576150521321825, 47.010046492567042 ] ] ] } },
{ "type": "Feature", "properties": { "siruta_uat": "95159", "canonical_name": "Holboca", "name": "HOLBOCA", "natLevName": "Comuna", "resOfAut": "HOLBOCA", "zmi_member": true, "zmi_role": "comuna", "Shape_Leng": 44190.499097499996, "Shape_Area": 50020656.860600002 }, "geometry": { "type": "Polygon", "coordinates": [ [ [ 27.676981316603278, 47.227314394698872 ], [ 27.679384681793088, 47.224042083493693 ], [ 27.68024171506389, 47.218525432890935 ], [ 27.681054808756318, 47.217323982472799 ], [ 27.681141337196362, 47.216454042064115 ], [ 27.681981793581908, 47.215653381551483 ], [ 27.681854502761173, 47.213852987770579 ], [ 27.682840119577424, 47.212455169447765 ], [ 27.682836864081779, 47.211311905349838 ], [ 27.682230927656107, 47.21098077762413 ], [ 27.682891132868772, 47.21055378328996 ], [ 27.682956599916629, 47.210079074343035 ], [ 27.68204217938861, 47.208722006230019 ], [ 27.683622894294992, 47.20715797947426 ], [ 27.684250408192295, 47.205518029619448 ], [ 27.68426870237575, 47.203812440128551 ], [ 27.68350738462275, 47.201401560580891 ], [ 27.684525530905816, 47.198911848646688 ], [ 27.684233656392291, 47.198053741991785 ], [ 27.684929416032812, 47.197417490568846 ], [ 27.684938576464766, 47.195794745542003 ], [ 27.685284582579353, 47.195462307931528 ], [ 27.696008123140114, 47.197637574276357 ], [ 27.698401198091471, 47.188106883663586 ], [ 27.70035217130518, 47.183229425152547 ], [ 27.705278145034438, 47.177769694295641 ], [ 27.707572209182604, 47.177985294420509 ], [ 27.706405039974115, 47.179308639322656 ], [ 27.716925682903021, 47.184011900785443 ], [ 27.717430816477531, 47.181986657174647 ], [ 27.7183002416335, 47.181295123290319 ], [ 27.720045497412148, 47.178620531090338 ], [ 27.729181196210781, 47.178932018136059 ], [ 27.727945263853833, 47.178062424167102 ], [ 27.727383602630432, 47.177162767458668 ], [ 27.728627386358173, 47.176756025277193 ], [ 27.728258107440251, 47.176193564973872 ], [ 27.730864979484213, 47.175944768640925 ], [ 27.742419782692085, 47.17367681000384 ], [ 27.743861171154474, 47.173835202896228 ], [ 27.744497854649566, 47.173441325210618 ], [ 27.744606261011715, 47.172604710368368 ], [ 27.743919274210377, 47.172012639265965 ], [ 27.742923342579452, 47.169546522820426 ], [ 27.743427060539638, 47.168858904343324 ], [ 27.744772701331151, 47.168283766863944 ], [ 27.744993885033786, 47.16685801046939 ], [ 27.744230417427339, 47.165249908535365 ], [ 27.743432328186842, 47.164986072362126 ], [ 27.74157732110276, 47.164981332976481 ], [ 27.740885147593087, 47.164245927130267 ], [ 27.741389852456901, 47.162346824482874 ], [ 27.741177840431789, 47.16173362586553 ], [ 27.742172593880493, 47.161014402907234 ], [ 27.74193906699626, 47.159954413817516 ], [ 27.736550291987911, 47.153846596920147 ], [ 27.735827649052954, 47.15238504078313 ], [ 27.733781134654301, 47.149914119433511 ], [ 27.736885921397242, 47.140969099146787 ], [ 27.738157726595944, 47.13893766322807 ], [ 27.737174725810128, 47.136921353323075 ], [ 27.737309607863061, 47.135935625134316 ], [ 27.735864562051461, 47.130887491063653 ], [ 27.736027822254336, 47.130553737541014 ], [ 27.737024880701217, 47.130262839976794 ], [ 27.737393734936433, 47.129019466993334 ], [ 27.729278023324095, 47.131544872942484 ], [ 27.714422271212729, 47.140797095231996 ], [ 27.708457881487941, 47.141126873436633 ], [ 27.696936774777562, 47.141004754866216 ], [ 27.694828312316876, 47.141476732029787 ], [ 27.691952569745304, 47.140633129478914 ], [ 27.68677456521695, 47.148323652758748 ], [ 27.682630265844757, 47.148239413846575 ], [ 27.673530327365636, 47.150629934620483 ], [ 27.668440190704111, 47.151090443279884 ], [ 27.667492760327626, 47.150345883769369 ], [ 27.665588145815327, 47.150873435595656 ], [ 27.665654430330193, 47.151342960570162 ], [ 27.661791228039565, 47.151705111925651 ], [ 27.661720880722246, 47.150739853955393 ], [ 27.655635816847013, 47.151235392920889 ], [ 27.6557108781187, 47.15236526864922 ], [ 27.654293417500181, 47.155315467024543 ], [ 27.653286978730254, 47.155904611402441 ], [ 27.651917584845343, 47.157454927639954 ], [ 27.651144338980185, 47.15752147852988 ], [ 27.649949026999028, 47.15830062648925 ], [ 27.64973495051969, 47.159322441560654 ], [ 27.648948454707654, 47.16023714041097 ], [ 27.64665083259063, 47.160340009524887 ], [ 27.645909103939296, 47.160800801555133 ], [ 27.649116275541576, 47.161826900426291 ], [ 27.650160973073973, 47.163446743810368 ], [ 27.651626014774706, 47.163809154493102 ], [ 27.652700567725294, 47.164591439463578 ], [ 27.653400717945864, 47.166022439255251 ], [ 27.654458955338214, 47.166645528613131 ], [ 27.655563392899218, 47.16813853583816 ], [ 27.655438082990774, 47.170535098834399 ], [ 27.652411224559735, 47.174533798650288 ], [ 27.652687533155522, 47.17887218234516 ], [ 27.652260079914978, 47.180656903560021 ], [ 27.648087489852017, 47.180441843521294 ], [ 27.649134213007375, 47.174768899219153 ], [ 27.645339711158623, 47.170481986075735 ], [ 27.644359942382735, 47.170040598629491 ], [ 27.644010902511528, 47.166871295224205 ], [ 27.642876911394325, 47.166856441712113 ], [ 27.636372223831614, 47.169440512967498 ], [ 27.634085331199476, 47.170904486924371 ], [ 27.634255666509876, 47.171544320165474 ], [ 27.633144472443387, 47.172733865617474 ], [ 27.629828253167659, 47.170989344417933 ], [ 27.628865001706028, 47.172253943516843 ], [ 27.62701311402083, 47.171644647766414 ], [ 27.610012684034114, 47.195425586526341 ], [ 27.624056258309846, 47.197378907970517 ], [ 27.624889266715723, 47.199459674594024 ], [ 27.62838400818131, 47.205165036724175 ], [ 27.630818320630532, 47.208010550244396 ], [ 27.631925563216065, 47.207930618890053 ], [ 27.633073539472036, 47.208272736658913 ], [ 27.632948168602578, 47.208452450786893 ], [ 27.635620851610089, 47.208999920853273 ], [ 27.648131460747859, 47.210744092549248 ], [ 27.653575843667372, 47.211882103264998 ], [ 27.652364597416199, 47.216796654494722 ], [ 27.659475943315257, 47.218434435759555 ], [ 27.659518814547422, 47.218719254426247 ], [ 27.66382632012451, 47.220094746850464 ], [ 27.663625012273386, 47.220443052101992 ], [ 27.666425058890997, 47.221224249426292 ], [ 27.663619583258548, 47.228919641242889 ], [ 27.66749251892405, 47.232061240029395 ], [ 27.670439711446182, 47.233674525101705 ], [ 27.671611107509818, 47.230333193495113 ], [ 27.673869705261509, 47.230567249394056 ], [ 27.676981316603278, 47.227314394698872 ] ] ] } },
{ "type": "Feature", "properties": { "siruta_uat": "97517", "canonical_name": "Horleşti", "name": "HORLEŞTI", "natLevName": "Comuna", "resOfAut": "HORLEŞTI", "zmi_member": true, "zmi_role": "comuna", "Shape_Leng": 55006.498569099997, "Shape_Area": 51416832.585500002 }, "geometry": { "type": "Polygon", "coordinates": [ [ [ 27.444771845123846, 47.143624515623806 ], [ 27.451934196482824, 47.127125413139161 ], [ 27.45250263940585, 47.125206945068761 ], [ 27.450879900311175, 47.125239871018501 ], [ 27.453041596197593, 47.120046265485996 ], [ 27.454629725613728, 47.120145566942732 ], [ 27.457504088818535, 47.11322656111934 ], [ 27.450885715289857, 47.112715804820652 ], [ 27.45405845418443, 47.10691598775356 ], [ 27.455409290594574, 47.103046533003393 ], [ 27.445682440923772, 47.1000531714933 ], [ 27.444568646251764, 47.101007772773286 ], [ 27.443477847505903, 47.100391591661683 ], [ 27.436295912650337, 47.101897978235549 ], [ 27.435085836165175, 47.102702310438815 ], [ 27.431035657579574, 47.106707596389711 ], [ 27.42670606544894, 47.103822647043295 ], [ 27.422423044059439, 47.101484323006375 ], [ 27.420975662004917, 47.106702975018884 ], [ 27.418880250731711, 47.10778465157248 ], [ 27.416963023494706, 47.105541943998759 ], [ 27.411459159260524, 47.112058041989059 ], [ 27.407817301894639, 47.115186346568457 ], [ 27.403058378618102, 47.111002145651653 ], [ 27.393435755792364, 47.103747181792464 ], [ 27.392395143417989, 47.101126697614063 ], [ 27.389700616959722, 47.097413311479031 ], [ 27.386262330901015, 47.094393753309006 ], [ 27.383449090666158, 47.091021887900361 ], [ 27.381031293085229, 47.089538943205838 ], [ 27.381339068125499, 47.088607904125013 ], [ 27.381175038177599, 47.087660016101829 ], [ 27.380596098949276, 47.087224586595347 ], [ 27.380696957170493, 47.086546427857591 ], [ 27.384666463282926, 47.085921469613758 ], [ 27.387336905326354, 47.084889254714248 ], [ 27.385088529795564, 47.082249483203455 ], [ 27.382983903284906, 47.081095260674665 ], [ 27.380642585511257, 47.07548474772301 ], [ 27.378613096028825, 47.073646750405992 ], [ 27.377415624791027, 47.071270381027837 ], [ 27.37748267233842, 47.070721815358809 ], [ 27.37783653660744, 47.071033311271961 ], [ 27.383116564672243, 47.068534052684548 ], [ 27.382501245515638, 47.066725390870921 ], [ 27.381753202003328, 47.066578382057031 ], [ 27.380104515722035, 47.065007287635027 ], [ 27.379949468733809, 47.064458778109042 ], [ 27.382927471340746, 47.061323273023341 ], [ 27.383494478374061, 47.059984830465808 ], [ 27.383506154041363, 47.058378029343558 ], [ 27.381911872810743, 47.055264794828616 ], [ 27.378676456249035, 47.05492324898232 ], [ 27.377364069936412, 47.054431330808001 ], [ 27.376133870960771, 47.053300665559654 ], [ 27.374131189116149, 47.052472877485599 ], [ 27.372918627720217, 47.050531610928431 ], [ 27.367618159880024, 47.053028790679321 ], [ 27.364264692277136, 47.053776618966694 ], [ 27.359510720749178, 47.053663192434136 ], [ 27.357585886064761, 47.054040971880113 ], [ 27.356301396040255, 47.053574676354593 ], [ 27.355486692325393, 47.052672479595785 ], [ 27.35405784847023, 47.052053893392625 ], [ 27.352564717410672, 47.050157194428714 ], [ 27.351854395159503, 47.049999012600026 ], [ 27.349201983492613, 47.051485462542431 ], [ 27.348181919956666, 47.051267381753782 ], [ 27.346737058585749, 47.051848283230974 ], [ 27.34566983447835, 47.051915381344628 ], [ 27.345440342703959, 47.053184173857233 ], [ 27.344554597652412, 47.054321689376906 ], [ 27.338305591306199, 47.054956250080622 ], [ 27.336592636668904, 47.054487754124111 ], [ 27.335863074836585, 47.056699107357325 ], [ 27.337575691458365, 47.061453084426262 ], [ 27.337570385776367, 47.062700478097966 ], [ 27.323607081046404, 47.061592709719974 ], [ 27.323567506680888, 47.06199324410133 ], [ 27.32407650822898, 47.062336944501745 ], [ 27.323817526835828, 47.063142594514552 ], [ 27.32505522073069, 47.064459704540219 ], [ 27.324723156265566, 47.065068031789053 ], [ 27.32548455211008, 47.065944686655456 ], [ 27.32648408967556, 47.06870250984943 ], [ 27.327845644557392, 47.075100954218492 ], [ 27.338762822464162, 47.085012109482761 ], [ 27.341512649824562, 47.084725192474203 ], [ 27.344477910313678, 47.085546640216805 ], [ 27.345653166502291, 47.085639532117831 ], [ 27.346775040952597, 47.085367153356614 ], [ 27.347591391143787, 47.086029127034607 ], [ 27.348961301835722, 47.085333538115577 ], [ 27.350647935063201, 47.085218415448317 ], [ 27.351395864921546, 47.085379756996545 ], [ 27.351813031954201, 47.085825633542221 ], [ 27.354120444123708, 47.086031958806224 ], [ 27.354641552628642, 47.087340692392601 ], [ 27.353931952689205, 47.09014698724328 ], [ 27.353021246077187, 47.09065713380997 ], [ 27.35160933006064, 47.092365185371122 ], [ 27.351764757895417, 47.094321604829666 ], [ 27.350211564790392, 47.096543739846879 ], [ 27.349803473335804, 47.09819666890791 ], [ 27.348387885885533, 47.099602602537587 ], [ 27.34819887921412, 47.102017884646287 ], [ 27.347694442820373, 47.10242792379902 ], [ 27.347581088696053, 47.103252831846923 ], [ 27.347994285891183, 47.1044840980217 ], [ 27.350916720109193, 47.105598379345537 ], [ 27.3523278462464, 47.10732450939075 ], [ 27.354408057921074, 47.108577281685747 ], [ 27.355127488137917, 47.110374546690963 ], [ 27.356885539183736, 47.112604875854586 ], [ 27.349635956151317, 47.114148064055378 ], [ 27.347552013301247, 47.115546685654245 ], [ 27.345454474968705, 47.114065364364187 ], [ 27.338471937672203, 47.12106812275244 ], [ 27.337514181741057, 47.122076379539614 ], [ 27.336958881333636, 47.123412530342684 ], [ 27.335143978710018, 47.12454937876447 ], [ 27.33386287141926, 47.126730626597634 ], [ 27.332594244380612, 47.127532859485306 ], [ 27.332108055999463, 47.129806739982115 ], [ 27.330200642062895, 47.132358381306325 ], [ 27.334193364501054, 47.133078070144798 ], [ 27.332595064099049, 47.137114710332213 ], [ 27.336246561019724, 47.137523067387612 ], [ 27.336226183921841, 47.136725514384715 ], [ 27.338920372958469, 47.129820854563476 ], [ 27.339527384822549, 47.129492254781319 ], [ 27.344664212691878, 47.122584899800103 ], [ 27.343506224821169, 47.121925273489417 ], [ 27.34375823812751, 47.121241684032199 ], [ 27.345628461129529, 47.118047004980205 ], [ 27.347993395243069, 47.11589197314769 ], [ 27.349742773954013, 47.117346107041477 ], [ 27.349917013936007, 47.117965901886237 ], [ 27.348677578227345, 47.119825394411372 ], [ 27.347853229973765, 47.124524155525151 ], [ 27.350306299022328, 47.1244499554249 ], [ 27.352506306193771, 47.12531138253707 ], [ 27.349730797531425, 47.12741573394031 ], [ 27.346984293833721, 47.12883810454413 ], [ 27.346856633658867, 47.130297067353723 ], [ 27.345411669998736, 47.132024889568136 ], [ 27.346917446687677, 47.134465533779213 ], [ 27.35153876871825, 47.138955750795446 ], [ 27.35317066686779, 47.137160512129405 ], [ 27.354731196428538, 47.136339151051793 ], [ 27.35538298437114, 47.135442579189338 ], [ 27.357908627830707, 47.136301328500743 ], [ 27.365010244738265, 47.135481634018568 ], [ 27.37557836799072, 47.146898108803235 ], [ 27.380342124665439, 47.139446797227549 ], [ 27.389997049981471, 47.142759272146996 ], [ 27.401764150125096, 47.143329255946014 ], [ 27.401751657336046, 47.144046358576119 ], [ 27.402955607488138, 47.14559943256539 ], [ 27.402098136323648, 47.147537472122373 ], [ 27.40789189839759, 47.148587630725068 ], [ 27.409798257554744, 47.142267950827545 ], [ 27.411836310276389, 47.141939164483006 ], [ 27.411853477177331, 47.139190323161486 ], [ 27.412437365021901, 47.139153185437031 ], [ 27.412417331990323, 47.138668030505578 ], [ 27.427899583088571, 47.138182496457766 ], [ 27.434881754002305, 47.138772300035441 ], [ 27.434541852742491, 47.143951474709581 ], [ 27.441867187785473, 47.143391908066633 ], [ 27.441642030335444, 47.144495658295391 ], [ 27.44378832886709, 47.144092967666076 ], [ 27.444771845123846, 47.143624515623806 ] ] ] } },
{ "type": "Feature", "properties": { "siruta_uat": "97679", "canonical_name": "Leţcani", "name": "LEŢCANI", "natLevName": "Comuna", "resOfAut": "LEŢCANI", "zmi_member": true, "zmi_role": "comuna", "Shape_Leng": 55483.894896799997, "Shape_Area": 58629555.192000002 }, "geometry": { "type": "Polygon", "coordinates": [ [ [ 27.40209030699415, 47.250822244492277 ], [ 27.404631169842794, 47.248363789685456 ], [ 27.404731813896412, 47.247704154770325 ], [ 27.407255143215128, 47.245898238243477 ], [ 27.409220600216102, 47.242004370624315 ], [ 27.410466430911836, 47.241194140928322 ], [ 27.411764563697382, 47.238140289886736 ], [ 27.412434168991936, 47.238285845822212 ], [ 27.41350573358886, 47.236758830573585 ], [ 27.415004258802792, 47.233663691918899 ], [ 27.41542099082163, 47.231919120645962 ], [ 27.415156852655354, 47.230497796415371 ], [ 27.418991118798999, 47.230715364616877 ], [ 27.424009600240701, 47.230505649132198 ], [ 27.43770009920695, 47.229596620551774 ], [ 27.438313768159123, 47.229330642879887 ], [ 27.441017984122254, 47.229350765074322 ], [ 27.441611609413286, 47.229617280515299 ], [ 27.443632064108879, 47.221001348051736 ], [ 27.443823437409474, 47.218267279762834 ], [ 27.449279593412896, 47.206586595390959 ], [ 27.451359557032713, 47.191679029114347 ], [ 27.451352593262829, 47.189491324111493 ], [ 27.452651554527506, 47.188510498746851 ], [ 27.452039718900743, 47.18789047202543 ], [ 27.452015723767285, 47.187304925169443 ], [ 27.452507739920836, 47.185114752355474 ], [ 27.452963779153968, 47.185020898858731 ], [ 27.453034609390695, 47.1829996486859 ], [ 27.451677920546917, 47.180270880325338 ], [ 27.439059776516626, 47.183261416213824 ], [ 27.437580805642387, 47.180522831969611 ], [ 27.436929641557054, 47.180255001627671 ], [ 27.436983559952782, 47.179295244580274 ], [ 27.43501557599107, 47.177826066883277 ], [ 27.43510350953569, 47.177598793325437 ], [ 27.445302256703684, 47.173547935887861 ], [ 27.444514291085845, 47.171785556110393 ], [ 27.442830149695141, 47.170416051369166 ], [ 27.439999625434481, 47.169052596724832 ], [ 27.438994116617767, 47.170178311230572 ], [ 27.436610097683449, 47.170829694940274 ], [ 27.436078418106888, 47.170710562870276 ], [ 27.433722467886426, 47.171952156563222 ], [ 27.433067067905352, 47.171804929597641 ], [ 27.43290144145902, 47.172210783893192 ], [ 27.430557454393657, 47.17360882236148 ], [ 27.428648671874509, 47.173851278591961 ], [ 27.427717994896689, 47.16545667658901 ], [ 27.436996106641335, 47.161067438758678 ], [ 27.439458291678474, 47.161549840053787 ], [ 27.439397977892241, 47.160002439391597 ], [ 27.441059000934569, 47.157768648081259 ], [ 27.441374371064502, 47.156549113504447 ], [ 27.443487231592002, 47.153257860970143 ], [ 27.443689941694601, 47.151339724431658 ], [ 27.444362716208097, 47.150775028601764 ], [ 27.443890935475121, 47.150207327917087 ], [ 27.444165543201002, 47.149609035084715 ], [ 27.44368755656016, 47.149660938771753 ], [ 27.443638372286468, 47.148124122905465 ], [ 27.443976079782182, 47.147570398128693 ], [ 27.444236487251509, 47.147653681796733 ], [ 27.444084831399799, 47.146082848076887 ], [ 27.444771845123846, 47.143624515623806 ], [ 27.44378832886709, 47.144092967666076 ], [ 27.441642030335444, 47.144495658295391 ], [ 27.441867187785473, 47.143391908066633 ], [ 27.434541852742491, 47.143951474709581 ], [ 27.434881754002305, 47.138772300035441 ], [ 27.427899583088571, 47.138182496457766 ], [ 27.412417331990323, 47.138668030505578 ], [ 27.412437365021901, 47.139153185437031 ], [ 27.411853477177331, 47.139190323161486 ], [ 27.411836310276389, 47.141939164483006 ], [ 27.409798257554744, 47.142267950827545 ], [ 27.40789189839759, 47.148587630725068 ], [ 27.402098136323648, 47.147537472122373 ], [ 27.402955607488138, 47.14559943256539 ], [ 27.401751657336046, 47.144046358576119 ], [ 27.401764150125096, 47.143329255946014 ], [ 27.389997049981471, 47.142759272146996 ], [ 27.380342124665439, 47.139446797227549 ], [ 27.37557836799072, 47.146898108803235 ], [ 27.365194989474144, 47.13557911411138 ], [ 27.363417786193949, 47.135528864540468 ], [ 27.357908627830707, 47.136301328500743 ], [ 27.355478428570439, 47.135418138006877 ], [ 27.354731196428538, 47.136339151051793 ], [ 27.35317066686779, 47.137160512129405 ], [ 27.35153876871825, 47.138955750795446 ], [ 27.353643189453823, 47.139336218072309 ], [ 27.362149251152019, 47.143841940425801 ], [ 27.365414226955874, 47.149476838493456 ], [ 27.364279351962765, 47.155781311011168 ], [ 27.363539451595141, 47.156510277413474 ], [ 27.36257570569558, 47.156872609439077 ], [ 27.359735756800678, 47.160533635048623 ], [ 27.358209490280391, 47.164203663641537 ], [ 27.356530671654589, 47.164782727692391 ], [ 27.354711811339946, 47.164652035370395 ], [ 27.353111373221328, 47.163759347989512 ], [ 27.352529833494899, 47.162471650228319 ], [ 27.352877456293349, 47.16131635267682 ], [ 27.350569823228831, 47.161164398525173 ], [ 27.351389733448741, 47.162871614261313 ], [ 27.352289910778662, 47.167856475766961 ], [ 27.352724569593441, 47.167900794888531 ], [ 27.352431142799375, 47.170275437146785 ], [ 27.356024246479585, 47.170501316313505 ], [ 27.356571971426121, 47.168713692293132 ], [ 27.357899348128186, 47.168059353650598 ], [ 27.359405187485752, 47.167813070765135 ], [ 27.371433262020723, 47.168319564676565 ], [ 27.373596672282474, 47.169152278156091 ], [ 27.373935635964749, 47.170337286797206 ], [ 27.375593608165783, 47.171239935935091 ], [ 27.376417429553097, 47.172368426149809 ], [ 27.375988637892306, 47.174526464605094 ], [ 27.372983206111826, 47.180970166962666 ], [ 27.37349618282191, 47.186591150044173 ], [ 27.377107519966042, 47.186060669781085 ], [ 27.38161945753739, 47.184679748293384 ], [ 27.384783492762182, 47.190031090718939 ], [ 27.382256585946369, 47.190380069522178 ], [ 27.380929630828067, 47.19097700070828 ], [ 27.383039186884691, 47.196683797849829 ], [ 27.358536356787145, 47.202476262297843 ], [ 27.359729335485479, 47.20883668319383 ], [ 27.380880533540989, 47.20330990336835 ], [ 27.381811451919102, 47.207119374483725 ], [ 27.387454920595417, 47.203846218593611 ], [ 27.387453901609454, 47.208419806669347 ], [ 27.386506550100915, 47.21398708047407 ], [ 27.387668975171483, 47.214046994384709 ], [ 27.387584743465634, 47.214731371820548 ], [ 27.385555677278017, 47.223224357107583 ], [ 27.383728139156467, 47.227948090285139 ], [ 27.38025390501608, 47.240524248232234 ], [ 27.377907831363462, 47.24789963552098 ], [ 27.376786374343563, 47.249445571188566 ], [ 27.377436807533087, 47.249688335079874 ], [ 27.377536658056115, 47.250192917320533 ], [ 27.376790929988946, 47.25055466514754 ], [ 27.378340252260379, 47.251782777294586 ], [ 27.379184425806546, 47.25301964550836 ], [ 27.379403198634822, 47.255781825905302 ], [ 27.390555243408414, 47.256953265709264 ], [ 27.391227013131157, 47.255402235984526 ], [ 27.393667142928603, 47.252225393592418 ], [ 27.393723990418323, 47.250671907455761 ], [ 27.395450219870366, 47.249095055780856 ], [ 27.40209030699415, 47.250822244492277 ] ] ] } },
{ "type": "Feature", "properties": { "siruta_uat": "97919", "canonical_name": "Miroslava", "name": "MIROSLAVA", "natLevName": "Comuna", "resOfAut": "MIROSLAVA", "zmi_member": true, "zmi_role": "comuna", "Shape_Leng": 59113.381777299997, "Shape_Area": 83003760.346900001 }, "geometry": { "type": "Polygon", "coordinates": [ [ [ 27.465575671881613, 47.222543524887676 ], [ 27.467005270919579, 47.215391985056606 ], [ 27.470745386730375, 47.210232881930153 ], [ 27.478770271901997, 47.188359245165145 ], [ 27.481521575471248, 47.186644142975226 ], [ 27.487983078418381, 47.181602602655651 ], [ 27.48841492569268, 47.177431417035159 ], [ 27.476533545268932, 47.180074644180905 ], [ 27.476463469169236, 47.179798789438898 ], [ 27.477380480553283, 47.176868838488403 ], [ 27.479000049840064, 47.174801045947554 ], [ 27.481447760096433, 47.173566179144601 ], [ 27.481260714038992, 47.17325593422003 ], [ 27.484397572061589, 47.172617518080315 ], [ 27.484662198233373, 47.17217959893015 ], [ 27.486607060819786, 47.172347179569847 ], [ 27.486335212662134, 47.167697416118422 ], [ 27.486698305679361, 47.16304213430184 ], [ 27.491201961304839, 47.160832057599258 ], [ 27.492184870570988, 47.159735936245752 ], [ 27.492751713015114, 47.160110011291451 ], [ 27.499388880623101, 47.160283774588869 ], [ 27.509907631771195, 47.158425162925035 ], [ 27.518823013553249, 47.157666052586514 ], [ 27.526107405979676, 47.158849062093317 ], [ 27.530313422449819, 47.16011387794947 ], [ 27.530571367244406, 47.159544983467136 ], [ 27.532729135787481, 47.160168653161818 ], [ 27.535302259938259, 47.160013909129603 ], [ 27.536268781168015, 47.158054532571029 ], [ 27.536656184121238, 47.155937968180261 ], [ 27.536558905545796, 47.153994736480939 ], [ 27.535673355192785, 47.152665739908002 ], [ 27.535715353026443, 47.151728970993865 ], [ 27.53580477259451, 47.151449036675913 ], [ 27.536644982679526, 47.15122713085465 ], [ 27.536820432363069, 47.149685079424088 ], [ 27.537815537851788, 47.147539599033166 ], [ 27.538926381332598, 47.147522296868509 ], [ 27.538730982269225, 47.144883455210945 ], [ 27.545505480103323, 47.14510993604415 ], [ 27.553452077254075, 47.146407769055948 ], [ 27.548753920534597, 47.141803862673584 ], [ 27.553556404005761, 47.139155065026067 ], [ 27.563760682100636, 47.13437820606444 ], [ 27.560039421528963, 47.130714349835657 ], [ 27.565205357640522, 47.126877164160312 ], [ 27.565063723512022, 47.126309379596208 ], [ 27.563010593097808, 47.125637010999149 ], [ 27.55985602035447, 47.12364953939246 ], [ 27.562376696333644, 47.121995542791375 ], [ 27.565253888264085, 47.120631604816637 ], [ 27.560819306876283, 47.113707708962664 ], [ 27.560479997557103, 47.111934909050959 ], [ 27.559066310192925, 47.109988307416273 ], [ 27.559535626931869, 47.107907069530341 ], [ 27.556466605246552, 47.107914556899281 ], [ 27.556111868363175, 47.103995810028998 ], [ 27.551473984742906, 47.103663085383531 ], [ 27.551455725264749, 47.102285372103644 ], [ 27.544039601488105, 47.100881163440121 ], [ 27.544440332387143, 47.10041552441043 ], [ 27.544989992042883, 47.096096511934284 ], [ 27.542123505427149, 47.095825103499216 ], [ 27.545228749953402, 47.09278158210536 ], [ 27.548096219963764, 47.093170941817228 ], [ 27.548467041970596, 47.092576105923371 ], [ 27.549227564239771, 47.092827202689122 ], [ 27.550420240441579, 47.091267152451799 ], [ 27.549394324368052, 47.090727159923453 ], [ 27.549829340681303, 47.090101442082918 ], [ 27.548362130775374, 47.089511453460354 ], [ 27.55230227301405, 47.08597211378973 ], [ 27.551441600670156, 47.085470074745899 ], [ 27.551194080554001, 47.084877499389634 ], [ 27.552091257243848, 47.085070883298499 ], [ 27.552945428766972, 47.084702289836152 ], [ 27.551608309252938, 47.081649874086835 ], [ 27.549464858124303, 47.082637516427027 ], [ 27.547361588487306, 47.084283042887208 ], [ 27.544673203929825, 47.083859922697442 ], [ 27.544574749929421, 47.083170645582541 ], [ 27.527441924512967, 47.07810024029429 ], [ 27.52624310376666, 47.077099130278548 ], [ 27.525935965586008, 47.076176241316134 ], [ 27.526452863149764, 47.075916287425088 ], [ 27.527571405512386, 47.073493670036541 ], [ 27.527549623001878, 47.072423397995621 ], [ 27.525866996137534, 47.070153937527451 ], [ 27.516445660320603, 47.069796383291063 ], [ 27.512630408882124, 47.069386379947431 ], [ 27.509463217530364, 47.070396197456049 ], [ 27.509141031808166, 47.071399159569566 ], [ 27.510603701324833, 47.07407409866628 ], [ 27.506893613205818, 47.076556000264013 ], [ 27.505910945365848, 47.077598398759633 ], [ 27.503144296869117, 47.078849729707862 ], [ 27.501229033727896, 47.078584380279089 ], [ 27.498835963433667, 47.079673184206669 ], [ 27.497713179858206, 47.080930492109211 ], [ 27.49357257318459, 47.08383986677223 ], [ 27.489692374879191, 47.085801369104708 ], [ 27.488836278545055, 47.086646419136265 ], [ 27.488736794965192, 47.087426489960649 ], [ 27.486628175169894, 47.088485117806222 ], [ 27.483306585163081, 47.09168706791781 ], [ 27.482287740101523, 47.091907739593822 ], [ 27.473965922435109, 47.096084539002213 ], [ 27.469279712566067, 47.09704754414529 ], [ 27.457399451186728, 47.102603229180538 ], [ 27.455579209491351, 47.102638517500075 ], [ 27.45405845418443, 47.10691598775356 ], [ 27.450885715289857, 47.112715804820652 ], [ 27.457504088818535, 47.11322656111934 ], [ 27.454629725613728, 47.120145566942732 ], [ 27.453041596197593, 47.120046265485996 ], [ 27.450879900311175, 47.125239871018501 ], [ 27.45250263940585, 47.125206945068761 ], [ 27.44447516372086, 47.144180030877216 ], [ 27.443951175492899, 47.147238164403952 ], [ 27.444236487251509, 47.147653681796733 ], [ 27.443976079782182, 47.147570398128693 ], [ 27.443664056310926, 47.148006858809801 ], [ 27.443911608741338, 47.148647762761414 ], [ 27.443601868944523, 47.148974337579652 ], [ 27.44368755656016, 47.149660938771753 ], [ 27.444165543201002, 47.149609035084715 ], [ 27.443890935475121, 47.150207327917087 ], [ 27.444362716208097, 47.150775028601764 ], [ 27.443689941694601, 47.151339724431658 ], [ 27.443487231592002, 47.153257860970143 ], [ 27.441374371064502, 47.156549113504447 ], [ 27.441059000934569, 47.157768648081259 ], [ 27.439397977892241, 47.160002439391597 ], [ 27.439382680470352, 47.161615874193799 ], [ 27.436996106641335, 47.161067438758678 ], [ 27.427717994896689, 47.16545667658901 ], [ 27.428648671874509, 47.173851278591961 ], [ 27.430557454393657, 47.17360882236148 ], [ 27.43290144145902, 47.172210783893192 ], [ 27.433067067905352, 47.171804929597641 ], [ 27.433722467886426, 47.171952156563222 ], [ 27.436078418106888, 47.170710562870276 ], [ 27.436610097683449, 47.170829694940274 ], [ 27.438994116617767, 47.170178311230572 ], [ 27.439999625434481, 47.169052596724832 ], [ 27.442830149695141, 47.170416051369166 ], [ 27.444514291085845, 47.171785556110393 ], [ 27.445302256703684, 47.173547935887861 ], [ 27.43510350953569, 47.177598793325437 ], [ 27.43501557599107, 47.177826066883277 ], [ 27.436983559952782, 47.179295244580274 ], [ 27.436929641557054, 47.180255001627671 ], [ 27.437580805642387, 47.180522831969611 ], [ 27.439059776516626, 47.183261416213824 ], [ 27.451677920546917, 47.180270880325338 ], [ 27.453034609390695, 47.1829996486859 ], [ 27.452963779153968, 47.185020898858731 ], [ 27.452507739920836, 47.185114752355474 ], [ 27.452015723767285, 47.187304925169443 ], [ 27.452039718900743, 47.18789047202543 ], [ 27.452651554527506, 47.188510498746851 ], [ 27.451352593262829, 47.189491324111493 ], [ 27.451359557032713, 47.191679029114347 ], [ 27.449279593412896, 47.206586595390959 ], [ 27.443823437409474, 47.218267279762834 ], [ 27.443632064108879, 47.221001348051736 ], [ 27.441611609413286, 47.229617280515299 ], [ 27.44490963751279, 47.229745427565398 ], [ 27.44866800015993, 47.227731041839007 ], [ 27.451447476250532, 47.22810207243537 ], [ 27.455198239543428, 47.227496878306361 ], [ 27.455455085940095, 47.226415459513433 ], [ 27.456242097736361, 47.225676823994981 ], [ 27.457123927314736, 47.225622552568332 ], [ 27.457867532255065, 47.224989299756039 ], [ 27.465575671881613, 47.222543524887676 ] ] ] } },
{ "type": "Feature", "properties": { "siruta_uat": "98113", "canonical_name": "Mogoşeşti", "name": "MOGOŞEŞTI", "natLevName": "Comuna", "resOfAut": "MOGOŞEŞTI", "zmi_member": true, "zmi_role": "comuna", "Shape_Leng": 51819.247068600002, "Shape_Area": 67381195.288499996 }, "geometry": { "type": "Polygon", "coordinates": [ [ [ 27.512630408882124, 47.069386379947431 ], [ 27.529986173370993, 47.070412395939179 ], [ 27.535799488270911, 47.071095428542371 ], [ 27.539483615670388, 47.072978805880091 ], [ 27.539710581833628, 47.069775816236017 ], [ 27.543555141216686, 47.062189591871785 ], [ 27.544965022376225, 47.060591872634177 ], [ 27.544908792082136, 47.060151247581075 ], [ 27.543570166958034, 47.05984110343821 ], [ 27.54239949863948, 47.058267194547184 ], [ 27.54539269098774, 47.058561305890549 ], [ 27.543532350431967, 47.053104205687262 ], [ 27.543694622415504, 47.05201189243823 ], [ 27.545523304894314, 47.047671628819693 ], [ 27.54780361034657, 47.048071357896212 ], [ 27.549043779020753, 47.046435222090871 ], [ 27.547777023725505, 47.045090171921878 ], [ 27.548193188043296, 47.043669374663665 ], [ 27.544576909653955, 47.042658572168001 ], [ 27.544541128733346, 47.042109207366487 ], [ 27.547580397310384, 47.032730437166819 ], [ 27.549430600916295, 47.029630694031773 ], [ 27.550647767597908, 47.020893547248271 ], [ 27.551446589418081, 47.018466264120796 ], [ 27.551263944316723, 47.016667252576788 ], [ 27.551762173083755, 47.015393252303518 ], [ 27.551392559848669, 47.013910825642668 ], [ 27.548551854286128, 47.011426706424018 ], [ 27.547384073584553, 47.011017128020548 ], [ 27.546744999144789, 47.010412730648603 ], [ 27.547194588445944, 47.009775851463495 ], [ 27.54847293665626, 47.009645690913572 ], [ 27.547803959050487, 47.008718571705536 ], [ 27.542061289032382, 47.009899419831065 ], [ 27.541444724945887, 47.009002968057906 ], [ 27.540225666810265, 47.008236808926078 ], [ 27.534801526165559, 47.007416489883887 ], [ 27.533375889394687, 47.007669961634292 ], [ 27.532871465775987, 47.007151652939498 ], [ 27.531251412435871, 47.007194112388511 ], [ 27.529337948580576, 47.006605232087701 ], [ 27.52810178339962, 47.006842490617721 ], [ 27.527337974338156, 47.006259771454836 ], [ 27.524844650507521, 47.006322879077075 ], [ 27.523789242337582, 47.00602766814638 ], [ 27.522616037200471, 47.00518007757946 ], [ 27.52094855247838, 47.004917951872493 ], [ 27.514548382072583, 47.002494142178811 ], [ 27.513801519734265, 46.99883941411359 ], [ 27.512674754974075, 46.997812933550456 ], [ 27.511898316792102, 46.996198252385867 ], [ 27.511984068531532, 46.994970370104376 ], [ 27.51117354646524, 46.99275624977296 ], [ 27.511814113784709, 46.988783139078897 ], [ 27.508012091717067, 46.985793652696415 ], [ 27.505040008213982, 46.984598356922341 ], [ 27.501900304338669, 46.984280808647163 ], [ 27.499635424131526, 46.982959840790912 ], [ 27.499210610563576, 46.982061119907122 ], [ 27.497078683116506, 46.981222200105009 ], [ 27.496432947108726, 46.980452024902121 ], [ 27.494097730134001, 46.97914560175677 ], [ 27.491789880217681, 46.979696158886817 ], [ 27.490431181113543, 46.979604766177424 ], [ 27.489001591375505, 46.980235875959082 ], [ 27.483545629507447, 46.979333029278209 ], [ 27.483812997997077, 46.979717591251294 ], [ 27.482660723780242, 46.979548469693718 ], [ 27.482653401158096, 46.980267896708305 ], [ 27.477694165935205, 46.990105862024762 ], [ 27.471965868393671, 46.98995906114552 ], [ 27.472053707638505, 46.989224568259147 ], [ 27.47319735171294, 46.989218000313144 ], [ 27.474018123724917, 46.988755723790284 ], [ 27.47249496039122, 46.987083207981669 ], [ 27.472543433933616, 46.986538242599458 ], [ 27.473262549154743, 46.986122928467204 ], [ 27.472688324330594, 46.985575621173297 ], [ 27.473557296199747, 46.985181184583517 ], [ 27.473974530107039, 46.984565553114194 ], [ 27.475113510245336, 46.984670051684006 ], [ 27.475457225722494, 46.985230895333743 ], [ 27.476011430304048, 46.984910163388001 ], [ 27.475372074567961, 46.984136416615286 ], [ 27.47443269087136, 46.983965717793915 ], [ 27.475081750251956, 46.982517052127349 ], [ 27.476179032548036, 46.981926150069214 ], [ 27.475652986146635, 46.98167646076238 ], [ 27.47428945991723, 46.98170692904381 ], [ 27.474136217880645, 46.981310291534328 ], [ 27.474499973921873, 46.98106766744035 ], [ 27.476553199637522, 46.980957233511475 ], [ 27.476923208258906, 46.979943192664017 ], [ 27.475976109893885, 46.979667184194561 ], [ 27.475832038224407, 46.979306114585349 ], [ 27.477705406467216, 46.979008303400349 ], [ 27.477808510361626, 46.978760555723014 ], [ 27.47652978150477, 46.978232100004575 ], [ 27.4769597632394, 46.978052903336334 ], [ 27.478074054126694, 46.978245814379093 ], [ 27.478637746692879, 46.976237362718443 ], [ 27.479818266245722, 46.97649803782187 ], [ 27.48020585071902, 46.977732523576869 ], [ 27.480765757242644, 46.978037646248922 ], [ 27.480414929681611, 46.976877002536909 ], [ 27.481968133074055, 46.976046248324799 ], [ 27.481251048506529, 46.975749779569817 ], [ 27.475206654469051, 46.975941988491854 ], [ 27.474178299363761, 46.976974854130248 ], [ 27.471917892805848, 46.976658543475764 ], [ 27.46848418829105, 46.990973714832066 ], [ 27.466622409888011, 46.994984726574636 ], [ 27.466468127122628, 46.998762534441006 ], [ 27.464348786757121, 47.002530312929181 ], [ 27.462215039154923, 47.0034434488689 ], [ 27.461335495679833, 47.002998812752999 ], [ 27.460795203528289, 47.004458252984648 ], [ 27.458291163053158, 47.007319840425858 ], [ 27.455200153088761, 47.00813011937494 ], [ 27.450335162259751, 47.008915821197853 ], [ 27.450596514803586, 47.010008326686872 ], [ 27.448799238318752, 47.011771116478208 ], [ 27.441884142918919, 47.009606554791134 ], [ 27.436760846075114, 47.008472692045906 ], [ 27.434948918164245, 47.012511235122439 ], [ 27.432965434670109, 47.012045847939923 ], [ 27.430470083690565, 47.013294845613579 ], [ 27.432380120863918, 47.01412247086509 ], [ 27.434493366283263, 47.01311755855297 ], [ 27.434959239188284, 47.012548426287466 ], [ 27.437165367421272, 47.013083664698307 ], [ 27.436658583198231, 47.014044451438338 ], [ 27.438022268940262, 47.01607997648572 ], [ 27.440392949043346, 47.015466807478703 ], [ 27.441757978302274, 47.014404171674315 ], [ 27.445004335317826, 47.015234748167579 ], [ 27.448915406578692, 47.021331470043904 ], [ 27.448697327591113, 47.022132400096304 ], [ 27.445675939737843, 47.023444589501636 ], [ 27.4411039798342, 47.022537560160302 ], [ 27.440308785489705, 47.023248814568106 ], [ 27.436653011324275, 47.02433931646722 ], [ 27.434439533706868, 47.024374097865085 ], [ 27.43291358671539, 47.024011399047559 ], [ 27.43201326356693, 47.024926593650434 ], [ 27.431296262925496, 47.02515084031576 ], [ 27.43073284481029, 47.024886057945864 ], [ 27.429791029442946, 47.025310044798438 ], [ 27.427711180742193, 47.025509363759603 ], [ 27.427300325534446, 47.026487855785341 ], [ 27.426785789437979, 47.026785118001605 ], [ 27.426425807866817, 47.026725848958876 ], [ 27.426076833054786, 47.027095075445835 ], [ 27.425131917414014, 47.026978008614222 ], [ 27.42498883190293, 47.027347604162905 ], [ 27.424286290788285, 47.027251338250451 ], [ 27.4239437513443, 47.02750841304335 ], [ 27.423346558510833, 47.027241199406411 ], [ 27.420256618016037, 47.027176808597218 ], [ 27.41933059301547, 47.02675390149718 ], [ 27.417265481845924, 47.026785594036582 ], [ 27.41640023822352, 47.025771214086113 ], [ 27.415370299409819, 47.025512611285208 ], [ 27.414931503561, 47.025613795602872 ], [ 27.414825454493254, 47.026253848987245 ], [ 27.417770362418899, 47.027183960646539 ], [ 27.418572218118573, 47.02784080791595 ], [ 27.420883359516527, 47.0284615760864 ], [ 27.42309033611166, 47.030083906432793 ], [ 27.424461847804302, 47.029926816532871 ], [ 27.426898060408433, 47.030494238203815 ], [ 27.42844553099799, 47.02998447713103 ], [ 27.430051017509768, 47.031544293357967 ], [ 27.431307833240894, 47.030816582365063 ], [ 27.43096998585488, 47.030316983518304 ], [ 27.431401008990004, 47.029635442840068 ], [ 27.432828741897382, 47.029063495105646 ], [ 27.434945314475129, 47.029183431017231 ], [ 27.435482825384373, 47.028759374321261 ], [ 27.435194734587249, 47.02797202163125 ], [ 27.43687653203726, 47.027260803742834 ], [ 27.440277476345337, 47.027257307651169 ], [ 27.44180219240133, 47.027794138597947 ], [ 27.439227124591458, 47.028706632605683 ], [ 27.439778200053237, 47.029259934929073 ], [ 27.444112039923048, 47.03121764393736 ], [ 27.442172028129033, 47.033085881518808 ], [ 27.443696635435252, 47.033770867804101 ], [ 27.444077616102437, 47.034437105102171 ], [ 27.440731409338326, 47.03793730796248 ], [ 27.440033424522579, 47.037982809365104 ], [ 27.43870896796459, 47.040845941533917 ], [ 27.437529296185058, 47.045286028493827 ], [ 27.441000392442895, 47.046724776634811 ], [ 27.440999462902752, 47.049107187624415 ], [ 27.440363100981397, 47.049369367227072 ], [ 27.439730252452492, 47.050504741079557 ], [ 27.459881530388447, 47.057942266559181 ], [ 27.45982241219961, 47.060073813449776 ], [ 27.458856303068362, 47.06230057785708 ], [ 27.459340874679803, 47.062846941976964 ], [ 27.45917640399605, 47.063586266794495 ], [ 27.46063178892172, 47.069739304747657 ], [ 27.461260852581699, 47.074876368863876 ], [ 27.470532143320426, 47.075269303469 ], [ 27.472374470390747, 47.079924876698918 ], [ 27.47293966468234, 47.08035672046578 ], [ 27.473998276893543, 47.079699334480729 ], [ 27.475351696593307, 47.079360409330853 ], [ 27.478342849015608, 47.080806090144826 ], [ 27.479633222341654, 47.080282766302602 ], [ 27.482147189172981, 47.078473789912813 ], [ 27.495454524924803, 47.082431922913443 ], [ 27.497713179858206, 47.080930492109211 ], [ 27.498560514557543, 47.079861235978314 ], [ 27.500518960026248, 47.078837199699969 ], [ 27.501229033727896, 47.078584380279089 ], [ 27.503070995547262, 47.078866643324901 ], [ 27.505910945365848, 47.077598398759633 ], [ 27.506893613205818, 47.076556000264013 ], [ 27.510603701324833, 47.07407409866628 ], [ 27.509141031808166, 47.071399159569566 ], [ 27.509463217530364, 47.070396197456049 ], [ 27.512630408882124, 47.069386379947431 ] ] ] } },
{ "type": "Feature", "properties": { "siruta_uat": "98257", "canonical_name": "Movileni", "name": "MOVILENI", "natLevName": "Comuna", "resOfAut": "MOVILENI", "zmi_member": true, "zmi_role": "comuna", "Shape_Leng": 55365.744757499997, "Shape_Area": 75636533.928399995 }, "geometry": { "type": "Polygon", "coordinates": [ [ [ 27.374619250282553, 47.362442136173676 ], [ 27.375606314125807, 47.360863040657705 ], [ 27.374856615750996, 47.359976324474133 ], [ 27.376021521102526, 47.359149206168951 ], [ 27.371532230326991, 47.35484558457911 ], [ 27.373044652431958, 47.35365627141605 ], [ 27.37273753280623, 47.352347833819501 ], [ 27.374482271544611, 47.351679116621845 ], [ 27.376980304398025, 47.349730010220682 ], [ 27.37722882721534, 47.347890130528782 ], [ 27.379067515527193, 47.347846006373842 ], [ 27.380018792161614, 47.346462569999339 ], [ 27.382586789842399, 47.346186410935914 ], [ 27.383881559138452, 47.345724475000608 ], [ 27.387862801807469, 47.346278828960799 ], [ 27.389007865992873, 47.346160293124925 ], [ 27.39036503208477, 47.345524480640464 ], [ 27.391970004465907, 47.343930234595305 ], [ 27.391300016621358, 47.34224673805965 ], [ 27.412755976088313, 47.331200753070384 ], [ 27.416320546446318, 47.329124004479191 ], [ 27.420868926610567, 47.325745804445681 ], [ 27.423897995724236, 47.326099572331309 ], [ 27.425326942669365, 47.324474703579781 ], [ 27.426073249026732, 47.324572646021743 ], [ 27.430368344205355, 47.321587384120249 ], [ 27.431409686345948, 47.321861670660866 ], [ 27.436062242315053, 47.317816673545622 ], [ 27.438903897140793, 47.317105528818274 ], [ 27.441543562619305, 47.314725997497241 ], [ 27.444189058442117, 47.315066962836013 ], [ 27.445947610190196, 47.313968731911061 ], [ 27.448708746349709, 47.314055492225116 ], [ 27.449970591775688, 47.31287060169543 ], [ 27.453296300418351, 47.31415929696103 ], [ 27.455321976583878, 47.315309336463372 ], [ 27.456806289023049, 47.315367288603817 ], [ 27.453079781635967, 47.300949807021006 ], [ 27.455784986848354, 47.294771316880201 ], [ 27.466439001766165, 47.279395075563123 ], [ 27.469551739780332, 47.273236349068434 ], [ 27.453323548220663, 47.272645031454964 ], [ 27.449586397692173, 47.273071006816735 ], [ 27.44765798141237, 47.272884846542176 ], [ 27.441781570223934, 47.273509753565399 ], [ 27.433914213260792, 47.274870569843976 ], [ 27.428413811009662, 47.27140652342699 ], [ 27.419980209131698, 47.268775535198323 ], [ 27.41606189776391, 47.266753347229532 ], [ 27.414536294918882, 47.26862817982289 ], [ 27.412181418748887, 47.267495192974188 ], [ 27.410249528858341, 47.268745305473551 ], [ 27.409081359292447, 47.268990640379016 ], [ 27.413074801302084, 47.271619890630681 ], [ 27.412724091982746, 47.272939477355479 ], [ 27.411323548685615, 47.274037373707316 ], [ 27.41302597699196, 47.277820683190008 ], [ 27.412509568937484, 47.281130700387294 ], [ 27.41173254873565, 47.282677609945246 ], [ 27.410609466893547, 47.280851442244845 ], [ 27.405432068472951, 47.283009685635584 ], [ 27.403261991317606, 47.280143393071128 ], [ 27.403023144556769, 47.280634340399061 ], [ 27.400767604828044, 47.279869183552627 ], [ 27.400139805173772, 47.280413783857796 ], [ 27.397256857621773, 47.278829365007581 ], [ 27.397793328635839, 47.278406526970223 ], [ 27.395055975723519, 47.276541886961496 ], [ 27.390814651403272, 47.279772918409066 ], [ 27.387936228841955, 47.28149941660989 ], [ 27.384509950363231, 47.28705154715481 ], [ 27.382908287066211, 47.285486025684953 ], [ 27.38197188409314, 47.285044900247328 ], [ 27.381977409916729, 47.285679906710513 ], [ 27.379601677423288, 47.284515111654571 ], [ 27.380343994225104, 47.283733791067398 ], [ 27.378336970854686, 47.282640706920212 ], [ 27.376640250677855, 47.282371749923797 ], [ 27.375202596870484, 47.281365927796514 ], [ 27.373823118358015, 47.282512412863902 ], [ 27.371825728427378, 47.281247714568799 ], [ 27.372986410549498, 47.27972417466264 ], [ 27.368718294545562, 47.277004861598236 ], [ 27.362661935923491, 47.284083755533494 ], [ 27.360659453303747, 47.283460171955774 ], [ 27.358207685104393, 47.281407217139602 ], [ 27.350831888699073, 47.279186139206566 ], [ 27.347635121026538, 47.288694293199946 ], [ 27.34410404491982, 47.289376794515313 ], [ 27.343388960612018, 47.290036678029111 ], [ 27.34097095630888, 47.290401674935495 ], [ 27.335216629856497, 47.292235628164214 ], [ 27.334220321183203, 47.293573289951759 ], [ 27.335589491735963, 47.293503298615107 ], [ 27.334402009327672, 47.29753546544169 ], [ 27.334608802007963, 47.300604021098252 ], [ 27.33843607137425, 47.307084620572574 ], [ 27.333734632453147, 47.307398384060569 ], [ 27.333560030547069, 47.306289130667288 ], [ 27.332882646041845, 47.305463543592047 ], [ 27.323717244754551, 47.305564687201738 ], [ 27.322592194400652, 47.307166559540036 ], [ 27.320057709853799, 47.306533058061369 ], [ 27.317557063546211, 47.31099300952696 ], [ 27.314263894353935, 47.30872665575933 ], [ 27.313938545219184, 47.309641150279937 ], [ 27.314141506605157, 47.310673675895146 ], [ 27.313611613070044, 47.311984328673894 ], [ 27.311706355856998, 47.313313703607633 ], [ 27.310589657057157, 47.313627456464324 ], [ 27.30477486750593, 47.311992885392009 ], [ 27.303377018828609, 47.313430289064222 ], [ 27.302706270998105, 47.31502370126767 ], [ 27.310118213818757, 47.316702111817825 ], [ 27.31444336657869, 47.318821362391432 ], [ 27.311409772973697, 47.321653537859987 ], [ 27.310559589879432, 47.321256737013044 ], [ 27.304685531186017, 47.326901313990433 ], [ 27.29987981273678, 47.325131398226389 ], [ 27.299620203001506, 47.322491875963408 ], [ 27.290475907518555, 47.322503960591931 ], [ 27.293145286083583, 47.324462576843075 ], [ 27.292667723850396, 47.326136652184324 ], [ 27.296295623966458, 47.327842487718172 ], [ 27.296851973219091, 47.330268202023817 ], [ 27.298280632214365, 47.330927163759235 ], [ 27.298356527466854, 47.33204399578441 ], [ 27.302852036947108, 47.33456789363381 ], [ 27.300824674875308, 47.33649229150592 ], [ 27.298487455001698, 47.33764427039398 ], [ 27.303865917920209, 47.340494561576513 ], [ 27.304472117815084, 47.339890278336078 ], [ 27.310965874717159, 47.343996429034412 ], [ 27.316377907808441, 47.340532336930288 ], [ 27.323857299659437, 47.345295296946112 ], [ 27.32477412791912, 47.346431739718312 ], [ 27.322489000032366, 47.346834212273947 ], [ 27.321697058936124, 47.348539656016676 ], [ 27.319922727535953, 47.349220708865538 ], [ 27.32064417427307, 47.35018274141887 ], [ 27.321909002262117, 47.350862229562871 ], [ 27.330365147633493, 47.357566303446866 ], [ 27.323392714378492, 47.362525308642432 ], [ 27.327193962458384, 47.365510590619436 ], [ 27.329808434193342, 47.36589954000727 ], [ 27.333490209672799, 47.366966355227795 ], [ 27.334747309767994, 47.3668515117947 ], [ 27.338931269350702, 47.369098325567876 ], [ 27.345205032582211, 47.358613317216751 ], [ 27.345926786046938, 47.358495373726456 ], [ 27.350974605138777, 47.360019868743997 ], [ 27.351715032582536, 47.360533420344424 ], [ 27.356385682229558, 47.369600423052312 ], [ 27.358899490702168, 47.368818551896474 ], [ 27.36178395930909, 47.368533934489314 ], [ 27.362803202251296, 47.368745783863268 ], [ 27.364348836043618, 47.368161946643113 ], [ 27.364908708865254, 47.36585904020054 ], [ 27.365779191194928, 47.364566707785826 ], [ 27.367963185981967, 47.363527506669172 ], [ 27.366381445367306, 47.361590753451921 ], [ 27.374619250282553, 47.362442136173676 ] ] ] } },
{ "type": "Feature", "properties": { "siruta_uat": "98505", "canonical_name": "Popricani", "name": "POPRICANI", "natLevName": "Comuna", "resOfAut": "POPRICANI", "zmi_member": true, "zmi_role": "comuna", "Shape_Leng": 57830.7529631, "Shape_Area": 69827168.815200001 }, "geometry": { "type": "Polygon", "coordinates": [ [ [ 27.577579504477011, 47.257037560927003 ], [ 27.576713577494399, 47.256324805589664 ], [ 27.576503704324864, 47.255140184027894 ], [ 27.57518534777148, 47.25444540541249 ], [ 27.575235022119699, 47.253271850581221 ], [ 27.577788905451719, 47.249996461203864 ], [ 27.577099646527333, 47.249249984687872 ], [ 27.577953093640101, 47.24507066699848 ], [ 27.579287204917481, 47.24390462078788 ], [ 27.580445207821164, 47.241074071430226 ], [ 27.581672967723897, 47.239415126965177 ], [ 27.581507573135504, 47.238961453348956 ], [ 27.5819486102131, 47.238401310753702 ], [ 27.581226745116776, 47.238098793718216 ], [ 27.58302618139593, 47.237388229617018 ], [ 27.583592235778958, 47.236790572327294 ], [ 27.583540363824149, 47.236162015294575 ], [ 27.584308363653278, 47.235371835975471 ], [ 27.58406044592024, 47.234916939940327 ], [ 27.584378826347432, 47.233513455589296 ], [ 27.585997785173934, 47.231064248033363 ], [ 27.586129948910141, 47.230122635021466 ], [ 27.582219482061209, 47.229253621491182 ], [ 27.578975771698637, 47.232034610054683 ], [ 27.576854522953113, 47.230732250709622 ], [ 27.575231259823212, 47.230956951215028 ], [ 27.574432159033357, 47.231444445869037 ], [ 27.569658268179658, 47.228410252215809 ], [ 27.571229724831674, 47.226354847154674 ], [ 27.567336321386268, 47.225645383966317 ], [ 27.564512219685039, 47.225451784902916 ], [ 27.563868592544647, 47.224627288438576 ], [ 27.562537827040359, 47.223836332127433 ], [ 27.559983071124357, 47.223090971615001 ], [ 27.55838825625472, 47.221712063735033 ], [ 27.559570038668795, 47.213517683846668 ], [ 27.561668578888057, 47.214433294330576 ], [ 27.564663819063956, 47.213960752574629 ], [ 27.566050422695074, 47.214825323757672 ], [ 27.567673848486564, 47.214290557624516 ], [ 27.568282742542323, 47.214486592299984 ], [ 27.568848762788228, 47.212701420114186 ], [ 27.568347095832028, 47.211027665418911 ], [ 27.568573035025459, 47.209982742693818 ], [ 27.565940682363305, 47.209533227277085 ], [ 27.566264584279516, 47.208592320287863 ], [ 27.564790542445149, 47.208327410117995 ], [ 27.566327810181622, 47.206170873359284 ], [ 27.563629825855514, 47.205431064674855 ], [ 27.56225883060921, 47.203957607264748 ], [ 27.560978032515994, 47.203238146385701 ], [ 27.560557895515064, 47.203178320312873 ], [ 27.559196122639271, 47.206014914501125 ], [ 27.555108607653889, 47.203825126076268 ], [ 27.555437652384455, 47.204288082515141 ], [ 27.554145547095597, 47.207503266822144 ], [ 27.552156714017361, 47.210242974452264 ], [ 27.552618236549144, 47.211078841795747 ], [ 27.55153611460111, 47.212367882833981 ], [ 27.55034439501333, 47.214905745897489 ], [ 27.549029240932732, 47.216414281679015 ], [ 27.54840735272467, 47.21863900469976 ], [ 27.547128306685195, 47.22107237675317 ], [ 27.546661552043322, 47.221690227690715 ], [ 27.545359921603886, 47.221191566773179 ], [ 27.544577140740429, 47.22257845491044 ], [ 27.542468164429017, 47.221834828000127 ], [ 27.540720711433828, 47.225074007007223 ], [ 27.541509033236476, 47.22546297306809 ], [ 27.53958333097907, 47.226797955978448 ], [ 27.535401615203352, 47.225378958757474 ], [ 27.534845117802476, 47.225582678770834 ], [ 27.533917602444461, 47.225432015645822 ], [ 27.531865538815392, 47.224728573748955 ], [ 27.530229323526665, 47.227866965393297 ], [ 27.523753224070592, 47.226223622699472 ], [ 27.520417600502093, 47.225905434651558 ], [ 27.520303460258376, 47.225583182907201 ], [ 27.516041722572425, 47.225352431647465 ], [ 27.51488777849799, 47.229007788065694 ], [ 27.512368508154218, 47.231363372850261 ], [ 27.510527127637165, 47.234789450494553 ], [ 27.510341156247666, 47.237024180278532 ], [ 27.509323442712365, 47.237948898690384 ], [ 27.506865065562554, 47.242590619930738 ], [ 27.505495069556098, 47.244026787014754 ], [ 27.504116308705406, 47.244250325530487 ], [ 27.504234681304663, 47.242536419903196 ], [ 27.503073017793312, 47.241604086049129 ], [ 27.500874998561866, 47.242199019577271 ], [ 27.500491070998883, 47.242072699938475 ], [ 27.499345104581742, 47.239488382454418 ], [ 27.491536709798485, 47.242206117007356 ], [ 27.485514425069876, 47.244732106807383 ], [ 27.487683980521862, 47.247745499425299 ], [ 27.491849635579733, 47.252031970094897 ], [ 27.491450687637244, 47.252745161057447 ], [ 27.490789916051934, 47.253013595692408 ], [ 27.490723218509473, 47.253955946963636 ], [ 27.48946506987766, 47.25498585137867 ], [ 27.491613133797777, 47.25739186798662 ], [ 27.48655905469748, 47.259598174872437 ], [ 27.484988533654501, 47.259830007460891 ], [ 27.482698381485132, 47.260822294475162 ], [ 27.475916311248628, 47.262001470387737 ], [ 27.483031114036979, 47.264602018302398 ], [ 27.48146378779148, 47.26724293107435 ], [ 27.479678006305001, 47.271565459212447 ], [ 27.477622011810329, 47.274498221449441 ], [ 27.474040498384461, 47.27371031845405 ], [ 27.469551739780332, 47.273236349068434 ], [ 27.466439001766165, 47.279395075563123 ], [ 27.455784986848354, 47.294771316880201 ], [ 27.453079781635967, 47.300949807021006 ], [ 27.456515867289511, 47.313903965718339 ], [ 27.45658088484014, 47.31548793736296 ], [ 27.459108824311048, 47.314994741184442 ], [ 27.461622555758307, 47.31393605493983 ], [ 27.462907825796183, 47.314188559105176 ], [ 27.464090659823253, 47.315493696766872 ], [ 27.465926538441817, 47.315890606271473 ], [ 27.470269975227563, 47.315267023581391 ], [ 27.473051845666205, 47.314079649744983 ], [ 27.476171751750147, 47.31457883754112 ], [ 27.479310526933716, 47.31387276827008 ], [ 27.481863877611776, 47.314709578348719 ], [ 27.483350182777603, 47.31572266124337 ], [ 27.485185073171447, 47.31642656700393 ], [ 27.487854292797955, 47.316932637911464 ], [ 27.490987486949976, 47.316237224152857 ], [ 27.493954739872706, 47.316291452047118 ], [ 27.495833210275915, 47.315488448766367 ], [ 27.497716350842996, 47.313759146658953 ], [ 27.499182965737397, 47.313271302632273 ], [ 27.504336181075754, 47.313756850625332 ], [ 27.505238898467979, 47.311879206818453 ], [ 27.506284413440913, 47.311512562484026 ], [ 27.508362822059656, 47.312590623324361 ], [ 27.508807126367675, 47.314260674218964 ], [ 27.510823908072787, 47.314405360549223 ], [ 27.51208675554799, 47.313735213901211 ], [ 27.512995196337453, 47.313622425544402 ], [ 27.51675064096629, 47.314375017544634 ], [ 27.517141318758046, 47.315134155708911 ], [ 27.516829330320903, 47.316427880704175 ], [ 27.519623529903999, 47.318582709396551 ], [ 27.52222475518472, 47.319380297794908 ], [ 27.522721692191663, 47.320654889377806 ], [ 27.527474494173649, 47.322278347096159 ], [ 27.531130911552957, 47.321979858595149 ], [ 27.532182367987236, 47.320545724629326 ], [ 27.534268604529601, 47.320487293191334 ], [ 27.535908493152633, 47.319869011312711 ], [ 27.537131226358952, 47.320797315950706 ], [ 27.538894238274061, 47.321282716049069 ], [ 27.539363741192236, 47.320926610487838 ], [ 27.539187280026017, 47.319853232595939 ], [ 27.539610088275566, 47.319303766929778 ], [ 27.541446041807074, 47.318848005433154 ], [ 27.542710777261831, 47.317649904176669 ], [ 27.544913262085888, 47.316425980615236 ], [ 27.547303111938362, 47.315959863953459 ], [ 27.548755040191448, 47.316386857251942 ], [ 27.5494007635495, 47.328529049512518 ], [ 27.545023710660093, 47.328655837506844 ], [ 27.548592504885466, 47.330889501353241 ], [ 27.550729660466313, 47.330868375430946 ], [ 27.551006077446235, 47.332981811187643 ], [ 27.554161500240941, 47.334247564717991 ], [ 27.556165069659443, 47.335554594545734 ], [ 27.556202375149471, 47.3317603857734 ], [ 27.556601762297415, 47.331369917818073 ], [ 27.566585756666598, 47.331351365703284 ], [ 27.566531946732326, 47.32936130722964 ], [ 27.56891504993898, 47.327627040216214 ], [ 27.565690776533767, 47.323634660700769 ], [ 27.563437188024782, 47.32233025599551 ], [ 27.563329286357202, 47.321925344566964 ], [ 27.564333428351144, 47.321493501830886 ], [ 27.567723854216528, 47.321401038253711 ], [ 27.571361245451666, 47.321979963625481 ], [ 27.572282169039649, 47.321555576844077 ], [ 27.57225816664371, 47.32080440683815 ], [ 27.570954512009767, 47.319718353726373 ], [ 27.567860396880103, 47.318869254445097 ], [ 27.567042330732974, 47.318112220786013 ], [ 27.566003130824495, 47.31606147725482 ], [ 27.563564545658327, 47.313299087680839 ], [ 27.563638771861491, 47.312196703575452 ], [ 27.56495599333417, 47.310990675170949 ], [ 27.565047706338376, 47.310425112513229 ], [ 27.561824504928705, 47.308996981574325 ], [ 27.562190253547762, 47.307419665228643 ], [ 27.55956907936347, 47.306256334115687 ], [ 27.559929610878733, 47.304739896233436 ], [ 27.559342733489583, 47.30382001833145 ], [ 27.558416825502153, 47.303526104989508 ], [ 27.558479228524337, 47.303196816609812 ], [ 27.555411283274054, 47.302823098713006 ], [ 27.556570176871205, 47.301854172050149 ], [ 27.554446423469585, 47.300295314626148 ], [ 27.555055302354234, 47.299471198338018 ], [ 27.552920311503197, 47.298419214630172 ], [ 27.551489707808685, 47.299932943168479 ], [ 27.54987881331293, 47.298350813533816 ], [ 27.54909675757235, 47.296972864763681 ], [ 27.549841338079798, 47.295919199573554 ], [ 27.551016680321112, 47.295434588919356 ], [ 27.549937900544741, 47.290234576021206 ], [ 27.544774441404094, 47.290795356084644 ], [ 27.543870938869425, 47.290347557826408 ], [ 27.540087825922001, 47.2855690605302 ], [ 27.548926831253304, 47.285055290142751 ], [ 27.548174358393386, 47.280808516304759 ], [ 27.551449928042992, 47.280799498135806 ], [ 27.551473543627395, 47.278153781175995 ], [ 27.55022643866819, 47.274784128274554 ], [ 27.549818271659866, 47.272157340579611 ], [ 27.55017533117914, 47.271138300237737 ], [ 27.54932288691289, 47.267999564908514 ], [ 27.549293765632985, 47.265944524897733 ], [ 27.568353765521707, 47.260049122154705 ], [ 27.572691451243813, 47.258351586663494 ], [ 27.577579504477011, 47.257037560927003 ] ] ] } },
{ "type": "Feature", "properties": { "siruta_uat": "98603", "canonical_name": "Prisăcani", "name": "PRISĂCANI", "natLevName": "Comuna", "resOfAut": "PRISĂCANI", "zmi_member": true, "zmi_role": "comuna", "Shape_Leng": 59019.522309100001, "Shape_Area": 59871652.178599998 }, "geometry": { "type": "Polygon", "coordinates": [ [ [ 27.986864593452616, 47.034493298072583 ], [ 27.98653710275271, 47.033790857131002 ], [ 27.983085266026229, 47.030392204191777 ], [ 27.981998814986504, 47.03010627582367 ], [ 27.982993109540431, 47.028828273979705 ], [ 27.978025140592056, 47.027009246484944 ], [ 27.979889780438853, 47.025593776096386 ], [ 27.970477446996995, 47.021165430493284 ], [ 27.968643659270668, 47.022000913157811 ], [ 27.966518039298318, 47.020290823022258 ], [ 27.964885476103905, 47.018752871005582 ], [ 27.968598985496527, 47.016598114937835 ], [ 27.966265852788752, 47.014536797307805 ], [ 27.965144912723478, 47.014470555430144 ], [ 27.963742528215271, 47.013435047178149 ], [ 27.961614075799826, 47.012552204532078 ], [ 27.960733549099647, 47.01338713051905 ], [ 27.959340692834335, 47.016562753316109 ], [ 27.959490660686086, 47.018159596519425 ], [ 27.955983374326081, 47.019772364471514 ], [ 27.952434909586671, 47.020069848256632 ], [ 27.952408345097584, 47.021099094046285 ], [ 27.951665216926326, 47.021432437314971 ], [ 27.950303934648289, 47.021511341342844 ], [ 27.94928751180144, 47.023165035560552 ], [ 27.948686332773729, 47.023516682830234 ], [ 27.94593157121038, 47.023583675842914 ], [ 27.944033072720863, 47.022724053056912 ], [ 27.941878123311472, 47.023477572882591 ], [ 27.938735622922245, 47.023641099197093 ], [ 27.93761356468455, 47.023367601704578 ], [ 27.936452036293343, 47.022395937955302 ], [ 27.934775313977674, 47.02182397834018 ], [ 27.92972937258352, 47.022125975010447 ], [ 27.926443916830291, 47.02460482008285 ], [ 27.925574442537709, 47.024532351483572 ], [ 27.924277103654948, 47.02373563163647 ], [ 27.921352067225108, 47.024047542098153 ], [ 27.920230953089153, 47.02632034947915 ], [ 27.918663422078385, 47.026259978417201 ], [ 27.917605506674491, 47.026816849644739 ], [ 27.917507060663741, 47.027882434675185 ], [ 27.917909154915201, 47.028590443207946 ], [ 27.916716850141757, 47.029020661379434 ], [ 27.916131375631444, 47.029774180795897 ], [ 27.916554975408555, 47.031075756820805 ], [ 27.914852215155737, 47.032843015788849 ], [ 27.913876192040043, 47.033277937983428 ], [ 27.913932803643473, 47.034608107461921 ], [ 27.911860365345714, 47.035416847315815 ], [ 27.910798247501969, 47.035404258197815 ], [ 27.910404930501141, 47.034049638066712 ], [ 27.909753660258886, 47.033543113410204 ], [ 27.907987033168347, 47.033380612518066 ], [ 27.907495688537978, 47.032238367062654 ], [ 27.904337701482532, 47.032644030069676 ], [ 27.902906265811126, 47.032044135091866 ], [ 27.90195942279848, 47.030877159094487 ], [ 27.900409847091922, 47.031408265215426 ], [ 27.899223222378996, 47.031459547455121 ], [ 27.898150746907604, 47.030941729859499 ], [ 27.895909255106499, 47.029013389892491 ], [ 27.893488876631462, 47.030061385755843 ], [ 27.891654306478749, 47.029604881420987 ], [ 27.890327549989319, 47.030571445654168 ], [ 27.888216251990393, 47.032836935300395 ], [ 27.889384180199869, 47.033634503147894 ], [ 27.889499730284836, 47.034780835901167 ], [ 27.890239234616004, 47.036049796013053 ], [ 27.88835494113447, 47.036945664080648 ], [ 27.886182355347714, 47.036404612745578 ], [ 27.885458085607386, 47.036588657733468 ], [ 27.884727444230613, 47.037257375210118 ], [ 27.884608170582659, 47.0379866552409 ], [ 27.883910920274662, 47.038333362777472 ], [ 27.880824373668492, 47.037940091656793 ], [ 27.878332068131542, 47.036328074314667 ], [ 27.875373227675141, 47.035561778511607 ], [ 27.873964450793608, 47.035475225453389 ], [ 27.869318702054503, 47.036904460566234 ], [ 27.86823088491872, 47.038271119729743 ], [ 27.865663744563861, 47.038762336034168 ], [ 27.862743667701086, 47.03733141359335 ], [ 27.862053449562932, 47.037384751371107 ], [ 27.8590015353751, 47.038688937839432 ], [ 27.858473315140056, 47.040318718321487 ], [ 27.857930872518569, 47.040684967393283 ], [ 27.853838741088229, 47.040949279457877 ], [ 27.853371432977394, 47.042124513381594 ], [ 27.854199335363166, 47.043135003241723 ], [ 27.853484256081529, 47.044678801335259 ], [ 27.852277795663881, 47.04509735868433 ], [ 27.85022257579611, 47.044452493035614 ], [ 27.848989275032032, 47.044907416495406 ], [ 27.848934038430187, 47.045560516694692 ], [ 27.850654016556014, 47.047018407547135 ], [ 27.85053201219749, 47.047474333665285 ], [ 27.849523464531092, 47.047683904413745 ], [ 27.847913268815521, 47.047269324129196 ], [ 27.844953160529027, 47.047555333809541 ], [ 27.844511444661016, 47.048123662383766 ], [ 27.844769396080519, 47.048666427670639 ], [ 27.843608633067337, 47.051499030124347 ], [ 27.843776699381877, 47.05229286284569 ], [ 27.84436889033778, 47.05265176596771 ], [ 27.846951883755612, 47.052591941615667 ], [ 27.848815389155114, 47.053324656489387 ], [ 27.849500848319874, 47.05401613160376 ], [ 27.848742694726951, 47.054619192994338 ], [ 27.845828454138779, 47.054101966871286 ], [ 27.84391152179688, 47.054635785228122 ], [ 27.844054570129988, 47.055665603344153 ], [ 27.845754348300613, 47.055793639713144 ], [ 27.846482570700019, 47.056245809965503 ], [ 27.846939943312172, 47.057521389582739 ], [ 27.846400648822343, 47.058663296890856 ], [ 27.846646934614164, 47.059517591522258 ], [ 27.842212572754612, 47.061446142637287 ], [ 27.842123491938814, 47.062813970325408 ], [ 27.842865285837295, 47.063738890283865 ], [ 27.841795516644797, 47.065107671734673 ], [ 27.842092961339318, 47.065456308188921 ], [ 27.84397654247195, 47.065503920185236 ], [ 27.84433262246252, 47.065820480990702 ], [ 27.842689967908221, 47.067762323013362 ], [ 27.842879547207765, 47.068067561040671 ], [ 27.8460803760102, 47.0678343406613 ], [ 27.847765218827096, 47.068877406031 ], [ 27.850549920644209, 47.068810755869251 ], [ 27.851676951718677, 47.069222882763228 ], [ 27.851927037575656, 47.070147178985209 ], [ 27.850859147922705, 47.070619688303907 ], [ 27.846295499648964, 47.070791850149284 ], [ 27.844818536371346, 47.071697819608879 ], [ 27.843858144617844, 47.071765202357057 ], [ 27.84297984388035, 47.071449203321933 ], [ 27.842154201791214, 47.070210216217212 ], [ 27.840356076336281, 47.069886061056373 ], [ 27.837662080312473, 47.072218623446737 ], [ 27.839936444969986, 47.074366452019021 ], [ 27.841438540156389, 47.07487051265349 ], [ 27.842101781250893, 47.075907119665509 ], [ 27.8414485817996, 47.076590895834997 ], [ 27.836293922746158, 47.079591350556981 ], [ 27.83539441557177, 47.079940636541778 ], [ 27.833935121760533, 47.079761837014395 ], [ 27.832618910870355, 47.080526011732729 ], [ 27.832345876808105, 47.082195859008472 ], [ 27.834942550578504, 47.084761200732707 ], [ 27.834500582453725, 47.085833320281964 ], [ 27.831468193892928, 47.086599126720415 ], [ 27.830605622769991, 47.087111782228149 ], [ 27.829629873528177, 47.088357072321593 ], [ 27.829952082058039, 47.089400009530223 ], [ 27.829601851103231, 47.090064651994417 ], [ 27.827778862573037, 47.091242064945263 ], [ 27.825620693801493, 47.091970566624965 ], [ 27.823078632016891, 47.091610936904445 ], [ 27.821967753842468, 47.090647684981384 ], [ 27.819626731018339, 47.08947218796488 ], [ 27.818457091985678, 47.089397516619691 ], [ 27.817518246647275, 47.090352696147143 ], [ 27.816627221468814, 47.092288788823879 ], [ 27.814632683184396, 47.092744950275623 ], [ 27.814120490441329, 47.093274454149956 ], [ 27.814533236848142, 47.094179114068645 ], [ 27.816907218958708, 47.094658729671309 ], [ 27.816936283209184, 47.095325230727489 ], [ 27.815961499539881, 47.096052402543535 ], [ 27.814341542313109, 47.096404218632472 ], [ 27.811813521921334, 47.09767343781715 ], [ 27.811292020549221, 47.098500228783905 ], [ 27.811326210166449, 47.098743221362128 ], [ 27.815341140531526, 47.099658290933121 ], [ 27.821368765609272, 47.107089797024898 ], [ 27.818709766093637, 47.108578396714279 ], [ 27.82684655059861, 47.118970476465648 ], [ 27.824994655118925, 47.120829317850806 ], [ 27.826106390444888, 47.12134429879719 ], [ 27.827411867579375, 47.120367464640829 ], [ 27.829062248468066, 47.11798887261218 ], [ 27.832868416673971, 47.11567583914875 ], [ 27.835570873612745, 47.114970344230663 ], [ 27.840460242203086, 47.1147572726005 ], [ 27.848843300337258, 47.113218299346237 ], [ 27.854337669067071, 47.112988681324133 ], [ 27.857013718115368, 47.11243441614301 ], [ 27.857243977804654, 47.111963843800886 ], [ 27.856759060639046, 47.111162296485539 ], [ 27.854620050764943, 47.109483278389419 ], [ 27.854212953065854, 47.107890910786111 ], [ 27.85712354264048, 47.10482625512023 ], [ 27.859837718654965, 47.103510563396846 ], [ 27.862468759151355, 47.103445402489371 ], [ 27.863661134027126, 47.103747910250689 ], [ 27.864345123311345, 47.104361862979765 ], [ 27.863434800156053, 47.10698775978171 ], [ 27.863736071095381, 47.107785532011619 ], [ 27.864719028627484, 47.108263406346182 ], [ 27.866383020466795, 47.108289368727071 ], [ 27.868570284341455, 47.107828310947951 ], [ 27.872535015855576, 47.10820215328895 ], [ 27.874686760437132, 47.107896269160022 ], [ 27.875460731898922, 47.106988214356335 ], [ 27.875224237810318, 47.106308937905659 ], [ 27.873750355407854, 47.105026092529187 ], [ 27.871750814350126, 47.104537878795043 ], [ 27.869034795185723, 47.104696889293372 ], [ 27.867990808147507, 47.104495614008755 ], [ 27.86693996531282, 47.103878452800174 ], [ 27.866735476533968, 47.102769710311847 ], [ 27.86742288256864, 47.102221357437131 ], [ 27.868486379457217, 47.102049365387742 ], [ 27.870570680398128, 47.103228539303416 ], [ 27.874115807801314, 47.103166652404845 ], [ 27.876332658326358, 47.102214999395137 ], [ 27.879549220352295, 47.099977423039022 ], [ 27.883622219149789, 47.098932775083149 ], [ 27.883934897497987, 47.098531555464326 ], [ 27.88328966255947, 47.096695638917808 ], [ 27.880181911218397, 47.093962693124254 ], [ 27.879504882585298, 47.092525148170793 ], [ 27.879572226943985, 47.091728927658238 ], [ 27.880264514859292, 47.090985373097844 ], [ 27.881281803885198, 47.090561529711927 ], [ 27.884448622367561, 47.08980508844494 ], [ 27.887180642592867, 47.090520942376912 ], [ 27.888771371687429, 47.090564660534426 ], [ 27.89046438986496, 47.089493391579218 ], [ 27.893933986776425, 47.08626070292221 ], [ 27.895398937801264, 47.084094995172933 ], [ 27.896833784426406, 47.079918609474106 ], [ 27.896859970124879, 47.074553932978226 ], [ 27.897595285437884, 47.073404591049247 ], [ 27.898198116850644, 47.073090775927895 ], [ 27.899748925674913, 47.07315644787856 ], [ 27.901462331285774, 47.074031570887911 ], [ 27.904151962293426, 47.076613839331678 ], [ 27.90517570450147, 47.076920435329868 ], [ 27.906024269044714, 47.076648098840977 ], [ 27.907844078902798, 47.074321841663377 ], [ 27.913869108931291, 47.069991769975111 ], [ 27.916477461078987, 47.0669340116687 ], [ 27.917351331136853, 47.06692522133789 ], [ 27.920041909862327, 47.068172200381575 ], [ 27.922746594493937, 47.067885029546531 ], [ 27.924957906312535, 47.066810755478954 ], [ 27.928666103324893, 47.063494439598919 ], [ 27.931559889336071, 47.062134248262126 ], [ 27.935117164128492, 47.061990752144496 ], [ 27.937762932486333, 47.062568098467061 ], [ 27.939016386868708, 47.063603044194117 ], [ 27.939203456530468, 47.066094771531588 ], [ 27.940698552272476, 47.06592388035601 ], [ 27.944344616265511, 47.060743677933026 ], [ 27.94514160215898, 47.060294508630406 ], [ 27.950795265855813, 47.05966439926717 ], [ 27.956895175367567, 47.058208670978352 ], [ 27.959402244499497, 47.057094726197214 ], [ 27.960289013424411, 47.055731258300675 ], [ 27.960053787290445, 47.05456616528226 ], [ 27.958917155921412, 47.054035635192214 ], [ 27.956236872445217, 47.053783909951719 ], [ 27.951855477241679, 47.054688387390144 ], [ 27.946354862734395, 47.052935370188145 ], [ 27.944250654698052, 47.051547447620891 ], [ 27.943981652747038, 47.050571853416066 ], [ 27.944532674294198, 47.049838632810911 ], [ 27.94632341249277, 47.049500726715287 ], [ 27.949435649030967, 47.047355308548063 ], [ 27.951922012003475, 47.046826864762934 ], [ 27.955627419939624, 47.047531309168235 ], [ 27.95719738930832, 47.048292862584553 ], [ 27.960981622746345, 47.049312191847221 ], [ 27.962891248692294, 47.0495814338949 ], [ 27.964004541760254, 47.049334352175499 ], [ 27.964173613745317, 47.048335421052307 ], [ 27.963315115987307, 47.047381167138809 ], [ 27.961272203490267, 47.046610044708117 ], [ 27.95881204956288, 47.046634457235257 ], [ 27.957892598885163, 47.04593675927066 ], [ 27.958243344644657, 47.042716100586524 ], [ 27.959589826416014, 47.041166223800744 ], [ 27.960358655584461, 47.041020323517451 ], [ 27.960773328161778, 47.041321838168741 ], [ 27.960929318099222, 47.042402196782731 ], [ 27.961712706403905, 47.043044444648871 ], [ 27.963470121031612, 47.0435705113387 ], [ 27.969274687433838, 47.044748413589993 ], [ 27.972668021434643, 47.044575120345016 ], [ 27.974213115909002, 47.044067753155247 ], [ 27.976002487618139, 47.042654968039258 ], [ 27.976291350651191, 47.040014174051514 ], [ 27.97760429736536, 47.037654358848734 ], [ 27.978604193774444, 47.036781966313789 ], [ 27.980162178409824, 47.035750987171561 ], [ 27.984197731742011, 47.034425645412099 ], [ 27.98584138057246, 47.034250312865375 ], [ 27.986864593452616, 47.034493298072583 ] ] ] } },
{ "type": "Feature", "properties": { "siruta_uat": "95239", "canonical_name": "Rediu", "name": "REDIU", "natLevName": "Comuna", "resOfAut": "REDIU", "zmi_member": true, "zmi_role": "comuna", "Shape_Leng": 41601.759360099997, "Shape_Area": 45050579.957400002 }, "geometry": { "type": "Polygon", "coordinates": [ [ [ 27.516041722572425, 47.225352431647465 ], [ 27.52074953368269, 47.225454328318449 ], [ 27.521023073120194, 47.223595957737949 ], [ 27.524177200518356, 47.219538255178641 ], [ 27.526268267124461, 47.214933490571617 ], [ 27.529688376252416, 47.212183015141129 ], [ 27.528452398730021, 47.211464047249912 ], [ 27.527600678538938, 47.21286306376669 ], [ 27.523100399356434, 47.209607177106939 ], [ 27.52372868745989, 47.20843660227289 ], [ 27.525459306610493, 47.206788052985665 ], [ 27.524990613775305, 47.205426096617202 ], [ 27.527145591078948, 47.203881698777238 ], [ 27.527012783967692, 47.202547688790602 ], [ 27.527492471662747, 47.20185071772655 ], [ 27.52669113296038, 47.201026272413394 ], [ 27.526321616695938, 47.199616637235742 ], [ 27.527050998867779, 47.197186373671414 ], [ 27.527681898816319, 47.197359635435802 ], [ 27.5270739291865, 47.196425104153029 ], [ 27.528992796746081, 47.19032165846145 ], [ 27.530543514015164, 47.190349868156382 ], [ 27.531554400273087, 47.186882828871475 ], [ 27.531705107088605, 47.183630433509791 ], [ 27.534015540675878, 47.183904736528774 ], [ 27.536242612973357, 47.176319064328446 ], [ 27.537014391126462, 47.175023499107589 ], [ 27.532201554702649, 47.174732344801157 ], [ 27.532017987407574, 47.176363622363361 ], [ 27.530285691197392, 47.176184272949435 ], [ 27.530222710019601, 47.176473093326564 ], [ 27.528832027325819, 47.1767198149862 ], [ 27.528785623165618, 47.17696972413443 ], [ 27.530268662041948, 47.176820938069767 ], [ 27.530401134897026, 47.177720078663462 ], [ 27.524437930405014, 47.183980911041068 ], [ 27.5226477538837, 47.18641961205833 ], [ 27.519829751366327, 47.189077485419105 ], [ 27.51925833392329, 47.190362136367909 ], [ 27.517741655172085, 47.189917823450273 ], [ 27.516895980520061, 47.191422815567087 ], [ 27.511804877369944, 47.190520060828405 ], [ 27.511023301051654, 47.192921450209212 ], [ 27.505677012865874, 47.192026133650295 ], [ 27.504791024421014, 47.194374108822032 ], [ 27.501010339980688, 47.193786289075902 ], [ 27.500722603423082, 47.194994795378989 ], [ 27.495687617258834, 47.205058210212705 ], [ 27.494254603521107, 47.208934315185004 ], [ 27.492539322259109, 47.209885180258219 ], [ 27.491466530848179, 47.211353374242492 ], [ 27.490628932207891, 47.2107269654418 ], [ 27.489538867228962, 47.210902674179302 ], [ 27.487089643954572, 47.210436932140361 ], [ 27.485249277127838, 47.212605279951163 ], [ 27.481268291973784, 47.213062130927355 ], [ 27.481354562243745, 47.217067943515637 ], [ 27.480989237042227, 47.217852727071012 ], [ 27.479156145264952, 47.217717284140754 ], [ 27.470721102011396, 47.221230771059425 ], [ 27.465575671881613, 47.222543524887676 ], [ 27.457464198233168, 47.225137859673005 ], [ 27.457123927314736, 47.225622552568332 ], [ 27.456242097736361, 47.225676823994981 ], [ 27.455573689195109, 47.226219334369482 ], [ 27.455198239543428, 47.227496878306361 ], [ 27.451447476250532, 47.22810207243537 ], [ 27.44866800015993, 47.227731041839007 ], [ 27.44490963751279, 47.229745427565398 ], [ 27.438313768159123, 47.229330642879887 ], [ 27.43770009920695, 47.229596620551774 ], [ 27.424009600240701, 47.230505649132198 ], [ 27.418991118798999, 47.230715364616877 ], [ 27.415156852655354, 47.230497796415371 ], [ 27.41542099082163, 47.231919120645962 ], [ 27.415004258802792, 47.233663691918899 ], [ 27.412580358172605, 47.238144770487942 ], [ 27.411764563697382, 47.238140289886736 ], [ 27.410466430911836, 47.241194140928322 ], [ 27.409220600216102, 47.242004370624315 ], [ 27.407255143215128, 47.245898238243477 ], [ 27.404731813896412, 47.247704154770325 ], [ 27.404631169842794, 47.248363789685456 ], [ 27.402649309377189, 47.250549459536664 ], [ 27.401096869521481, 47.251333386800333 ], [ 27.398249476020244, 47.255211418098732 ], [ 27.39821260963576, 47.25606873978704 ], [ 27.398762877949491, 47.256680788902095 ], [ 27.398152611169138, 47.259332663859325 ], [ 27.398610526427213, 47.263578119080691 ], [ 27.399976972134706, 47.265337778065387 ], [ 27.407014219922676, 47.269560910124824 ], [ 27.407098623002902, 47.269070674599377 ], [ 27.408876294737947, 47.269074454782086 ], [ 27.410249528858341, 47.268745305473551 ], [ 27.412181418748887, 47.267495192974188 ], [ 27.414536294918882, 47.26862817982289 ], [ 27.41606189776391, 47.266753347229532 ], [ 27.419980209131698, 47.268775535198323 ], [ 27.428413811009662, 47.27140652342699 ], [ 27.433914213260792, 47.274870569843976 ], [ 27.441781570223934, 47.273509753565399 ], [ 27.453065066445486, 47.272641214383718 ], [ 27.46948202508112, 47.273225742700326 ], [ 27.474040498384461, 47.27371031845405 ], [ 27.477622011810329, 47.274498221449441 ], [ 27.479678006305001, 47.271565459212447 ], [ 27.48146378779148, 47.26724293107435 ], [ 27.483031114036979, 47.264602018302398 ], [ 27.475916311248628, 47.262001470387737 ], [ 27.482698381485132, 47.260822294475162 ], [ 27.484988533654501, 47.259830007460891 ], [ 27.48655905469748, 47.259598174872437 ], [ 27.491613133797777, 47.25739186798662 ], [ 27.48946506987766, 47.25498585137867 ], [ 27.490723218509473, 47.253955946963636 ], [ 27.490789916051934, 47.253013595692408 ], [ 27.491450687637244, 47.252745161057447 ], [ 27.491849635579733, 47.252031970094897 ], [ 27.487683980521862, 47.247745499425299 ], [ 27.485514425069876, 47.244732106807383 ], [ 27.491536709798485, 47.242206117007356 ], [ 27.499345104581742, 47.239488382454418 ], [ 27.500491070998883, 47.242072699938475 ], [ 27.500874998561866, 47.242199019577271 ], [ 27.503073017793312, 47.241604086049129 ], [ 27.504234681304663, 47.242536419903196 ], [ 27.504116308705406, 47.244250325530487 ], [ 27.505495069556098, 47.244026787014754 ], [ 27.506865065562554, 47.242590619930738 ], [ 27.509323442712365, 47.237948898690384 ], [ 27.510341156247666, 47.237024180278532 ], [ 27.510527127637165, 47.234789450494553 ], [ 27.512368508154218, 47.231363372850261 ], [ 27.51488777849799, 47.229007788065694 ], [ 27.516041722572425, 47.225352431647465 ] ] ] } },
{ "type": "Feature", "properties": { "siruta_uat": "98738", "canonical_name": "Româneşti", "name": "ROMÂNEŞTI", "natLevName": "Comuna", "resOfAut": "ROMÂNEŞTI", "zmi_member": true, "zmi_role": "comuna", "Shape_Leng": 60474.950889500004, "Shape_Area": 42805476.371399999 }, "geometry": { "type": "Polygon", "coordinates": [ [ [ 27.409081359292447, 47.268990640379016 ], [ 27.407098623002902, 47.269070674599377 ], [ 27.407014219922676, 47.269560910124824 ], [ 27.399976972134706, 47.265337778065387 ], [ 27.398610526427213, 47.263578119080691 ], [ 27.398152611169138, 47.259332663859325 ], [ 27.398762877949491, 47.256680788902095 ], [ 27.39821260963576, 47.25606873978704 ], [ 27.398249476020244, 47.255211418098732 ], [ 27.3999359909748, 47.253180846140928 ], [ 27.400134718979118, 47.252349649480415 ], [ 27.40209030699415, 47.250822244492277 ], [ 27.395450219870366, 47.249095055780856 ], [ 27.393723990418323, 47.250671907455761 ], [ 27.393667142928603, 47.252225393592418 ], [ 27.391227013131157, 47.255402235984526 ], [ 27.390555243408414, 47.256953265709264 ], [ 27.379403198634822, 47.255781825905302 ], [ 27.379184425806546, 47.25301964550836 ], [ 27.378340252260379, 47.251782777294586 ], [ 27.376790929988946, 47.25055466514754 ], [ 27.377536658056115, 47.250192917320533 ], [ 27.377436807533087, 47.249688335079874 ], [ 27.376786374343563, 47.249445571188566 ], [ 27.377907831363462, 47.24789963552098 ], [ 27.382039032964048, 47.233940701612177 ], [ 27.374233550994663, 47.23332648788795 ], [ 27.37073347890982, 47.238395708972291 ], [ 27.364203950221473, 47.237328159270284 ], [ 27.360970566598862, 47.241222355485547 ], [ 27.358293050516252, 47.241117887440076 ], [ 27.357704278455031, 47.240309246260523 ], [ 27.357730101578031, 47.239641082550953 ], [ 27.358096733329226, 47.237577887641976 ], [ 27.360051695387153, 47.233545624793742 ], [ 27.360313262651228, 47.226159757426458 ], [ 27.352945498176503, 47.226521943160108 ], [ 27.353299379957761, 47.231823062356206 ], [ 27.351602657911926, 47.240733655323851 ], [ 27.35081646999436, 47.249744068975957 ], [ 27.350207928443794, 47.252345027483102 ], [ 27.350732181338021, 47.253519696168887 ], [ 27.348729461042808, 47.253672802350756 ], [ 27.344304002213057, 47.250709360673305 ], [ 27.344790181852449, 47.248670971618722 ], [ 27.346228708017097, 47.247461080139352 ], [ 27.345310844220471, 47.247065267511161 ], [ 27.345181429743718, 47.244160647355777 ], [ 27.344758480144041, 47.244085022379465 ], [ 27.342725640192267, 47.246504696557707 ], [ 27.3394803867577, 47.248336911063653 ], [ 27.344218784417681, 47.250778158821319 ], [ 27.348504808462895, 47.253677026573904 ], [ 27.349160935575522, 47.253865192517075 ], [ 27.350765280305605, 47.253610938747343 ], [ 27.356072886569528, 47.258144931919958 ], [ 27.35560358275551, 47.262165324736799 ], [ 27.355583155531303, 47.267754019245743 ], [ 27.3450653556657, 47.26772048600062 ], [ 27.344482255779507, 47.266898900951851 ], [ 27.343244996359509, 47.266915471317802 ], [ 27.342374257569332, 47.263219539600435 ], [ 27.340692627960756, 47.259904161031187 ], [ 27.334792828905513, 47.26106908103143 ], [ 27.328990441706278, 47.247838570766838 ], [ 27.32811773731548, 47.238325099324307 ], [ 27.328916328846955, 47.237015674495836 ], [ 27.327810367716406, 47.236850709734966 ], [ 27.327328084486965, 47.237321450551839 ], [ 27.326831065497412, 47.238998409271019 ], [ 27.325786656376259, 47.240273338052972 ], [ 27.318665628564748, 47.241419204024027 ], [ 27.315828446378571, 47.234293810250747 ], [ 27.305055686775766, 47.238053439348498 ], [ 27.307994280430933, 47.241535798809878 ], [ 27.310822373560612, 47.245996503255682 ], [ 27.308630475259914, 47.262739118997786 ], [ 27.309054656638036, 47.26768984770122 ], [ 27.310037822581691, 47.270106938921558 ], [ 27.309968318541376, 47.27106726936703 ], [ 27.309575145965304, 47.27248133110411 ], [ 27.291531719458689, 47.278399224076921 ], [ 27.291446530389933, 47.280801217306951 ], [ 27.290613034707189, 47.282251834004782 ], [ 27.290108756669458, 47.285754907019275 ], [ 27.290457643486601, 47.287636909158088 ], [ 27.289706155216091, 47.288000779418923 ], [ 27.289231135052756, 47.288775202310873 ], [ 27.288176860620844, 47.289120433092563 ], [ 27.288384723647656, 47.289546333895132 ], [ 27.287925230812114, 47.290672281646472 ], [ 27.286061018309976, 47.292659028927901 ], [ 27.285028026403261, 47.294586967701775 ], [ 27.284580886751993, 47.300483367372138 ], [ 27.29016842777364, 47.301559400895407 ], [ 27.290808319320725, 47.303634714928826 ], [ 27.290746457995485, 47.304453432395462 ], [ 27.289720772030474, 47.304224315995413 ], [ 27.287320237651951, 47.320106437945192 ], [ 27.290475907518555, 47.322503960591931 ], [ 27.299620203001506, 47.322491875963408 ], [ 27.29987981273678, 47.325131398226389 ], [ 27.304685531186017, 47.326901313990433 ], [ 27.310559589879432, 47.321256737013044 ], [ 27.311409772973697, 47.321653537859987 ], [ 27.31444336657869, 47.318821362391432 ], [ 27.310118213818757, 47.316702111817825 ], [ 27.302706270998105, 47.31502370126767 ], [ 27.303377018828609, 47.313430289064222 ], [ 27.30477486750593, 47.311992885392009 ], [ 27.310589657057157, 47.313627456464324 ], [ 27.311706355856998, 47.313313703607633 ], [ 27.313611613070044, 47.311984328673894 ], [ 27.314141506605157, 47.310673675895146 ], [ 27.313938545219184, 47.309641150279937 ], [ 27.314263894353935, 47.30872665575933 ], [ 27.317557063546211, 47.31099300952696 ], [ 27.320057709853799, 47.306533058061369 ], [ 27.322592194400652, 47.307166559540036 ], [ 27.323717244754551, 47.305564687201738 ], [ 27.332882646041845, 47.305463543592047 ], [ 27.333560030547069, 47.306289130667288 ], [ 27.333734632453147, 47.307398384060569 ], [ 27.33843607137425, 47.307084620572574 ], [ 27.334608802007963, 47.300604021098252 ], [ 27.334402009327672, 47.29753546544169 ], [ 27.335589491735963, 47.293503298615107 ], [ 27.334220321183203, 47.293573289951759 ], [ 27.335216629856497, 47.292235628164214 ], [ 27.34097095630888, 47.290401674935495 ], [ 27.343388960612018, 47.290036678029111 ], [ 27.34410404491982, 47.289376794515313 ], [ 27.347635121026538, 47.288694293199946 ], [ 27.350831888699073, 47.279186139206566 ], [ 27.358207685104393, 47.281407217139602 ], [ 27.360659453303747, 47.283460171955774 ], [ 27.362661935923491, 47.284083755533494 ], [ 27.368718294545562, 47.277004861598236 ], [ 27.372986410549498, 47.27972417466264 ], [ 27.371825728427378, 47.281247714568799 ], [ 27.373823118358015, 47.282512412863902 ], [ 27.375202596870484, 47.281365927796514 ], [ 27.376640250677855, 47.282371749923797 ], [ 27.378336970854686, 47.282640706920212 ], [ 27.380343994225104, 47.283733791067398 ], [ 27.379601677423288, 47.284515111654571 ], [ 27.381977409916729, 47.285679906710513 ], [ 27.38197188409314, 47.285044900247328 ], [ 27.382908287066211, 47.285486025684953 ], [ 27.384509950363231, 47.28705154715481 ], [ 27.387936228841955, 47.28149941660989 ], [ 27.390814651403272, 47.279772918409066 ], [ 27.395055975723519, 47.276541886961496 ], [ 27.397793328635839, 47.278406526970223 ], [ 27.397256857621773, 47.278829365007581 ], [ 27.400139805173772, 47.280413783857796 ], [ 27.400767604828044, 47.279869183552627 ], [ 27.403023144556769, 47.280634340399061 ], [ 27.403261991317606, 47.280143393071128 ], [ 27.405432068472951, 47.283009685635584 ], [ 27.410609466893547, 47.280851442244845 ], [ 27.41173254873565, 47.282677609945246 ], [ 27.412509568937484, 47.281130700387294 ], [ 27.41302597699196, 47.277820683190008 ], [ 27.411323548685615, 47.274037373707316 ], [ 27.412724091982746, 47.272939477355479 ], [ 27.413074801302084, 47.271619890630681 ], [ 27.409081359292447, 47.268990640379016 ] ] ] } },
{ "type": "Feature", "properties": { "siruta_uat": "98827", "canonical_name": "Schitu Duca", "name": "SCHITU DUCA", "natLevName": "Comuna", "resOfAut": "SCHITU DUCA", "zmi_member": true, "zmi_role": "comuna", "Shape_Leng": 71390.905158399997, "Shape_Area": 116585636.3 }, "geometry": { "type": "Polygon", "coordinates": [ [ [ 27.738684276339423, 47.079813421328971 ], [ 27.751690826692212, 47.066219665328575 ], [ 27.750893264137087, 47.065528200238269 ], [ 27.749760360671516, 47.065368540038961 ], [ 27.749468324492064, 47.064598827026209 ], [ 27.748717936579038, 47.064093332780409 ], [ 27.747843580400321, 47.064188260588004 ], [ 27.74658046571054, 47.063456005718614 ], [ 27.745495993387884, 47.062097921731251 ], [ 27.746190727979613, 47.061344208252969 ], [ 27.744615049309601, 47.0605264000502 ], [ 27.743487920710361, 47.059407897089919 ], [ 27.743176887104113, 47.059850322174043 ], [ 27.742274411172577, 47.059956181103878 ], [ 27.741344732017843, 47.058833706716868 ], [ 27.740797818289039, 47.058925713324172 ], [ 27.742403556980612, 47.05735885345706 ], [ 27.744447353232307, 47.056666346457398 ], [ 27.748006050606332, 47.05256228004469 ], [ 27.745125468371644, 47.047001793517083 ], [ 27.748773716963949, 47.045938853242554 ], [ 27.751528543004678, 47.045572156343319 ], [ 27.754194001042233, 47.04583079919955 ], [ 27.756944769459171, 47.045727594822544 ], [ 27.757703036285807, 47.046327658568153 ], [ 27.759718475154035, 47.046798212723267 ], [ 27.761888035717138, 47.045362362363818 ], [ 27.762557269581116, 47.045222688561935 ], [ 27.764974889901421, 47.043347547358628 ], [ 27.768492226655031, 47.043709614326517 ], [ 27.769202846782786, 47.043462290672338 ], [ 27.769911181950352, 47.042931592586562 ], [ 27.769417480177491, 47.04255250171807 ], [ 27.769704599350003, 47.042333196472192 ], [ 27.779527558527572, 47.036389388039495 ], [ 27.780030096735423, 47.035685655492223 ], [ 27.781323983287336, 47.035507796502699 ], [ 27.783026758617627, 47.033848225563624 ], [ 27.784175014950435, 47.033438557010442 ], [ 27.787895679754133, 47.035132429915812 ], [ 27.793711789961314, 47.038836837454483 ], [ 27.79440885342429, 47.038687501378973 ], [ 27.794789237903682, 47.03819086214444 ], [ 27.795592272492495, 47.038110068856803 ], [ 27.796074502758515, 47.037553405883301 ], [ 27.796597688854689, 47.037469159118885 ], [ 27.79695244846506, 47.037745216115859 ], [ 27.797224415187387, 47.037448009048582 ], [ 27.799435149579082, 47.03737759442744 ], [ 27.800330329343637, 47.036960482785304 ], [ 27.800904110534393, 47.037647028051431 ], [ 27.801917411737495, 47.038113283481813 ], [ 27.800801046675247, 47.038733469559531 ], [ 27.800279298980346, 47.038473435185828 ], [ 27.799858163759648, 47.038712025317437 ], [ 27.799316438676946, 47.038244704287912 ], [ 27.798552275800144, 47.038128433060884 ], [ 27.795698045273785, 47.03901224553065 ], [ 27.794318451640063, 47.038722799272435 ], [ 27.793792854709363, 47.038925025560189 ], [ 27.79644221199931, 47.040935903596647 ], [ 27.797292054552713, 47.042162194289325 ], [ 27.80021873063156, 47.044281446060097 ], [ 27.801985966620986, 47.045088158858618 ], [ 27.803705079242608, 47.047179214558312 ], [ 27.804925295960302, 47.047566847881868 ], [ 27.807193814203679, 47.04674514092688 ], [ 27.803334936556535, 47.041875339135558 ], [ 27.817386767385209, 47.039821669774469 ], [ 27.817376448878747, 47.039383013901684 ], [ 27.816769820538585, 47.038943726729684 ], [ 27.809709596423598, 47.034262722052439 ], [ 27.804218421438229, 47.032764652671595 ], [ 27.801502870426503, 47.030740409318291 ], [ 27.811587712809509, 47.013335738304548 ], [ 27.809476386063963, 47.012168075457282 ], [ 27.80852737067033, 47.010231362290142 ], [ 27.806798609167917, 47.009184736970411 ], [ 27.806569410307812, 47.008716888460761 ], [ 27.80912766303036, 47.007514066899525 ], [ 27.810377924052126, 47.006465517984232 ], [ 27.8040571647329, 47.003842014049013 ], [ 27.805127049085289, 47.002171903207099 ], [ 27.806687641740314, 47.003065333888266 ], [ 27.809092734111214, 47.002892788707967 ], [ 27.812022024695739, 47.004088687491837 ], [ 27.812810912413234, 47.001585089322091 ], [ 27.811055166290512, 47.000632958021995 ], [ 27.809459639483951, 46.997323443106708 ], [ 27.809731870829367, 46.995343117831531 ], [ 27.811984403749307, 46.995156754794529 ], [ 27.812769558544026, 46.994576279582603 ], [ 27.812577897514345, 46.993169802381779 ], [ 27.811944414582591, 46.992791425559702 ], [ 27.812090158706013, 46.991962957756307 ], [ 27.810349441996816, 46.991164228658448 ], [ 27.809705938961542, 46.990345291105108 ], [ 27.808489212241067, 46.990192205249762 ], [ 27.807904233116759, 46.989532603172222 ], [ 27.808184845789654, 46.98835979986287 ], [ 27.812025776540953, 46.988049616842567 ], [ 27.811196945331023, 46.98401540883421 ], [ 27.812233393798557, 46.977109121794733 ], [ 27.812183660928525, 46.97456820488032 ], [ 27.812817412650613, 46.973400481106161 ], [ 27.812736370775372, 46.972513212435445 ], [ 27.813933509307372, 46.972062041100934 ], [ 27.814121159870883, 46.972676918731757 ], [ 27.8172390178641, 46.972748505860615 ], [ 27.838869380780039, 46.980809301630188 ], [ 27.839499306305889, 46.979844071810916 ], [ 27.844973638117398, 46.976111841639515 ], [ 27.845904061420434, 46.974742695103451 ], [ 27.847704567537917, 46.973210570650544 ], [ 27.848618154212357, 46.971616717185363 ], [ 27.848463352630066, 46.971059492732117 ], [ 27.849872182270534, 46.968713511281386 ], [ 27.849875960708406, 46.966962533417984 ], [ 27.849662063188763, 46.96599777704111 ], [ 27.848287012033015, 46.964206738975932 ], [ 27.848847634742423, 46.959904556665691 ], [ 27.844682453758022, 46.95823956877814 ], [ 27.839836813174237, 46.956743432628642 ], [ 27.839389873544398, 46.960195218288007 ], [ 27.831447501613852, 46.960420618719347 ], [ 27.831456932174234, 46.956403731439956 ], [ 27.830556258056475, 46.956500731726301 ], [ 27.828232157879697, 46.952130259013863 ], [ 27.827092853504428, 46.950938460146808 ], [ 27.826268858166031, 46.946722177907908 ], [ 27.82234166523352, 46.94614614989888 ], [ 27.821242053342758, 46.947393086281359 ], [ 27.818472069775293, 46.946807447387172 ], [ 27.817929909343487, 46.94751142194346 ], [ 27.813407890751808, 46.945935901510346 ], [ 27.811170447277636, 46.945498901909943 ], [ 27.808474381820641, 46.939863295067298 ], [ 27.808784983193735, 46.937882614074731 ], [ 27.808247201035957, 46.936842828329752 ], [ 27.808781551674386, 46.935816742732399 ], [ 27.801832325984382, 46.935488481265651 ], [ 27.801954155148781, 46.938925174313098 ], [ 27.802549530526786, 46.940714078377667 ], [ 27.803126123491086, 46.941287387683836 ], [ 27.802863512244457, 46.944794370858268 ], [ 27.796663694224332, 46.944649157625996 ], [ 27.79705814597185, 46.943439470868753 ], [ 27.796202987731828, 46.943714873549062 ], [ 27.794178571145949, 46.943651881846563 ], [ 27.790349122134447, 46.942098244344699 ], [ 27.787567675857364, 46.946417077352628 ], [ 27.783853681919094, 46.945734209693612 ], [ 27.782564734200957, 46.9466146461248 ], [ 27.781182441212074, 46.948586318994629 ], [ 27.77934258087032, 46.948012967795648 ], [ 27.77281955145396, 46.947122012499818 ], [ 27.770581871958697, 46.947136555308958 ], [ 27.771204479289878, 46.952764448013987 ], [ 27.769399993965326, 46.955360049232596 ], [ 27.768698722297355, 46.955853776789027 ], [ 27.767834832580409, 46.9550567821626 ], [ 27.766534103967608, 46.956305413283161 ], [ 27.764564969365548, 46.956389045138856 ], [ 27.76238361621402, 46.957207603318317 ], [ 27.761823935659333, 46.956965094338265 ], [ 27.759544874244522, 46.957960470779611 ], [ 27.757355541124706, 46.958492442206307 ], [ 27.754808459342723, 46.961227492363903 ], [ 27.75217405664068, 46.966119483089045 ], [ 27.747463340426112, 46.971156306840456 ], [ 27.743398027518431, 46.97291063045607 ], [ 27.74112506068483, 46.972460300665936 ], [ 27.736235629529578, 46.975146273570445 ], [ 27.734225279067143, 46.977282318410779 ], [ 27.729643836117191, 46.979338667346461 ], [ 27.72888930081039, 46.980168315280125 ], [ 27.727786390439295, 46.982998906079715 ], [ 27.726742376215313, 46.984098530853863 ], [ 27.723825616818353, 46.984966006449852 ], [ 27.71992534750153, 46.987415902380889 ], [ 27.718703247414926, 46.988919493733 ], [ 27.718511728654718, 46.990703578687345 ], [ 27.719047037963129, 46.991396494020755 ], [ 27.719063708501196, 46.992819107138047 ], [ 27.718433459906592, 46.993198450013764 ], [ 27.71785661320828, 46.995480566570855 ], [ 27.718693815392449, 46.996176083336259 ], [ 27.719131770422468, 46.999059524070589 ], [ 27.718127003316553, 47.000604741408495 ], [ 27.71550282369218, 47.00174754134121 ], [ 27.713443389328177, 47.00335095839943 ], [ 27.713396491042801, 47.00504810747092 ], [ 27.712239884543258, 47.00702409219106 ], [ 27.712774401553503, 47.00714401295734 ], [ 27.711189914572181, 47.008586349276896 ], [ 27.710484700964955, 47.008925619626538 ], [ 27.707644002624768, 47.00927752786513 ], [ 27.702996493507637, 47.009464874243875 ], [ 27.698971006653359, 47.010493805689691 ], [ 27.696961127338536, 47.012905947373888 ], [ 27.690342583199442, 47.017160737847604 ], [ 27.688956222888699, 47.018677042592998 ], [ 27.68751192708601, 47.021206131295017 ], [ 27.686437440130231, 47.021931194665619 ], [ 27.684136284926751, 47.022192882744442 ], [ 27.681984255732086, 47.021625015606205 ], [ 27.679633997174687, 47.021652121337986 ], [ 27.679337590897241, 47.022437105192168 ], [ 27.675681189282678, 47.025610538580722 ], [ 27.67372356603126, 47.02809607870288 ], [ 27.672689841283905, 47.030373142683217 ], [ 27.670719766251803, 47.032057306371563 ], [ 27.668182911547454, 47.03354471276608 ], [ 27.665037257408997, 47.036027384046974 ], [ 27.65592683422101, 47.039911732810062 ], [ 27.653058805099956, 47.041913344863424 ], [ 27.652289876914178, 47.042956415778313 ], [ 27.65300034502738, 47.043784107309769 ], [ 27.653255974797872, 47.04487878277547 ], [ 27.654755696460171, 47.046507986001856 ], [ 27.654662491239314, 47.047413321882267 ], [ 27.655162069354276, 47.048556991857318 ], [ 27.656060131245205, 47.049816711171758 ], [ 27.657138571259949, 47.049866630404097 ], [ 27.658447232045027, 47.051969174578652 ], [ 27.658665895215474, 47.053020285357945 ], [ 27.65988170710914, 47.053682626014876 ], [ 27.665477630402808, 47.055026444662921 ], [ 27.663601876079973, 47.056369996824507 ], [ 27.664500508330608, 47.057174721516731 ], [ 27.663482911449126, 47.058688721012579 ], [ 27.663639899781927, 47.059450790611692 ], [ 27.663046546967738, 47.06148303392569 ], [ 27.663285147459277, 47.064630516724428 ], [ 27.665300024259473, 47.064940434079126 ], [ 27.664457286026376, 47.066024607571975 ], [ 27.664845216206306, 47.066872077055422 ], [ 27.663717923765457, 47.067909470454246 ], [ 27.662114878652268, 47.070515400163004 ], [ 27.657438538193862, 47.07646736975132 ], [ 27.653134221619677, 47.080159652794237 ], [ 27.650529592111472, 47.083037211904177 ], [ 27.651528048313782, 47.085587736761752 ], [ 27.653143480942333, 47.085578551267467 ], [ 27.654348178445638, 47.086602616274128 ], [ 27.65461938833683, 47.087550302970065 ], [ 27.655121486273107, 47.087530061194968 ], [ 27.655184480557924, 47.087925569511569 ], [ 27.671971310286207, 47.087808242786181 ], [ 27.670879665537747, 47.08906088902453 ], [ 27.679933820404806, 47.095032407777275 ], [ 27.683428278173878, 47.093956735675519 ], [ 27.689272754855438, 47.092797901348199 ], [ 27.693065950642897, 47.091550257086006 ], [ 27.696401569345969, 47.08856284300083 ], [ 27.700454984218432, 47.085925278388913 ], [ 27.703605123261681, 47.085212279703796 ], [ 27.705311866306403, 47.085499790892577 ], [ 27.709139031827423, 47.087254389513205 ], [ 27.709428046799626, 47.088532790069742 ], [ 27.711936148157648, 47.087867493606694 ], [ 27.713415717977441, 47.088025141873032 ], [ 27.716047131531724, 47.087428874915759 ], [ 27.71723554285974, 47.087400925937814 ], [ 27.718698909167721, 47.087861022686916 ], [ 27.719585695381664, 47.087157565534241 ], [ 27.720889397473996, 47.086730012584454 ], [ 27.721661358258121, 47.087129843194909 ], [ 27.723231448227175, 47.087307534370389 ], [ 27.724247709979444, 47.088158893690277 ], [ 27.725966742720267, 47.088663706968809 ], [ 27.72717726134033, 47.088690900761065 ], [ 27.727481738812031, 47.089553639367622 ], [ 27.72912595119907, 47.090241521358273 ], [ 27.73327291550433, 47.085271979618092 ], [ 27.737271506708645, 47.081280597534629 ], [ 27.737704602467108, 47.080217800019575 ], [ 27.738684276339423, 47.079813421328971 ] ] ] } },
{ "type": "Feature", "properties": { "siruta_uat": "98916", "canonical_name": "Scânteia", "name": "SCÂNTEIA", "natLevName": "Comuna", "resOfAut": "SCÂNTEIA", "zmi_member": true, "zmi_role": "comuna", "Shape_Leng": 44309.513257899998, "Shape_Area": 41756138.625399999 }, "geometry": { "type": "Polygon", "coordinates": [ [ [ 27.608659309506496, 46.9706565421791 ], [ 27.608102101108674, 46.965664336876053 ], [ 27.60628326312133, 46.957208134504093 ], [ 27.61669824401222, 46.9499977796618 ], [ 27.609951494408477, 46.94766269560867 ], [ 27.608353739776021, 46.950295111947788 ], [ 27.607554871876651, 46.946446088831607 ], [ 27.60791800826853, 46.945363589790041 ], [ 27.609897219716295, 46.943206413186573 ], [ 27.612777889925781, 46.943217300678846 ], [ 27.616355819055322, 46.941052087616626 ], [ 27.618102753401036, 46.939449476750028 ], [ 27.61804757286416, 46.937726736399426 ], [ 27.617230769941621, 46.935766250494289 ], [ 27.616627815943868, 46.932283714120985 ], [ 27.61570632258638, 46.930092158583697 ], [ 27.61482934560647, 46.929063179356213 ], [ 27.615083977189613, 46.926902458886715 ], [ 27.616494823992948, 46.924577907518028 ], [ 27.620648150406158, 46.924129038729966 ], [ 27.623242945087117, 46.923252885409809 ], [ 27.624609869680707, 46.92320915467306 ], [ 27.628103371197287, 46.923797462761961 ], [ 27.630453336141272, 46.921914623196081 ], [ 27.630849822209484, 46.921228179946802 ], [ 27.630506350610119, 46.92023128049987 ], [ 27.631242893188514, 46.918504659055898 ], [ 27.633333293097319, 46.917765481983764 ], [ 27.634498025516667, 46.916977769044685 ], [ 27.635429704303576, 46.915921548039407 ], [ 27.635856870302305, 46.913971715738178 ], [ 27.63808576079991, 46.912523150560183 ], [ 27.637024365539705, 46.904952301193134 ], [ 27.640396549653111, 46.902516261449264 ], [ 27.642672503077513, 46.901516850448196 ], [ 27.644151185167324, 46.898683404877119 ], [ 27.643870960272267, 46.896327680987206 ], [ 27.643079872014567, 46.895577264459781 ], [ 27.631749258161452, 46.896691525949912 ], [ 27.630995673459065, 46.893921600666587 ], [ 27.626562661949968, 46.893781041784521 ], [ 27.625712368100693, 46.893600529353478 ], [ 27.625544877255855, 46.893165069582217 ], [ 27.623727799451498, 46.892780752231154 ], [ 27.623490309565156, 46.892417525072922 ], [ 27.622216236470539, 46.892366595681345 ], [ 27.621522323128346, 46.891011000015503 ], [ 27.62148331664261, 46.889957932817197 ], [ 27.620850604513233, 46.889662997012493 ], [ 27.615973895251912, 46.889835593785506 ], [ 27.615722777925772, 46.892362019952493 ], [ 27.615012590104513, 46.893257849459808 ], [ 27.612812886609962, 46.893262639211486 ], [ 27.612490973015852, 46.89286233592324 ], [ 27.606810005593815, 46.893349302202537 ], [ 27.609414288117165, 46.889688530472668 ], [ 27.607896966809708, 46.889554119820488 ], [ 27.604203257764734, 46.889949822784352 ], [ 27.605714519164422, 46.886273228052602 ], [ 27.599314418538366, 46.886568102181535 ], [ 27.599302407477662, 46.885704765190752 ], [ 27.597035833077914, 46.885578646485008 ], [ 27.599763665529732, 46.882191593182775 ], [ 27.590688279541318, 46.880621092233937 ], [ 27.591144136184699, 46.878861754686348 ], [ 27.584860336788385, 46.877601499908401 ], [ 27.584024658577661, 46.879915785175569 ], [ 27.584960506446194, 46.881916848469004 ], [ 27.585187720148554, 46.884522554132303 ], [ 27.584704910382502, 46.885724665294482 ], [ 27.58900875061649, 46.886560630484986 ], [ 27.588943358652966, 46.887227801276474 ], [ 27.584259199936898, 46.887960902624165 ], [ 27.584487403746358, 46.888886798326091 ], [ 27.576196233493661, 46.888821202963399 ], [ 27.574868674647909, 46.888492497516843 ], [ 27.570947291336505, 46.888887443300867 ], [ 27.571031863599121, 46.885407923696285 ], [ 27.568206416702594, 46.877439905319243 ], [ 27.567907523647058, 46.878990090994257 ], [ 27.567054111074921, 46.879873335723623 ], [ 27.566874074666561, 46.881062957478974 ], [ 27.565910706017842, 46.881809414111032 ], [ 27.5660147646153, 46.882754128399696 ], [ 27.565557635315123, 46.882946273911749 ], [ 27.565287386177197, 46.884008484789078 ], [ 27.563952221646165, 46.885113241168526 ], [ 27.56353149883282, 46.899443389493428 ], [ 27.564163656917543, 46.905079702004727 ], [ 27.563980847178534, 46.908099401806894 ], [ 27.565255186832719, 46.911366531050916 ], [ 27.564788168273221, 46.912771282163497 ], [ 27.565199810204945, 46.915162239498486 ], [ 27.564225608160005, 46.920453805064355 ], [ 27.553441436108557, 46.917446959042948 ], [ 27.548788803377544, 46.92944664360725 ], [ 27.546617471011782, 46.930759654287201 ], [ 27.541432574237529, 46.936845132840652 ], [ 27.540890174359891, 46.938909715969459 ], [ 27.542377712622915, 46.938744700360232 ], [ 27.543490269829643, 46.938971417803224 ], [ 27.545559319828261, 46.938564427757754 ], [ 27.549105135673678, 46.93864734252552 ], [ 27.549981179979742, 46.938587309616345 ], [ 27.549958027263617, 46.938264696525721 ], [ 27.555957833176922, 46.93790477676017 ], [ 27.555739980031756, 46.939121677573013 ], [ 27.561149111567211, 46.939470026649452 ], [ 27.560668146006101, 46.941895898750452 ], [ 27.564235647076025, 46.942684966186064 ], [ 27.562845877417502, 46.95221269579379 ], [ 27.565783021837902, 46.95240009084435 ], [ 27.566127701512141, 46.953773549055036 ], [ 27.565170715952593, 46.955478023020696 ], [ 27.565433503191553, 46.955909677420784 ], [ 27.564638116139559, 46.956790110307992 ], [ 27.566425428946168, 46.956248914384901 ], [ 27.567813153386254, 46.956166880814756 ], [ 27.567367949191958, 46.957377844139209 ], [ 27.569308188877994, 46.957852970330826 ], [ 27.571087449966374, 46.95966265839543 ], [ 27.572168142114325, 46.959750422395118 ], [ 27.57378679910493, 46.960884535546818 ], [ 27.57484070968253, 46.961066250386857 ], [ 27.573380563986625, 46.958632022951186 ], [ 27.574003270728781, 46.95558595883525 ], [ 27.574727409963248, 46.955606381780193 ], [ 27.575048047057816, 46.953817586380744 ], [ 27.577233148136887, 46.954032806371885 ], [ 27.577263360318607, 46.953222918385151 ], [ 27.579483343384553, 46.952942120931731 ], [ 27.580059601591152, 46.953803063561836 ], [ 27.58188010515827, 46.954583461357991 ], [ 27.582413436240333, 46.956180366088518 ], [ 27.581618333522798, 46.957063585827711 ], [ 27.582194261364201, 46.958721966511298 ], [ 27.58146149202037, 46.960049396357775 ], [ 27.581528750469506, 46.961406258447006 ], [ 27.579627548100486, 46.962177748747628 ], [ 27.580063332469333, 46.962859574469434 ], [ 27.579245431288378, 46.963928222511477 ], [ 27.579747771279855, 46.964059316980112 ], [ 27.579507440644431, 46.964537601721197 ], [ 27.579821360179992, 46.964893871533619 ], [ 27.578440989102333, 46.965565911849822 ], [ 27.578145523806629, 46.966476857774872 ], [ 27.577757491040174, 46.966587185603387 ], [ 27.577862753976422, 46.96725916019971 ], [ 27.577295376324745, 46.967605912355417 ], [ 27.577591994972408, 46.967879104825805 ], [ 27.577287130374728, 46.968199608018665 ], [ 27.577664302194325, 46.968372718239351 ], [ 27.577310085421853, 46.968862055066992 ], [ 27.577808279994027, 46.969194027802388 ], [ 27.577332046374426, 46.969556031126857 ], [ 27.577424516518544, 46.97008649658131 ], [ 27.576650763947594, 46.970490087437128 ], [ 27.577273167144828, 46.97089230073113 ], [ 27.580343045857742, 46.972122571453482 ], [ 27.580496688477425, 46.970873229685765 ], [ 27.583175056814127, 46.968112748559811 ], [ 27.587907526427117, 46.966086636825104 ], [ 27.588645973314886, 46.966276769642015 ], [ 27.591808966332458, 46.969718393710615 ], [ 27.608659309506496, 46.9706565421791 ] ] ] } },
{ "type": "Feature", "properties": { "siruta_uat": "95293", "canonical_name": "Tomeşti", "name": "TOMEŞTI", "natLevName": "Comuna", "resOfAut": "TOMEŞTI", "zmi_member": true, "zmi_role": "comuna", "Shape_Leng": 33271.080727100001, "Shape_Area": 39258014.243900001 }, "geometry": { "type": "Polygon", "coordinates": [ [ [ 27.729278023324095, 47.131544872942484 ], [ 27.742645050417899, 47.127135066394771 ], [ 27.74482130667376, 47.126662264249155 ], [ 27.746071094968915, 47.125592943166218 ], [ 27.747224022934986, 47.12514943018585 ], [ 27.754721487777037, 47.123954514990047 ], [ 27.757841285492727, 47.122633538503017 ], [ 27.761257893105014, 47.121870821058145 ], [ 27.755270194304714, 47.117778234816733 ], [ 27.752803664107802, 47.114624423134075 ], [ 27.75529339168375, 47.113565888425747 ], [ 27.756557801499714, 47.113428421388782 ], [ 27.755972762106008, 47.112922852358466 ], [ 27.757017158114181, 47.11257716238908 ], [ 27.761298743721962, 47.112291502117849 ], [ 27.760689493406829, 47.110225076306328 ], [ 27.759740590220286, 47.109741754473227 ], [ 27.759421892812615, 47.109985546482427 ], [ 27.758773884085134, 47.109786727519605 ], [ 27.757452112144374, 47.109124454429519 ], [ 27.758981981235639, 47.107581631011165 ], [ 27.759869570406945, 47.104349587846045 ], [ 27.762775928014193, 47.104766361789338 ], [ 27.762816199392333, 47.103132238185992 ], [ 27.762571479820323, 47.10266185879297 ], [ 27.761688768985969, 47.102656756608113 ], [ 27.761693181893385, 47.102143873102676 ], [ 27.760733693289406, 47.102116378911425 ], [ 27.760646074333, 47.100406776251937 ], [ 27.760065961435089, 47.099311611040896 ], [ 27.758876665581852, 47.098434361536547 ], [ 27.758272222893119, 47.098651218827889 ], [ 27.75761381495192, 47.098342508705542 ], [ 27.75731993552845, 47.097505829046213 ], [ 27.755201231449565, 47.095841553788802 ], [ 27.757316082338253, 47.093492621691055 ], [ 27.757667698375229, 47.090797201933178 ], [ 27.759575183065987, 47.088302915953875 ], [ 27.751900244633784, 47.087172787578531 ], [ 27.748832407547969, 47.085452407157774 ], [ 27.749720717073892, 47.083632849818017 ], [ 27.749095818695302, 47.083566738142338 ], [ 27.748533262486156, 47.081951189270249 ], [ 27.747822319689689, 47.082027719513746 ], [ 27.747712865730723, 47.081486337100564 ], [ 27.746976751923384, 47.081004578001355 ], [ 27.745721167361879, 47.081259679222001 ], [ 27.744863101606455, 47.079090813472291 ], [ 27.745160931712114, 47.077515607142509 ], [ 27.746700266661531, 47.075789667269383 ], [ 27.746557858801619, 47.074643992811453 ], [ 27.744275850648037, 47.074024655228854 ], [ 27.738684276339423, 47.079813421328971 ], [ 27.737704602467108, 47.080217800019575 ], [ 27.737271506708645, 47.081280597534629 ], [ 27.73327291550433, 47.085271979618092 ], [ 27.72912595119907, 47.090241521358273 ], [ 27.727481738812031, 47.089553639367622 ], [ 27.72717726134033, 47.088690900761065 ], [ 27.725966742720267, 47.088663706968809 ], [ 27.724247709979444, 47.088158893690277 ], [ 27.723231448227175, 47.087307534370389 ], [ 27.721661358258121, 47.087129843194909 ], [ 27.720889397473996, 47.086730012584454 ], [ 27.719585695381664, 47.087157565534241 ], [ 27.718698909167721, 47.087861022686916 ], [ 27.71723554285974, 47.087400925937814 ], [ 27.716047131531724, 47.087428874915759 ], [ 27.713415717977441, 47.088025141873032 ], [ 27.711936148157648, 47.087867493606694 ], [ 27.709428046799626, 47.088532790069742 ], [ 27.709139031827423, 47.087254389513205 ], [ 27.705311866306403, 47.085499790892577 ], [ 27.703605123261681, 47.085212279703796 ], [ 27.700454984218432, 47.085925278388913 ], [ 27.696401569345969, 47.08856284300083 ], [ 27.693065950642897, 47.091550257086006 ], [ 27.689272754855438, 47.092797901348199 ], [ 27.683428278173878, 47.093956735675519 ], [ 27.679950285075478, 47.095008438753553 ], [ 27.681275412012564, 47.095934493709848 ], [ 27.676651401395386, 47.099507303103266 ], [ 27.675045573069678, 47.098269387263926 ], [ 27.674415457790889, 47.09875024905967 ], [ 27.673893336890629, 47.098702150346554 ], [ 27.673837188311452, 47.099606225798034 ], [ 27.67298032261413, 47.099477281231202 ], [ 27.672453840692572, 47.099887282174144 ], [ 27.673121612388034, 47.100671637754985 ], [ 27.673784878595754, 47.10043308772817 ], [ 27.674299555378344, 47.100601176180383 ], [ 27.673658089906642, 47.101005966964713 ], [ 27.674222494911895, 47.101573469012479 ], [ 27.67437242463566, 47.102731128137599 ], [ 27.67142866341268, 47.105901890863272 ], [ 27.670731571532286, 47.107189352341287 ], [ 27.668764605442256, 47.108519417275481 ], [ 27.665455246239379, 47.111862411513613 ], [ 27.664248839285669, 47.114114435335466 ], [ 27.665873268087065, 47.115290527696054 ], [ 27.66452890236101, 47.116174017615812 ], [ 27.662536626321451, 47.116503239195872 ], [ 27.661680941652751, 47.116345527890466 ], [ 27.660234090290281, 47.11689000776596 ], [ 27.658506747937878, 47.118980912317895 ], [ 27.65586368834407, 47.12018124185952 ], [ 27.654145789304238, 47.120550323389502 ], [ 27.65278663647047, 47.121618133723992 ], [ 27.650046759852003, 47.121791498812485 ], [ 27.651011775592156, 47.122959245731074 ], [ 27.649210152154325, 47.123619333127216 ], [ 27.64925408407953, 47.123997386723161 ], [ 27.64979871323299, 47.124194363170588 ], [ 27.649018861059059, 47.125211602773376 ], [ 27.648524134140416, 47.127083633540714 ], [ 27.646529441127598, 47.129269913422661 ], [ 27.645370318467169, 47.1321840939165 ], [ 27.643099670778899, 47.134905043731862 ], [ 27.641705078059321, 47.135754489011546 ], [ 27.638684074607717, 47.136479222687448 ], [ 27.638737659081439, 47.136712220413081 ], [ 27.638305218338662, 47.13675852800111 ], [ 27.638413992433634, 47.137491254040498 ], [ 27.638686806136704, 47.13822878580195 ], [ 27.640473791852376, 47.138249702042899 ], [ 27.641810982659305, 47.137908179344478 ], [ 27.641942523454407, 47.137635040680337 ], [ 27.645225208334011, 47.137432296054627 ], [ 27.645114172826776, 47.139292104377382 ], [ 27.647137969463056, 47.139352599729435 ], [ 27.647026157316652, 47.140345544243161 ], [ 27.660718745633147, 47.140855396224104 ], [ 27.672699786568323, 47.136072720616703 ], [ 27.674601326264007, 47.135583027691702 ], [ 27.674738179815709, 47.13634266847729 ], [ 27.673378628944928, 47.137227892271525 ], [ 27.673673950532368, 47.137565010166675 ], [ 27.677377080770192, 47.139124113903286 ], [ 27.678060944315092, 47.138879334972835 ], [ 27.680556210919129, 47.140058833431738 ], [ 27.681268176902915, 47.139856232277026 ], [ 27.681890783587516, 47.140467193665437 ], [ 27.685765693003713, 47.140507773815145 ], [ 27.689362728499486, 47.13957706094056 ], [ 27.694828312316876, 47.141476732029787 ], [ 27.696936774777562, 47.141004754866216 ], [ 27.700183716837643, 47.141201376188626 ], [ 27.713528033888675, 47.140909498234905 ], [ 27.714637925069646, 47.140707158803494 ], [ 27.729278023324095, 47.131544872942484 ] ] ] } },
{ "type": "Feature", "properties": { "siruta_uat": "96003", "canonical_name": "Ungheni", "name": "UNGHENI", "natLevName": "Comuna", "resOfAut": "BOSIA", "zmi_member": true, "zmi_role": "comuna", "Shape_Leng": 40198.225191899997, "Shape_Area": 46137333.415100001 }, "geometry": { "type": "Polygon", "coordinates": [ [ [ 27.745855701319858, 47.24159652285995 ], [ 27.749317428179321, 47.238553977235085 ], [ 27.752634783336724, 47.237607659597565 ], [ 27.753999786028388, 47.237562918775133 ], [ 27.754936958727793, 47.237936364491787 ], [ 27.757118132108754, 47.240039656703594 ], [ 27.758128921408204, 47.240312378837849 ], [ 27.759123552341883, 47.240013384399468 ], [ 27.758894171046634, 47.237804470414368 ], [ 27.755603898530044, 47.235243036027768 ], [ 27.754153266749288, 47.232979178721052 ], [ 27.754196645068355, 47.230987708716981 ], [ 27.755161360399097, 47.23023469222062 ], [ 27.756501989955616, 47.229828604022657 ], [ 27.758488672107212, 47.229696037624372 ], [ 27.761862526270018, 47.230228554216154 ], [ 27.767249066778071, 47.231596066890162 ], [ 27.769886913470494, 47.231823473770532 ], [ 27.773227466368887, 47.231458722366021 ], [ 27.774676212057088, 47.230784817126214 ], [ 27.775234491457276, 47.230039279998579 ], [ 27.775176027534233, 47.228534382809833 ], [ 27.772527016317305, 47.224602143016831 ], [ 27.769557236036913, 47.222561380760418 ], [ 27.769234226861169, 47.2219183277738 ], [ 27.769648579288798, 47.221300051932907 ], [ 27.773997518770745, 47.220723416607449 ], [ 27.779335359996615, 47.220912144059191 ], [ 27.782182219508222, 47.22056341140118 ], [ 27.784826653005943, 47.219416463480911 ], [ 27.786467527149181, 47.217835928360728 ], [ 27.78565889210541, 47.21441749460773 ], [ 27.779749348566384, 47.209772804980943 ], [ 27.777729500040781, 47.206737516506379 ], [ 27.776916638687407, 47.204516960372722 ], [ 27.777838496485312, 47.203697929635766 ], [ 27.779394746786345, 47.203846480520205 ], [ 27.786918635648558, 47.208015562368644 ], [ 27.78918667752642, 47.208078876867461 ], [ 27.790054839121286, 47.207648106143886 ], [ 27.790661217348017, 47.206502505966775 ], [ 27.787570807283156, 47.202146741234756 ], [ 27.786407007493452, 47.197910758576612 ], [ 27.786541007150742, 47.19434535186452 ], [ 27.786154656412268, 47.191659939613579 ], [ 27.786632448918269, 47.190358444027751 ], [ 27.788254165609231, 47.189089689978317 ], [ 27.789677095703986, 47.188530193927285 ], [ 27.79377559109664, 47.187722329839268 ], [ 27.795778108561173, 47.187894744430658 ], [ 27.798036923859122, 47.188734957318168 ], [ 27.801438799719858, 47.190675153374187 ], [ 27.80217925795618, 47.190630169647477 ], [ 27.802947242563597, 47.189993011323466 ], [ 27.803614863497117, 47.188479071780421 ], [ 27.803323826776719, 47.187266341549822 ], [ 27.798863129708529, 47.181237192726144 ], [ 27.797584820093906, 47.181386397374013 ], [ 27.797033875204036, 47.180167079133462 ], [ 27.78990316328068, 47.181207199965904 ], [ 27.789713158766848, 47.182094448409266 ], [ 27.785902594680604, 47.181738674193127 ], [ 27.786546506593105, 47.177471734708078 ], [ 27.790137850742127, 47.171393231509349 ], [ 27.793025697908977, 47.170147240915327 ], [ 27.796034490157634, 47.167805024862773 ], [ 27.793115317126986, 47.166187807197367 ], [ 27.791592810058138, 47.168540378901341 ], [ 27.784706472327208, 47.16845611463372 ], [ 27.784662783638804, 47.17052815125593 ], [ 27.778587440193636, 47.17319275497001 ], [ 27.775275248700005, 47.173227160135347 ], [ 27.772486914879199, 47.173611254403298 ], [ 27.769089563949649, 47.171223653977279 ], [ 27.766448742897428, 47.172161725304065 ], [ 27.766206641626468, 47.175033004035782 ], [ 27.760364007851862, 47.175396561133454 ], [ 27.760195897539877, 47.177178644806474 ], [ 27.754630916623924, 47.175348900898634 ], [ 27.748957984960608, 47.174290547425372 ], [ 27.745241462633583, 47.173107611285303 ], [ 27.74517892923485, 47.173403432017409 ], [ 27.744534706651901, 47.173302687513953 ], [ 27.743861171154474, 47.173835202896228 ], [ 27.742419782692085, 47.17367681000384 ], [ 27.730864979484213, 47.175944768640925 ], [ 27.728258107440251, 47.176193564973872 ], [ 27.728627386358173, 47.176756025277193 ], [ 27.727383602630432, 47.177162767458668 ], [ 27.727945263853833, 47.178062424167102 ], [ 27.729181196210781, 47.178932018136059 ], [ 27.720045497412148, 47.178620531090338 ], [ 27.7183002416335, 47.181295123290319 ], [ 27.717430816477531, 47.181986657174647 ], [ 27.716925682903021, 47.184011900785443 ], [ 27.706405039974115, 47.179308639322656 ], [ 27.707572209182604, 47.177985294420509 ], [ 27.705278145034438, 47.177769694295641 ], [ 27.70035217130518, 47.183229425152547 ], [ 27.698401198091471, 47.188106883663586 ], [ 27.696008123140114, 47.197637574276357 ], [ 27.685284582579353, 47.195462307931528 ], [ 27.684938576464766, 47.195794745542003 ], [ 27.684929416032812, 47.197417490568846 ], [ 27.684233656392291, 47.198053741991785 ], [ 27.684525530905816, 47.198911848646688 ], [ 27.68350738462275, 47.201401560580891 ], [ 27.68426870237575, 47.203812440128551 ], [ 27.684250408192295, 47.205518029619448 ], [ 27.683622894294992, 47.20715797947426 ], [ 27.68204217938861, 47.208722006230019 ], [ 27.682956599916629, 47.210079074343035 ], [ 27.682891132868772, 47.21055378328996 ], [ 27.682230927656107, 47.21098077762413 ], [ 27.682836864081779, 47.211311905349838 ], [ 27.682840119577424, 47.212455169447765 ], [ 27.681854502761173, 47.213852987770579 ], [ 27.681981793581908, 47.215653381551483 ], [ 27.681141337196362, 47.216454042064115 ], [ 27.681054808756318, 47.217323982472799 ], [ 27.68024171506389, 47.218525432890935 ], [ 27.679384681793088, 47.224042083493693 ], [ 27.67846915558761, 47.225101601442702 ], [ 27.679613122101884, 47.224309305124301 ], [ 27.683211360554061, 47.219842498199796 ], [ 27.689707621681809, 47.220841303650793 ], [ 27.695875296179619, 47.223910396686911 ], [ 27.697603331509338, 47.22410802641285 ], [ 27.697363950899192, 47.224669929998143 ], [ 27.699529200740255, 47.225292244444091 ], [ 27.701277067364398, 47.226560668899651 ], [ 27.719763803842312, 47.233947525877788 ], [ 27.731364464872591, 47.239908618200751 ], [ 27.732177981686341, 47.23969785894451 ], [ 27.73381340720892, 47.240563747246711 ], [ 27.735705957401137, 47.24224752146403 ], [ 27.736391868404514, 47.2424168326569 ], [ 27.738297715733584, 47.242122544441671 ], [ 27.740246748685269, 47.242463427407586 ], [ 27.741732411331789, 47.241440399016277 ], [ 27.745855701319858, 47.24159652285995 ] ] ] } },
{ "type": "Feature", "properties": { "siruta_uat": "100353", "canonical_name": "Valea Lupului", "name": "VALEA LUPULUI", "natLevName": "Comuna", "resOfAut": "VALEA LUPULUI", "zmi_member": true, "zmi_role": "comuna", "Shape_Leng": 18062.1318904, "Shape_Area": 10669794.7092 }, "geometry": { "type": "Polygon", "coordinates": [ [ [ 27.530268662041948, 47.176820938069767 ], [ 27.519111992732491, 47.177774421152684 ], [ 27.520074777039845, 47.172482214691719 ], [ 27.517331608194979, 47.172436300499925 ], [ 27.499574552340079, 47.175014916888934 ], [ 27.48841492569268, 47.177431417035159 ], [ 27.488371867623577, 47.180401471113825 ], [ 27.487944844889856, 47.181694761132711 ], [ 27.481521575471248, 47.186644142975226 ], [ 27.478770271901997, 47.188359245165145 ], [ 27.478143226562196, 47.189577861565276 ], [ 27.470745386730375, 47.210232881930153 ], [ 27.466931040613428, 47.215584425452739 ], [ 27.465573405456354, 47.222562196356421 ], [ 27.470721102011396, 47.221230771059425 ], [ 27.479156145264952, 47.217717284140754 ], [ 27.480989237042227, 47.217852727071012 ], [ 27.481354562243745, 47.217067943515637 ], [ 27.481268291973784, 47.213062130927355 ], [ 27.485249277127838, 47.212605279951163 ], [ 27.487089643954572, 47.210436932140361 ], [ 27.489538867228962, 47.210902674179302 ], [ 27.490628932207891, 47.2107269654418 ], [ 27.491466530848179, 47.211353374242492 ], [ 27.492539322259109, 47.209885180258219 ], [ 27.494254603521107, 47.208934315185004 ], [ 27.495687617258834, 47.205058210212705 ], [ 27.500722603423082, 47.194994795378989 ], [ 27.501010339980688, 47.193786289075902 ], [ 27.504791024421014, 47.194374108822032 ], [ 27.505677012865874, 47.192026133650295 ], [ 27.511023301051654, 47.192921450209212 ], [ 27.511804877369944, 47.190520060828405 ], [ 27.516895980520061, 47.191422815567087 ], [ 27.517741655172085, 47.189917823450273 ], [ 27.51925833392329, 47.190362136367909 ], [ 27.519829751366327, 47.189077485419105 ], [ 27.5226477538837, 47.18641961205833 ], [ 27.524437930405014, 47.183980911041068 ], [ 27.530401134897026, 47.177720078663462 ], [ 27.530268662041948, 47.176820938069767 ] ] ] } },
{ "type": "Feature", "properties": { "siruta_uat": "100004", "canonical_name": "Victoria", "name": "VICTORIA", "natLevName": "Comuna", "resOfAut": "VICTORIA", "zmi_member": true, "zmi_role": "comuna", "Shape_Leng": 65522.076494599998, "Shape_Area": 61540259.680600002 }, "geometry": { "type": "Polygon", "coordinates": [ [ [ 27.667158013372543, 47.303905466963734 ], [ 27.66381714060887, 47.301237675152819 ], [ 27.661377817505922, 47.298684198830387 ], [ 27.657830211886669, 47.293930414994477 ], [ 27.657318102601423, 47.294131771409482 ], [ 27.65467921691118, 47.291335499316453 ], [ 27.651975772960188, 47.287983938605372 ], [ 27.652898613079085, 47.287374032410071 ], [ 27.647667522924195, 47.28143561195207 ], [ 27.644922350304494, 47.279198628102257 ], [ 27.644620429078227, 47.277153479399622 ], [ 27.642877012738495, 47.276992863996412 ], [ 27.64240707707874, 47.276561796320131 ], [ 27.639162127207733, 47.272450297048302 ], [ 27.63830346976804, 47.270411668626387 ], [ 27.63086238609846, 47.264852454532104 ], [ 27.631706351680613, 47.264319911953372 ], [ 27.626807452090695, 47.261490153000551 ], [ 27.626836744688894, 47.260871029269587 ], [ 27.623095906711587, 47.258940686352894 ], [ 27.618412200258788, 47.255954644730146 ], [ 27.618089500095166, 47.256802645663562 ], [ 27.615837318569294, 47.259470844363868 ], [ 27.61535604327419, 47.259614159861712 ], [ 27.585158054912537, 47.258275462075815 ], [ 27.585039025542983, 47.259179825727088 ], [ 27.589375157212128, 47.267677265578058 ], [ 27.588383059727281, 47.267869297110728 ], [ 27.582900101013365, 47.264561955942028 ], [ 27.582967362345173, 47.263295102931046 ], [ 27.581320440794418, 47.26038102621326 ], [ 27.57929917445518, 47.259053304264128 ], [ 27.577579504477011, 47.257037560927003 ], [ 27.572691451243813, 47.258351586663494 ], [ 27.568353765521707, 47.260049122154705 ], [ 27.549293765632985, 47.265944524897733 ], [ 27.54932288691289, 47.267999564908514 ], [ 27.55017533117914, 47.271138300237737 ], [ 27.549818271659866, 47.272157340579611 ], [ 27.55022643866819, 47.274784128274554 ], [ 27.551473543627395, 47.278153781175995 ], [ 27.551449928042992, 47.280799498135806 ], [ 27.548174358393386, 47.280808516304759 ], [ 27.548926831253304, 47.285055290142751 ], [ 27.540087825922001, 47.2855690605302 ], [ 27.543870938869425, 47.290347557826408 ], [ 27.544774441404094, 47.290795356084644 ], [ 27.549937900544741, 47.290234576021206 ], [ 27.551016680321112, 47.295434588919356 ], [ 27.549841338079798, 47.295919199573554 ], [ 27.54909675757235, 47.296972864763681 ], [ 27.54987881331293, 47.298350813533816 ], [ 27.551489707808685, 47.299932943168479 ], [ 27.552920311503197, 47.298419214630172 ], [ 27.555055302354234, 47.299471198338018 ], [ 27.554446423469585, 47.300295314626148 ], [ 27.556570176871205, 47.301854172050149 ], [ 27.555411283274054, 47.302823098713006 ], [ 27.558479228524337, 47.303196816609812 ], [ 27.558416825502153, 47.303526104989508 ], [ 27.559546483161299, 47.303983109064994 ], [ 27.559929610878733, 47.304739896233436 ], [ 27.55956907936347, 47.306256334115687 ], [ 27.562190253547762, 47.307419665228643 ], [ 27.561824504928705, 47.308996981574325 ], [ 27.565047706338376, 47.310425112513229 ], [ 27.56495599333417, 47.310990675170949 ], [ 27.563638771861491, 47.312196703575452 ], [ 27.563564545658327, 47.313299087680839 ], [ 27.566003130824495, 47.31606147725482 ], [ 27.567042330732974, 47.318112220786013 ], [ 27.567860396880103, 47.318869254445097 ], [ 27.571393604264017, 47.319963140825443 ], [ 27.572369985385826, 47.321152867311937 ], [ 27.572127819936611, 47.321723683636641 ], [ 27.571361245451666, 47.321979963625481 ], [ 27.567723854216528, 47.321401038253711 ], [ 27.564333428351144, 47.321493501830886 ], [ 27.563329286357202, 47.321925344566964 ], [ 27.563437188024782, 47.32233025599551 ], [ 27.565690776533767, 47.323634660700769 ], [ 27.56891504993898, 47.327627040216214 ], [ 27.566531946732326, 47.32936130722964 ], [ 27.566585756666598, 47.331351365703284 ], [ 27.556968092627343, 47.331287541191536 ], [ 27.556202375149471, 47.3317603857734 ], [ 27.556165069659443, 47.335554594545734 ], [ 27.56065243835614, 47.335629820576116 ], [ 27.562185773984918, 47.366519955199621 ], [ 27.564449876398701, 47.36778534380673 ], [ 27.560934216095376, 47.373390981726295 ], [ 27.564822514527322, 47.374407298206911 ], [ 27.569570969172332, 47.376964423852009 ], [ 27.569568346821963, 47.375709204066659 ], [ 27.568703197403824, 47.37406720074717 ], [ 27.569022118723314, 47.372900303744053 ], [ 27.570666091359847, 47.372170966398961 ], [ 27.572976335191687, 47.372186500514196 ], [ 27.57450887974106, 47.372787091463536 ], [ 27.577774547499629, 47.375046210683763 ], [ 27.580486083767379, 47.378778955080094 ], [ 27.582144120725623, 47.379122796011714 ], [ 27.583305439483535, 47.378441350650405 ], [ 27.583802582680367, 47.377682581338689 ], [ 27.583308738705416, 47.374814705553007 ], [ 27.580469355981222, 47.373069806140954 ], [ 27.574044543042429, 47.371089554048538 ], [ 27.573137437304588, 47.370091360274273 ], [ 27.573258890860057, 47.36856497402519 ], [ 27.573943915823751, 47.367913667565681 ], [ 27.575832937107993, 47.367501474975576 ], [ 27.578619126024911, 47.368339689199445 ], [ 27.581723201537603, 47.368364650744816 ], [ 27.585450124444197, 47.367090867751138 ], [ 27.588267550632128, 47.364893666136204 ], [ 27.58904225882829, 47.364727652260505 ], [ 27.591587300684466, 47.365579771829317 ], [ 27.593359555692007, 47.366783231481641 ], [ 27.594004735744928, 47.368148307352882 ], [ 27.593330732199764, 47.371035420639018 ], [ 27.593609132967728, 47.37192937977921 ], [ 27.594696258277029, 47.372594798818042 ], [ 27.596338296944957, 47.372526837950112 ], [ 27.5971400847863, 47.371565819600697 ], [ 27.597231804679712, 47.36849687941492 ], [ 27.598274229799159, 47.367888964217201 ], [ 27.60065859286431, 47.36725802556267 ], [ 27.601262734250096, 47.366750252738122 ], [ 27.599520282966356, 47.363618952598941 ], [ 27.599238211903423, 47.360307424757799 ], [ 27.598159977611527, 47.355551170939158 ], [ 27.596543799695045, 47.351827600014708 ], [ 27.594689623524896, 47.348889145618273 ], [ 27.595085876371986, 47.347108828577419 ], [ 27.596378993358048, 47.346150705209034 ], [ 27.598112436549314, 47.346069762672478 ], [ 27.60302559085379, 47.349231320399639 ], [ 27.603861987629951, 47.349556258414225 ], [ 27.605273169422134, 47.349605748215936 ], [ 27.606315682041934, 47.348973318285118 ], [ 27.606892738658427, 47.34569409483376 ], [ 27.606722956878539, 47.344407204007943 ], [ 27.604555512986511, 47.34119362248947 ], [ 27.604691451940461, 47.339748689363354 ], [ 27.605172444919347, 47.339137844338602 ], [ 27.60638229636935, 47.338465291632225 ], [ 27.60869011423868, 47.338446739230776 ], [ 27.610924511174527, 47.33938622257358 ], [ 27.613381899980954, 47.341957370799221 ], [ 27.614277246437641, 47.341948081556104 ], [ 27.614799642677234, 47.341422663691155 ], [ 27.615205214417319, 47.339152038423308 ], [ 27.614788775294809, 47.338302428908101 ], [ 27.60468790301071, 47.332440843974702 ], [ 27.601186876343018, 47.329070731123004 ], [ 27.599493290030875, 47.328572084398097 ], [ 27.597481486938776, 47.329002469172679 ], [ 27.595051196225139, 47.332135907308377 ], [ 27.587060338618404, 47.331946992875849 ], [ 27.583502877426127, 47.331236752657091 ], [ 27.580973210026272, 47.329816689398825 ], [ 27.580508030438672, 47.328315029680468 ], [ 27.581676672552913, 47.327231239723183 ], [ 27.5845588521608, 47.326861875824349 ], [ 27.591240928997021, 47.327774764252993 ], [ 27.593299932933796, 47.32771086993418 ], [ 27.595173646152261, 47.327065423492314 ], [ 27.596582174088805, 47.325940469285328 ], [ 27.59672822375309, 47.324699909096992 ], [ 27.595904965627174, 47.323786691488046 ], [ 27.593031920664099, 47.322514950363349 ], [ 27.592421192252214, 47.321798216226803 ], [ 27.592441224993372, 47.321062906175349 ], [ 27.592991169948036, 47.320186569091142 ], [ 27.596009588564808, 47.317978937264272 ], [ 27.597021566414963, 47.317522010908078 ], [ 27.59955872551344, 47.317082939209051 ], [ 27.601335263782413, 47.317598885772412 ], [ 27.602021689038779, 47.318861679098426 ], [ 27.601512010178453, 47.320284088843984 ], [ 27.599405311472403, 47.322436830933022 ], [ 27.599507498427069, 47.323724744103792 ], [ 27.603597997589201, 47.328076528302219 ], [ 27.604865936250221, 47.328841602407977 ], [ 27.606955383287538, 47.328814079143513 ], [ 27.608797619543701, 47.328180250433334 ], [ 27.610278207291081, 47.326708900943565 ], [ 27.610908034158797, 47.32477377849861 ], [ 27.610455568403989, 47.322710474971586 ], [ 27.605438039007296, 47.318769865063359 ], [ 27.605109728471227, 47.317689792692455 ], [ 27.60592404222297, 47.316963124095068 ], [ 27.609486371955494, 47.317293205492582 ], [ 27.616690511825166, 47.319524522946111 ], [ 27.618194223879332, 47.320821719053228 ], [ 27.620578176556272, 47.325474066496263 ], [ 27.62150719662127, 47.325941088367649 ], [ 27.622298947375374, 47.325817360020594 ], [ 27.625248372013488, 47.322169420807505 ], [ 27.626901796483285, 47.318922574332603 ], [ 27.627429764742079, 47.315023996719745 ], [ 27.627050125775611, 47.311780416327956 ], [ 27.627854792225666, 47.310072331787303 ], [ 27.629520434584574, 47.309341958214929 ], [ 27.630839259292227, 47.309345403432339 ], [ 27.632029487031062, 47.310209385860759 ], [ 27.633096200983093, 47.311784337709248 ], [ 27.634257829981649, 47.312523382917135 ], [ 27.635680193432577, 47.312833957791739 ], [ 27.637201560273034, 47.312496465202265 ], [ 27.638247567675574, 47.311477222922115 ], [ 27.638430068061204, 47.310332899462793 ], [ 27.638123431402736, 47.309754208986831 ], [ 27.632904397076931, 47.304495076283715 ], [ 27.632874964815695, 47.30316407246103 ], [ 27.634218465313669, 47.302313783774196 ], [ 27.641938691434031, 47.301192103382306 ], [ 27.646554635346874, 47.299534105508087 ], [ 27.648353047640132, 47.299582058362489 ], [ 27.648816803939273, 47.300359777676896 ], [ 27.648613854198484, 47.303129408489916 ], [ 27.646182135643901, 47.305944127201677 ], [ 27.646079010616916, 47.306713033694031 ], [ 27.647700611690098, 47.307413844028702 ], [ 27.651750457821823, 47.307978374170823 ], [ 27.65524078566385, 47.307538939049479 ], [ 27.656443676605146, 47.306723029009135 ], [ 27.658129765698895, 47.304831554932711 ], [ 27.660011561000882, 47.304182616526241 ], [ 27.660827129073425, 47.30439788462899 ], [ 27.661245855906905, 47.30485795981425 ], [ 27.662100651600113, 47.307969327452973 ], [ 27.663249237725346, 47.308234638864704 ], [ 27.665183807940391, 47.307219709607288 ], [ 27.666452289706449, 47.305599986733846 ], [ 27.667158013372543, 47.303905466963734 ] ] ] } },
{ "type": "Feature", "properties": { "siruta_uat": "100219", "canonical_name": "Voineşti", "name": "VOINEŞTI", "natLevName": "Comuna", "resOfAut": "VOINEŞTI", "zmi_member": true, "zmi_role": "comuna", "Shape_Leng": 54979.9779366, "Shape_Area": 62897109.3697 }, "geometry": { "type": "Polygon", "coordinates": [ [ [ 27.455409290594574, 47.103046533003393 ], [ 27.455579209491351, 47.102638517500075 ], [ 27.457399451186728, 47.102603229180538 ], [ 27.469279712566067, 47.09704754414529 ], [ 27.473965922435109, 47.096084539002213 ], [ 27.482287740101523, 47.091907739593822 ], [ 27.483306585163081, 47.09168706791781 ], [ 27.486628175169894, 47.088485117806222 ], [ 27.488736794965192, 47.087426489960649 ], [ 27.488836278545055, 47.086646419136265 ], [ 27.489692374879191, 47.085801369104708 ], [ 27.491810166969891, 47.084873409693337 ], [ 27.495454524924803, 47.082431922913443 ], [ 27.482147189172981, 47.078473789912813 ], [ 27.479633222341654, 47.080282766302602 ], [ 27.478342849015608, 47.080806090144826 ], [ 27.475351696593307, 47.079360409330853 ], [ 27.473998276893543, 47.079699334480729 ], [ 27.47293966468234, 47.08035672046578 ], [ 27.472374470390747, 47.079924876698918 ], [ 27.470532143320426, 47.075269303469 ], [ 27.461282346569128, 47.074907172973141 ], [ 27.46063178892172, 47.069739304747657 ], [ 27.45917640399605, 47.063586266794495 ], [ 27.459340874679803, 47.062846941976964 ], [ 27.458856303068362, 47.06230057785708 ], [ 27.45982241219961, 47.060073813449776 ], [ 27.459881530388447, 47.057942266559181 ], [ 27.439730252452492, 47.050504741079557 ], [ 27.440363100981397, 47.049369367227072 ], [ 27.440999462902752, 47.049107187624415 ], [ 27.441000392442895, 47.046724776634811 ], [ 27.437529296185058, 47.045286028493827 ], [ 27.43870896796459, 47.040845941533917 ], [ 27.439980938968588, 47.038049970732011 ], [ 27.440731409338326, 47.03793730796248 ], [ 27.444043030643265, 47.034583998339613 ], [ 27.443777983858332, 47.033835252437449 ], [ 27.442172028129033, 47.033085881518808 ], [ 27.444112039923048, 47.03121764393736 ], [ 27.439778200053237, 47.029259934929073 ], [ 27.439227124591458, 47.028706632605683 ], [ 27.44180219240133, 47.027794138597947 ], [ 27.440277476345337, 47.027257307651169 ], [ 27.43687653203726, 47.027260803742834 ], [ 27.435194734587249, 47.02797202163125 ], [ 27.435482825384373, 47.028759374321261 ], [ 27.434945314475129, 47.029183431017231 ], [ 27.432828741897382, 47.029063495105646 ], [ 27.431401008990004, 47.029635442840068 ], [ 27.43096998585488, 47.030316983518304 ], [ 27.431307833240894, 47.030816582365063 ], [ 27.430051017509768, 47.031544293357967 ], [ 27.42844553099799, 47.02998447713103 ], [ 27.426898060408433, 47.030494238203815 ], [ 27.424461847804302, 47.029926816532871 ], [ 27.42309033611166, 47.030083906432793 ], [ 27.420883359516527, 47.0284615760864 ], [ 27.418572218118573, 47.02784080791595 ], [ 27.417770362418899, 47.027183960646539 ], [ 27.414825454493254, 47.026253848987245 ], [ 27.414931503561, 47.025613795602872 ], [ 27.415370299409819, 47.025512611285208 ], [ 27.41640023822352, 47.025771214086113 ], [ 27.417265481845924, 47.026785594036582 ], [ 27.41933059301547, 47.02675390149718 ], [ 27.420256618016037, 47.027176808597218 ], [ 27.423346558510833, 47.027241199406411 ], [ 27.4239437513443, 47.02750841304335 ], [ 27.424286290788285, 47.027251338250451 ], [ 27.42498883190293, 47.027347604162905 ], [ 27.425131917414014, 47.026978008614222 ], [ 27.426076833054786, 47.027095075445835 ], [ 27.426425807866817, 47.026725848958876 ], [ 27.426785789437979, 47.026785118001605 ], [ 27.427300325534446, 47.026487855785341 ], [ 27.427711180742193, 47.025509363759603 ], [ 27.429791029442946, 47.025310044798438 ], [ 27.43073284481029, 47.024886057945864 ], [ 27.431296262925496, 47.02515084031576 ], [ 27.43201326356693, 47.024926593650434 ], [ 27.43291358671539, 47.024011399047559 ], [ 27.434439533706868, 47.024374097865085 ], [ 27.436653011324275, 47.02433931646722 ], [ 27.440308785489705, 47.023248814568106 ], [ 27.4411039798342, 47.022537560160302 ], [ 27.445777642959527, 47.023416247868077 ], [ 27.448697327591113, 47.022132400096304 ], [ 27.448935492921549, 47.021496373748562 ], [ 27.445173956165949, 47.015322342492176 ], [ 27.441757978302274, 47.014404171674315 ], [ 27.440392949043346, 47.015466807478703 ], [ 27.438022268940262, 47.01607997648572 ], [ 27.436658583198231, 47.014044451438338 ], [ 27.437268192879589, 47.013143199935421 ], [ 27.434959239188284, 47.012548426287466 ], [ 27.434493366283263, 47.01311755855297 ], [ 27.432380120863918, 47.01412247086509 ], [ 27.430470083690565, 47.013294845613579 ], [ 27.428007702833874, 47.014002584162036 ], [ 27.426780548372193, 47.014985376735204 ], [ 27.427310351924181, 47.015693517669213 ], [ 27.425897449621072, 47.016182228725121 ], [ 27.425004211450638, 47.014862721856659 ], [ 27.42182602460721, 47.016185806680795 ], [ 27.419654831438255, 47.016208676479138 ], [ 27.416696666807283, 47.015672580363891 ], [ 27.413587592023759, 47.016524710753579 ], [ 27.409072983796044, 47.017234665725823 ], [ 27.406819148980137, 47.018087172359344 ], [ 27.40668588858496, 47.017906930178562 ], [ 27.400845343580727, 47.019588182173258 ], [ 27.399676727241644, 47.02035873261817 ], [ 27.398245568124246, 47.022169923626059 ], [ 27.396744533645915, 47.022510360754012 ], [ 27.396767850764576, 47.022820986833885 ], [ 27.396312218249207, 47.022910436295099 ], [ 27.397019140353496, 47.023820389316931 ], [ 27.396248020284109, 47.02433014865295 ], [ 27.38532509729264, 47.029376236863634 ], [ 27.384004786121796, 47.027406262632262 ], [ 27.383721827460327, 47.025777280459302 ], [ 27.388448635080508, 47.022825765491923 ], [ 27.388152533072621, 47.022383890255256 ], [ 27.385635501411823, 47.022191663829894 ], [ 27.385263400379486, 47.02150302754886 ], [ 27.385677606737573, 47.020343996924737 ], [ 27.385113420762359, 47.020889252443084 ], [ 27.384181307259272, 47.020502872092869 ], [ 27.380767875650886, 47.021420091547895 ], [ 27.380181924048017, 47.021370909182956 ], [ 27.380196755369727, 47.020683512032619 ], [ 27.379505536346187, 47.020221855243577 ], [ 27.377684904381844, 47.020432180859572 ], [ 27.376871750418601, 47.020839611363492 ], [ 27.377184974693723, 47.021218403921402 ], [ 27.3785210975235, 47.021563005578862 ], [ 27.378054573333557, 47.022245686814379 ], [ 27.37649675421688, 47.021893198034732 ], [ 27.37315203530575, 47.022146638709039 ], [ 27.372024282870264, 47.024137109174397 ], [ 27.370756387935963, 47.023782698378184 ], [ 27.370060831029384, 47.023057003671084 ], [ 27.368328172396673, 47.02477082718729 ], [ 27.367502743294335, 47.027083873755522 ], [ 27.365460345664598, 47.028153061218887 ], [ 27.36498913718648, 47.028093693271167 ], [ 27.364213437655316, 47.027174376550292 ], [ 27.362810721870922, 47.026683706344507 ], [ 27.361627795018872, 47.025518956794969 ], [ 27.358407264489031, 47.029108375044451 ], [ 27.355967992036987, 47.030919801270414 ], [ 27.355088717860351, 47.03316048617036 ], [ 27.351342779741085, 47.034272511928997 ], [ 27.350443466233845, 47.036949590201786 ], [ 27.349198678964104, 47.037937439849522 ], [ 27.347067224604519, 47.042197976250506 ], [ 27.347459100374898, 47.042219861231537 ], [ 27.347292681650782, 47.042809659755456 ], [ 27.344063197822695, 47.043056634287183 ], [ 27.341670243743369, 47.041826555531451 ], [ 27.339966593426993, 47.041453252382283 ], [ 27.338709873425817, 47.041525429580503 ], [ 27.338906062819866, 47.045081853025934 ], [ 27.338121583859166, 47.046203806256969 ], [ 27.337193689925893, 47.049181574210706 ], [ 27.336889505120553, 47.05095203486367 ], [ 27.337274724676497, 47.05171888057874 ], [ 27.336498496856461, 47.053433784393818 ], [ 27.336592636668904, 47.054487754124111 ], [ 27.337456847576078, 47.054789470811095 ], [ 27.338305591306199, 47.054956250080622 ], [ 27.344554597652412, 47.054321689376906 ], [ 27.345440342703959, 47.053184173857233 ], [ 27.345770972212886, 47.051855600252466 ], [ 27.346737058585749, 47.051848283230974 ], [ 27.348181919956666, 47.051267381753782 ], [ 27.349201983492613, 47.051485462542431 ], [ 27.351927120012785, 47.049992294252696 ], [ 27.352564717410672, 47.050157194428714 ], [ 27.35405784847023, 47.052053893392625 ], [ 27.355486692325393, 47.052672479595785 ], [ 27.356301396040255, 47.053574676354593 ], [ 27.357585886064761, 47.054040971880113 ], [ 27.359510720749178, 47.053663192434136 ], [ 27.364264692277136, 47.053776618966694 ], [ 27.367618159880024, 47.053028790679321 ], [ 27.372918627720217, 47.050531610928431 ], [ 27.374131189116149, 47.052472877485599 ], [ 27.376133870960771, 47.053300665559654 ], [ 27.377364069936412, 47.054431330808001 ], [ 27.378676456249035, 47.05492324898232 ], [ 27.381911872810743, 47.055264794828616 ], [ 27.382482377265028, 47.055859436995348 ], [ 27.383532715461062, 47.058467756900015 ], [ 27.383385104454444, 47.060485808475995 ], [ 27.379949468733809, 47.064458778109042 ], [ 27.380104515722035, 47.065007287635027 ], [ 27.381753202003328, 47.066578382057031 ], [ 27.382501245515638, 47.066725390870921 ], [ 27.383116564672243, 47.068534052684548 ], [ 27.37783653660744, 47.071033311271961 ], [ 27.37748267233842, 47.070721815358809 ], [ 27.377415624791027, 47.071270381027837 ], [ 27.378613096028825, 47.073646750405992 ], [ 27.380642585511257, 47.07548474772301 ], [ 27.382983903284906, 47.081095260674665 ], [ 27.385088529795564, 47.082249483203455 ], [ 27.387336905326354, 47.084889254714248 ], [ 27.384666463282926, 47.085921469613758 ], [ 27.380696957170493, 47.086546427857591 ], [ 27.380596098949276, 47.087224586595347 ], [ 27.381175038177599, 47.087660016101829 ], [ 27.381339068125499, 47.088607904125013 ], [ 27.381031293085229, 47.089538943205838 ], [ 27.383449090666158, 47.091021887900361 ], [ 27.386262330901015, 47.094393753309006 ], [ 27.389700616959722, 47.097413311479031 ], [ 27.392395143417989, 47.101126697614063 ], [ 27.393435755792364, 47.103747181792464 ], [ 27.403058378618102, 47.111002145651653 ], [ 27.407817301894639, 47.115186346568457 ], [ 27.411459159260524, 47.112058041989059 ], [ 27.416963023494706, 47.105541943998759 ], [ 27.418880250731711, 47.10778465157248 ], [ 27.420975662004917, 47.106702975018884 ], [ 27.422423044059439, 47.101484323006375 ], [ 27.42670606544894, 47.103822647043295 ], [ 27.431035657579574, 47.106707596389711 ], [ 27.435085836165175, 47.102702310438815 ], [ 27.436295912650337, 47.101897978235549 ], [ 27.443477847505903, 47.100391591661683 ], [ 27.444568646251764, 47.101007772773286 ], [ 27.445682440923772, 47.1000531714933 ], [ 27.455409290594574, 47.103046533003393 ] ] ] } },
{ "type": "Feature", "properties": { "siruta_uat": "99879", "canonical_name": "Ţigănăşi", "name": "ŢIGĂNĂŞI", "natLevName": "Comuna", "resOfAut": "ŢIGĂNĂŞI", "zmi_member": true, "zmi_role": "comuna", "Shape_Leng": 51730.306624199999, "Shape_Area": 64529980.417099997 }, "geometry": { "type": "Polygon", "coordinates": [ [ [ 27.561722366126109, 47.357891903262349 ], [ 27.56065243835614, 47.335629820576116 ], [ 27.556165069659443, 47.335554594545734 ], [ 27.554161500240941, 47.334247564717991 ], [ 27.551006077446235, 47.332981811187643 ], [ 27.550729660466313, 47.330868375430946 ], [ 27.548592504885466, 47.330889501353241 ], [ 27.545023710660093, 47.328655837506844 ], [ 27.5494007635495, 47.328529049512518 ], [ 27.548682338015208, 47.316191817407024 ], [ 27.547303111938362, 47.315959863953459 ], [ 27.544656639898783, 47.316541409950588 ], [ 27.542710777261831, 47.317649904176669 ], [ 27.541446041807074, 47.318848005433154 ], [ 27.539468160613428, 47.319406268847807 ], [ 27.539363741192236, 47.320926610487838 ], [ 27.53874577573734, 47.321326481823192 ], [ 27.536908335839161, 47.320685317641178 ], [ 27.535908493152633, 47.319869011312711 ], [ 27.534268604529601, 47.320487293191334 ], [ 27.532182367987236, 47.320545724629326 ], [ 27.531130911552957, 47.321979858595149 ], [ 27.527474494173649, 47.322278347096159 ], [ 27.522721692191663, 47.320654889377806 ], [ 27.52222475518472, 47.319380297794908 ], [ 27.519623529903999, 47.318582709396551 ], [ 27.516829330320903, 47.316427880704175 ], [ 27.517141318758046, 47.315134155708911 ], [ 27.51675064096629, 47.314375017544634 ], [ 27.512995196337453, 47.313622425544402 ], [ 27.51208675554799, 47.313735213901211 ], [ 27.510823908072787, 47.314405360549223 ], [ 27.508807126367675, 47.314260674218964 ], [ 27.508362822059656, 47.312590623324361 ], [ 27.506284413440913, 47.311512562484026 ], [ 27.505238898467979, 47.311879206818453 ], [ 27.504336181075754, 47.313756850625332 ], [ 27.499182965737397, 47.313271302632273 ], [ 27.497716350842996, 47.313759146658953 ], [ 27.495833210275915, 47.315488448766367 ], [ 27.493954739872706, 47.316291452047118 ], [ 27.490987486949976, 47.316237224152857 ], [ 27.487854292797955, 47.316932637911464 ], [ 27.485185073171447, 47.31642656700393 ], [ 27.483350182777603, 47.31572266124337 ], [ 27.481863877611776, 47.314709578348719 ], [ 27.479310526933716, 47.31387276827008 ], [ 27.476171751750147, 47.31457883754112 ], [ 27.473051845666205, 47.314079649744983 ], [ 27.470269975227563, 47.315267023581391 ], [ 27.465926538441817, 47.315890606271473 ], [ 27.464090659823253, 47.315493696766872 ], [ 27.462907825796183, 47.314188559105176 ], [ 27.462016436537123, 47.313915300120939 ], [ 27.459108824311048, 47.314994741184442 ], [ 27.455742422787946, 47.315428122653366 ], [ 27.449970591775688, 47.31287060169543 ], [ 27.448708746349709, 47.314055492225116 ], [ 27.445947610190196, 47.313968731911061 ], [ 27.444189058442117, 47.315066962836013 ], [ 27.441543562619305, 47.314725997497241 ], [ 27.438903897140793, 47.317105528818274 ], [ 27.436062242315053, 47.317816673545622 ], [ 27.431409686345948, 47.321861670660866 ], [ 27.430368344205355, 47.321587384120249 ], [ 27.426073249026732, 47.324572646021743 ], [ 27.425326942669365, 47.324474703579781 ], [ 27.423897995724236, 47.326099572331309 ], [ 27.420868926610567, 47.325745804445681 ], [ 27.416320546446318, 47.329124004479191 ], [ 27.412755976088313, 47.331200753070384 ], [ 27.391300016621358, 47.34224673805965 ], [ 27.391970004465907, 47.343930234595305 ], [ 27.39036503208477, 47.345524480640464 ], [ 27.389007865992873, 47.346160293124925 ], [ 27.387862801807469, 47.346278828960799 ], [ 27.383881559138452, 47.345724475000608 ], [ 27.382586789842399, 47.346186410935914 ], [ 27.380018792161614, 47.346462569999339 ], [ 27.379067515527193, 47.347846006373842 ], [ 27.37722882721534, 47.347890130528782 ], [ 27.376980304398025, 47.349730010220682 ], [ 27.374482271544611, 47.351679116621845 ], [ 27.37273753280623, 47.352347833819501 ], [ 27.373044652431958, 47.35365627141605 ], [ 27.371532230326991, 47.35484558457911 ], [ 27.376021521102526, 47.359149206168951 ], [ 27.374856615750996, 47.359976324474133 ], [ 27.375570447671919, 47.360984562700757 ], [ 27.372483467734252, 47.365651259553005 ], [ 27.372899551857433, 47.367145595577881 ], [ 27.377141742134725, 47.365896452508387 ], [ 27.383287327094354, 47.372266399089668 ], [ 27.386895773603722, 47.374843901118808 ], [ 27.403695446921319, 47.38315261075865 ], [ 27.405406441916735, 47.384292371211501 ], [ 27.417494946576529, 47.388890723484167 ], [ 27.418512305638224, 47.387406503324328 ], [ 27.418706625839487, 47.385524713422079 ], [ 27.424410959720742, 47.387002623797649 ], [ 27.424598693913307, 47.386557017590889 ], [ 27.430338344354389, 47.388298743801968 ], [ 27.432628702499823, 47.386045826535224 ], [ 27.433208700621972, 47.384107433376037 ], [ 27.435590283094037, 47.383995222924135 ], [ 27.437205774823237, 47.384524810368632 ], [ 27.437129346918613, 47.383005868690113 ], [ 27.438257699758974, 47.382088211761179 ], [ 27.439561094221613, 47.382106296301771 ], [ 27.43998367946892, 47.381717332412272 ], [ 27.439419447740924, 47.379619166329533 ], [ 27.440189962313035, 47.378561127449352 ], [ 27.440689765826988, 47.378717632336937 ], [ 27.440288004760689, 47.379309599521413 ], [ 27.442223725152424, 47.379583864194025 ], [ 27.442537695509404, 47.379302813377073 ], [ 27.442421985499962, 47.37869830796793 ], [ 27.441112556583974, 47.377578953490982 ], [ 27.441707861562573, 47.375702333900044 ], [ 27.444717983050467, 47.373024145259755 ], [ 27.445709809246544, 47.372654190582736 ], [ 27.44768445754379, 47.37251573025334 ], [ 27.449332412824884, 47.370790557733464 ], [ 27.450435503902884, 47.370229801821495 ], [ 27.451036391105156, 47.368700648794082 ], [ 27.448776745242771, 47.367280917905461 ], [ 27.448763256573461, 47.36681325446488 ], [ 27.447942801543682, 47.366695401422248 ], [ 27.447027772193991, 47.366096535250627 ], [ 27.44624597104675, 47.366208213728846 ], [ 27.443836848132666, 47.367704269804456 ], [ 27.44092006976491, 47.369943149394039 ], [ 27.436468084501797, 47.368010733068004 ], [ 27.440910640993422, 47.363463337486827 ], [ 27.434809131973548, 47.361221263579864 ], [ 27.441459662576211, 47.354319456673913 ], [ 27.443072790175844, 47.354114327704977 ], [ 27.445090534268694, 47.353000515950583 ], [ 27.448417226304628, 47.352192295898931 ], [ 27.449418114627861, 47.352024810654449 ], [ 27.453189441664481, 47.35357299340285 ], [ 27.458051188712862, 47.354800831889648 ], [ 27.455232512657858, 47.358395754135714 ], [ 27.457972811417644, 47.359286446147863 ], [ 27.459896550175845, 47.359503717825426 ], [ 27.462513361716638, 47.355532110239594 ], [ 27.46442948477516, 47.353850008490909 ], [ 27.466400302508557, 47.350647642886941 ], [ 27.48192025357331, 47.356530596639317 ], [ 27.485518935550083, 47.358279554235686 ], [ 27.490055646437789, 47.356146732590652 ], [ 27.491472309920432, 47.354919323912469 ], [ 27.497507435837868, 47.358026710585122 ], [ 27.502243908411117, 47.355148863498258 ], [ 27.505916931170351, 47.350543267913395 ], [ 27.508302157565534, 47.351464222724125 ], [ 27.542706920105857, 47.36142947049558 ], [ 27.54346098753118, 47.357566699926956 ], [ 27.542208755920978, 47.354638103462563 ], [ 27.545620429323353, 47.355351249286791 ], [ 27.54748170153611, 47.355338998899889 ], [ 27.548697154074713, 47.355258822650249 ], [ 27.549084015462064, 47.354468731055384 ], [ 27.549540103950097, 47.354472451086593 ], [ 27.550885538133997, 47.354731212154427 ], [ 27.550921516027806, 47.356265244180335 ], [ 27.552348539232582, 47.356272088654528 ], [ 27.554029856824794, 47.353492682952989 ], [ 27.555964073679306, 47.353480278106737 ], [ 27.555977066801237, 47.357939121297441 ], [ 27.561722366126109, 47.357891903262349 ] ] ] } },
{ "type": "Feature", "properties": { "siruta_uat": "99922", "canonical_name": "Ţuţora", "name": "ŢUŢORA", "natLevName": "Comuna", "resOfAut": "ŢUŢORA", "zmi_member": true, "zmi_role": "comuna", "Shape_Leng": 46928.570857, "Shape_Area": 37781595.285499997 }, "geometry": { "type": "Polygon", "coordinates": [ [ [ 27.798863129708529, 47.181237192726144 ], [ 27.797892941291575, 47.179091873264376 ], [ 27.797476274882566, 47.176299918560005 ], [ 27.796123967792717, 47.173648052789567 ], [ 27.795880795740931, 47.172247725891758 ], [ 27.796747774432447, 47.169793283629488 ], [ 27.805369583444421, 47.166024812697074 ], [ 27.807175435362883, 47.165779304974784 ], [ 27.810845483970642, 47.166028816335185 ], [ 27.811229347246673, 47.165617138910541 ], [ 27.811002788462829, 47.163592335548287 ], [ 27.809995154595537, 47.162374977870307 ], [ 27.802066418222225, 47.156711381994661 ], [ 27.801049106761077, 47.155021431318914 ], [ 27.801671323386113, 47.152465776864574 ], [ 27.800394386896993, 47.151487297414235 ], [ 27.798942254496797, 47.151628724166599 ], [ 27.797676611432383, 47.152942287844475 ], [ 27.796313192881108, 47.15341567938048 ], [ 27.78944071200096, 47.15387559117228 ], [ 27.787190689037374, 47.153079829021749 ], [ 27.785006397527592, 47.15105612347682 ], [ 27.784078668321666, 47.149697458332938 ], [ 27.784258186483505, 47.148285021296523 ], [ 27.784827005736048, 47.147620506588083 ], [ 27.786473018593774, 47.14690346235038 ], [ 27.787540754725551, 47.146799233144662 ], [ 27.789495374412272, 47.14739545442346 ], [ 27.79233529302121, 47.149285917375039 ], [ 27.794479650914894, 47.149625796891215 ], [ 27.795507757036404, 47.149315450491379 ], [ 27.797516250376326, 47.147478443399415 ], [ 27.79985043368654, 47.144518166810784 ], [ 27.800187563456429, 47.143378545809782 ], [ 27.799894497943804, 47.142233268097627 ], [ 27.799314220168593, 47.141644827759798 ], [ 27.798652413448032, 47.141358691777931 ], [ 27.797547233275399, 47.141385448309897 ], [ 27.793898477070329, 47.142589389386764 ], [ 27.784034737920553, 47.144683964271458 ], [ 27.781378314863989, 47.144297997231035 ], [ 27.780813294424426, 47.143576749901989 ], [ 27.780886443774666, 47.142619716010721 ], [ 27.782816033780808, 47.141218842476121 ], [ 27.784214972819242, 47.140695594689653 ], [ 27.791246280989888, 47.140094333961855 ], [ 27.800034897202966, 47.138028083903812 ], [ 27.804007387656021, 47.137659256359946 ], [ 27.813141085833074, 47.138211719724929 ], [ 27.816508545189929, 47.138000618206362 ], [ 27.817969259597046, 47.137473576412241 ], [ 27.8206614772579, 47.135589074073998 ], [ 27.823092377038808, 47.135070676540863 ], [ 27.8248775935634, 47.135506240327921 ], [ 27.828439997759514, 47.138255035847713 ], [ 27.829526498109715, 47.138753080035499 ], [ 27.830731181561362, 47.138723579465854 ], [ 27.83162370180991, 47.137937997552655 ], [ 27.829150192008761, 47.135481212348928 ], [ 27.829248838615811, 47.134489758677439 ], [ 27.830622004689182, 47.133370391531152 ], [ 27.833071640772598, 47.132919492274738 ], [ 27.835311186923157, 47.133123567590644 ], [ 27.838339217179826, 47.133895554769573 ], [ 27.840943702247081, 47.135325793630969 ], [ 27.841794560690307, 47.135597080633694 ], [ 27.842724637035221, 47.135508184947632 ], [ 27.849461374332364, 47.131120363273737 ], [ 27.851671434194884, 47.127834133099768 ], [ 27.851272568086237, 47.126156724829379 ], [ 27.849521720287761, 47.123866817475729 ], [ 27.847066675216499, 47.122497839939648 ], [ 27.845055352002191, 47.122435429899447 ], [ 27.844253135438557, 47.122874165552076 ], [ 27.843921822844699, 47.123853691285824 ], [ 27.844076889375938, 47.125500182348866 ], [ 27.84210894641706, 47.128943638968458 ], [ 27.841004363757019, 47.129621623983333 ], [ 27.838698039634274, 47.130082160854954 ], [ 27.837745514317945, 47.129392582769661 ], [ 27.837577839466647, 47.127958949746208 ], [ 27.836627298655703, 47.126514346350504 ], [ 27.833824298425515, 47.124967669162089 ], [ 27.828859206052602, 47.124025584690216 ], [ 27.826195997706407, 47.123161835168645 ], [ 27.825539521552827, 47.122141885597991 ], [ 27.826106390444888, 47.12134429879719 ], [ 27.824994655118925, 47.120829317850806 ], [ 27.82684655059861, 47.118970476465648 ], [ 27.816713050444694, 47.106130453229355 ], [ 27.815213058749805, 47.10513084396031 ], [ 27.814294116093112, 47.105894963149652 ], [ 27.811938284204807, 47.105530800956302 ], [ 27.810584721908402, 47.106094861368341 ], [ 27.808087508492086, 47.106148408624399 ], [ 27.807495185464497, 47.108075530707865 ], [ 27.808400002106993, 47.109656456436724 ], [ 27.807934884586516, 47.111025228848938 ], [ 27.80506370487322, 47.111879054059195 ], [ 27.803952540388917, 47.111331918540138 ], [ 27.803828833767163, 47.109830525340207 ], [ 27.801116510350205, 47.110420941530819 ], [ 27.799191296944894, 47.112087517489215 ], [ 27.798919387213132, 47.113101665091733 ], [ 27.797869854128162, 47.114245347752806 ], [ 27.796961069550452, 47.114788308678932 ], [ 27.79437204885728, 47.115509692513562 ], [ 27.792551825024482, 47.115400854348088 ], [ 27.791903417230333, 47.114152305958136 ], [ 27.789028925946493, 47.113507165125775 ], [ 27.78991626270987, 47.11194472306012 ], [ 27.78952328404127, 47.111198831437434 ], [ 27.788931514910562, 47.111363478401387 ], [ 27.788783839348373, 47.112538395529775 ], [ 27.787585722711501, 47.11285083827309 ], [ 27.785027630288731, 47.110438199032281 ], [ 27.784359933146959, 47.110479237342894 ], [ 27.783555175771372, 47.111193020985795 ], [ 27.782939960512575, 47.110555823244141 ], [ 27.782067182669387, 47.110270104326879 ], [ 27.782031631173453, 47.109646609563335 ], [ 27.780016245502829, 47.106349672137476 ], [ 27.770843602135301, 47.108819676818271 ], [ 27.769200852336667, 47.109568157583936 ], [ 27.767599290661405, 47.111029899942459 ], [ 27.766030527786363, 47.111533351547479 ], [ 27.76261347263479, 47.112268217886161 ], [ 27.757017158114181, 47.11257716238908 ], [ 27.755972762106008, 47.112922852358466 ], [ 27.756557801499714, 47.113428421388782 ], [ 27.75529339168375, 47.113565888425747 ], [ 27.752803664107802, 47.114624423134075 ], [ 27.755270194304714, 47.117778234816733 ], [ 27.761257893105014, 47.121870821058145 ], [ 27.757841285492727, 47.122633538503017 ], [ 27.754721487777037, 47.123954514990047 ], [ 27.746393188830329, 47.125404070279231 ], [ 27.74482130667376, 47.126662264249155 ], [ 27.737454869552138, 47.128864656569412 ], [ 27.737024880701217, 47.130262839976794 ], [ 27.735866170451072, 47.130702383687037 ], [ 27.737309607863061, 47.135935625134316 ], [ 27.737174725810128, 47.136921353323075 ], [ 27.738157726595944, 47.13893766322807 ], [ 27.736885921397242, 47.140969099146787 ], [ 27.733781134654301, 47.149914119433511 ], [ 27.735827649052954, 47.15238504078313 ], [ 27.736550291987911, 47.153846596920147 ], [ 27.74193906699626, 47.159954413817516 ], [ 27.742172593880493, 47.161014402907234 ], [ 27.741177840431789, 47.16173362586553 ], [ 27.741389852456901, 47.162346824482874 ], [ 27.740885147593087, 47.164245927130267 ], [ 27.74157732110276, 47.164981332976481 ], [ 27.743432328186842, 47.164986072362126 ], [ 27.744230417427339, 47.165249908535365 ], [ 27.744993885033786, 47.16685801046939 ], [ 27.744772701331151, 47.168283766863944 ], [ 27.743427060539638, 47.168858904343324 ], [ 27.742923342579452, 47.169546522820426 ], [ 27.743919274210377, 47.172012639265965 ], [ 27.744606261011715, 47.172604710368368 ], [ 27.744534706651901, 47.173302687513953 ], [ 27.74517892923485, 47.173403432017409 ], [ 27.745241462633583, 47.173107611285303 ], [ 27.748957984960608, 47.174290547425372 ], [ 27.754630916623924, 47.175348900898634 ], [ 27.760195897539877, 47.177178644806474 ], [ 27.760364007851862, 47.175396561133454 ], [ 27.766206641626468, 47.175033004035782 ], [ 27.766448742897428, 47.172161725304065 ], [ 27.769089563949649, 47.171223653977279 ], [ 27.772486914879199, 47.173611254403298 ], [ 27.775275248700005, 47.173227160135347 ], [ 27.778587440193636, 47.17319275497001 ], [ 27.784662783638804, 47.17052815125593 ], [ 27.784706472327208, 47.16845611463372 ], [ 27.791592810058138, 47.168540378901341 ], [ 27.793115317126986, 47.166187807197367 ], [ 27.796034490157634, 47.167805024862773 ], [ 27.793025697908977, 47.170147240915327 ], [ 27.790137850742127, 47.171393231509349 ], [ 27.786546506593105, 47.177471734708078 ], [ 27.785902594680604, 47.181738674193127 ], [ 27.789713158766848, 47.182094448409266 ], [ 27.78990316328068, 47.181207199965904 ], [ 27.796442548251459, 47.180164868718634 ], [ 27.797033875204036, 47.180167079133462 ], [ 27.797584820093906, 47.181386397374013 ], [ 27.798863129708529, 47.181237192726144 ] ] ] } }
]
}
